transaction_id,blood_bank_id,blood_group,component_type,transaction_type,units,transaction_timestamp,source_donation_id,source_transfer_id,destination_bank_id,status,issue_id
TXNF3A41BEECA,BB009,A+,RBC,DONATION,3.0,2021-03-17 08:58:00,DONATION0902,,,POSTED,
TXN91DDC67A69,BB018,O+,Platelets,DONATION,1.0,2021-03-17 09:20:00,DONATION0305,,,POSTED,
TXN7151E166F2,BB009,A+,Plasma,DONATION,3.0,2021-03-17 13:45:00,DONATION0902,,,POSTED,
TXND6100DF630,BB018,O+,RBC,DONATION,1.0,2021-03-17 13:52:00,DONATION0305,,,POSTED,
TXN878E10237E,BB009,A+,Platelets,DONATION,3.0,2021-03-17 13:52:00,DONATION0902,,,POSTED,
TXNB2CC4465CE,BB018,O+,Plasma,DONATION,1.0,2021-03-17 15:25:00,DONATION0305,,,POSTED,
TXN37F9A68944,BB009,A+,Plasma,ISSUE,5.0,2021-03-22 09:46:00,,,,POSTED,ISSUEEC61851FF2
TXNAFE2D206BD,BB015,A-,RBC,DONATION,2.0,2021-03-23 09:38:00,DONATION1711,,,POSTED,
TXN7906F876ED,BB015,A-,Plasma,DONATION,2.0,2021-03-23 10:34:00,DONATION1711,,,POSTED,
TXN782DA4F4C8,BB015,A-,Platelets,DONATION,2.0,2021-03-23 13:52:00,DONATION1711,,,POSTED,
TXN9D3546B1A6,BB017,AB-,RBC,DONATION,1.0,2021-03-24 13:16:00,DONATION1426,,,POSTED,
TXNC1E00E7E68,BB017,AB-,Plasma,DONATION,1.0,2021-03-24 16:36:00,DONATION1426,,,POSTED,
TXNCE9F0C2ED5,BB015,A-,Platelets,EXPIRY,1.0,2021-03-28 17:15:00,,,,POSTED,
TXN392B754489,BB015,A-,RBC,ISSUE,1.0,2021-04-02 14:02:00,,,,POSTED,ISSUE774950D57C
TXN70CEA8D4B2,BB017,AB-,RBC,ISSUE,1.0,2021-04-03 08:13:00,,,,POSTED,ISSUEAD1C3889D8
TXN5D067965B9,BB002,O+,RBC,DONATION,1.0,2021-04-06 11:08:00,DONATION0802,,,POSTED,
TXN6DAE7CE557,BB002,O+,Plasma,DONATION,1.0,2021-04-06 11:52:00,DONATION0802,,,POSTED,
TXNA2CB006170,BB002,O+,Platelets,DONATION,1.0,2021-04-06 18:40:00,DONATION0802,,,POSTED,
TXNC89AB2EAD3,BB002,O+,Platelets,EXPIRY,2.0,2021-04-11 18:47:00,,,,POSTED,
TXN95664C369D,BB018,B+,Plasma,DONATION,1.0,2021-04-17 14:02:00,DONATION1434,,,POSTED,
TXN9DEBE2AA79,BB018,B+,Platelets,DONATION,1.0,2021-04-17 16:51:00,DONATION1434,,,POSTED,
TXN7460660AD1,BB018,B+,RBC,DONATION,1.0,2021-04-17 17:26:00,DONATION1434,,,POSTED,
TXN325F1DA5C3,BB018,B+,Platelets,EXPIRY,1.0,2021-04-22 09:40:00,,,,POSTED,
TXNDF9D5542D7,BB009,A+,RBC,EXPIRY,1.0,2021-04-28 13:01:00,,,,POSTED,
TXNB1A9D8C6D5,BB017,AB-,RBC,EXPIRY,1.0,2021-05-05 10:17:00,,,,POSTED,
TXNE3808D2912,BB002,B+,RBC,DONATION,1.0,2021-05-14 08:54:00,DONATION0154,,,POSTED,
TXN0C45AA5301,BB002,B+,Platelets,DONATION,1.0,2021-05-14 14:23:00,DONATION0154,,,POSTED,
TXNFEA7685CBA,BB002,B+,Plasma,DONATION,1.0,2021-05-14 14:52:00,DONATION0154,,,POSTED,
TXNBFD48F4B11,BB002,B+,Plasma,ISSUE,1.0,2021-05-21 15:58:00,,,,POSTED,ISSUE065C1446B8
TXN0E7662B877,BB002,B+,RBC,ISSUE,2.0,2021-05-22 13:20:00,,,,POSTED,ISSUE6564345CCE
TXNF96481ADB5,BB018,O+,RBC,DONATION,2.0,2021-05-23 13:05:00,DONATION1377,,,POSTED,
TXN76B375AB6D,BB018,O+,Plasma,DONATION,2.0,2021-05-23 15:08:00,DONATION1377,,,POSTED,
TXN49AAC4BBE8,BB020,A-,Plasma,DONATION,1.0,2021-05-27 17:02:00,DONATION1824,,,POSTED,
TXNFA8F842907,BB020,A-,RBC,DONATION,1.0,2021-05-27 18:57:00,DONATION1824,,,POSTED,
TXN608EBECE2B,BB011,B+,Plasma,DONATION,1.0,2021-05-30 09:55:00,DONATION1952,,,POSTED,
TXNA6E5F018D2,BB011,B+,RBC,DONATION,1.0,2021-05-30 10:40:00,DONATION1952,,,POSTED,
TXN1CA5A133E1,BB011,B+,Platelets,DONATION,1.0,2021-05-30 13:10:00,DONATION1952,,,POSTED,
TXNEAC78B8E2A,BB011,B+,Platelets,EXPIRY,1.0,2021-06-04 10:09:00,,,,POSTED,
TXN9BABDC8DA2,BB011,B+,RBC,ISSUE,1.0,2021-06-05 11:47:00,,,,POSTED,ISSUE221D3AAAA5
TXN1993A11D62,BB006,O+,RBC,DONATION,1.0,2021-06-05 15:05:00,DONATION0283,,,POSTED,
TXN5825F5A8D5,BB006,O+,Plasma,DONATION,1.0,2021-06-05 18:13:00,DONATION0283,,,POSTED,
TXNA88F75F24C,BB004,A+,Platelets,DONATION,2.0,2021-06-06 12:20:00,DONATION1769,,,POSTED,
TXN54098EBBA8,BB004,A+,RBC,DONATION,2.0,2021-06-06 17:24:00,DONATION1769,,,POSTED,
TXN366E5E765F,BB004,A+,Plasma,DONATION,2.0,2021-06-06 17:43:00,DONATION1769,,,POSTED,
TXN9CCB77E771,BB004,A+,Platelets,EXPIRY,1.0,2021-06-11 12:50:00,,,,POSTED,
TXNA95E7AFDD5,BB013,O-,RBC,DONATION,3.0,2021-06-13 11:17:00,DONATION1023,,,POSTED,
TXNF68928AD16,BB013,O-,Plasma,DONATION,3.0,2021-06-13 14:21:00,DONATION1023,,,POSTED,
TXND9433B2C89,BB008,O+,Platelets,DONATION,1.0,2021-06-21 10:34:00,DONATION0032,,,POSTED,
TXN821462FE85,BB008,O+,Plasma,DONATION,1.0,2021-06-21 17:12:00,DONATION0032,,,POSTED,
TXN5715FACA15,BB008,O+,RBC,DONATION,1.0,2021-06-21 18:32:00,DONATION0032,,,POSTED,
TXN89278BAEBE,BB008,O+,Plasma,ISSUE,6.0,2021-06-24 14:59:00,,,,POSTED,ISSUE58D03F133E
TXNFE7E2280CE,BB008,O+,Platelets,EXPIRY,1.0,2021-06-26 12:38:00,,,,POSTED,
TXN2FB6661912,BB011,A-,RBC,DONATION,1.0,2021-07-03 09:57:00,DONATION0543,,,POSTED,
TXN4E374EF742,BB011,A-,Plasma,DONATION,1.0,2021-07-03 16:28:00,DONATION0543,,,POSTED,
TXNAD88C180D1,BB011,A-,RBC,ISSUE,1.0,2021-07-04 16:06:00,,,,POSTED,ISSUE77A8E54880
TXN32373DC24D,BB009,O+,RBC,DONATION,1.0,2021-07-07 10:15:00,DONATION0143,,,POSTED,
TXN7CBFED347D,BB009,O+,Plasma,DONATION,1.0,2021-07-07 10:30:00,DONATION0143,,,POSTED,
TXNBEBA61C2AE,BB011,B+,RBC,EXPIRY,1.0,2021-07-11 10:46:00,,,,POSTED,
TXN7903914024,BB005,O+,Platelets,DONATION,1.0,2021-07-13 10:05:00,DONATION1956,,,POSTED,
TXN0E47018126,BB005,O+,RBC,DONATION,1.0,2021-07-13 11:53:00,DONATION1956,,,POSTED,
TXN5A2CB380A1,BB005,O+,Plasma,DONATION,1.0,2021-07-13 15:21:00,DONATION1956,,,POSTED,
TXN8917FB221B,BB009,O+,Plasma,ISSUE,4.0,2021-07-14 10:50:00,,,,POSTED,ISSUE0EEA4D4E6C
TXNA39D01AD6E,BB006,O-,RBC,DONATION,1.0,2021-07-15 13:04:00,DONATION0331,,,POSTED,
TXND9275E6814,BB006,O-,Plasma,DONATION,1.0,2021-07-15 14:55:00,DONATION0331,,,POSTED,
TXNA995AA5E67,BB006,O+,RBC,EXPIRY,1.0,2021-07-17 17:02:00,,,,POSTED,
TXN2A3BBE88F5,BB004,A+,RBC,EXPIRY,2.0,2021-07-18 08:35:00,,,,POSTED,
TXN3CF25C2DAF,BB005,O+,Platelets,EXPIRY,1.0,2021-07-18 14:52:00,,,,POSTED,
TXNA724A40878,BB008,AB-,Plasma,DONATION,1.0,2021-07-20 09:59:00,DONATION1829,,,POSTED,
TXNDA3DC148AC,BB008,AB-,RBC,DONATION,1.0,2021-07-20 12:19:00,DONATION1829,,,POSTED,
TXN74FE41368A,BB005,O+,Platelets,ISSUE,2.0,2021-07-23 12:30:00,,,,POSTED,ISSUE990021F15E
TXN147ED77AEA,BB020,O+,Plasma,DONATION,1.0,2021-07-25 10:05:00,DONATION0243,,,POSTED,
TXN00BCC07AAB,BB020,O+,RBC,DONATION,1.0,2021-07-25 10:10:00,DONATION0243,,,POSTED,
TXND7DF7A2C54,BB013,O-,RBC,EXPIRY,1.0,2021-07-25 10:33:00,,,,POSTED,
TXNE090D7BDDC,BB020,O+,Plasma,ISSUE,3.0,2021-07-29 18:30:00,,,,POSTED,ISSUEF0EA548045
TXN14C5498834,BB015,O-,RBC,DONATION,1.0,2021-07-31 08:37:00,DONATION0956,,,POSTED,
TXN0E5EA60678,BB015,O-,Plasma,DONATION,1.0,2021-07-31 16:10:00,DONATION0956,,,POSTED,
TXNFC67DFE914,BB015,O-,Platelets,DONATION,1.0,2021-07-31 18:50:00,DONATION0956,,,POSTED,
TXN99D5CCBEA6,BB006,B-,Plasma,DONATION,1.0,2021-08-02 08:18:00,DONATION0221,,,POSTED,
TXNB9F89D9695,BB006,B-,RBC,DONATION,1.0,2021-08-02 16:17:00,DONATION0221,,,POSTED,
TXN73A8E17C93,BB015,O-,Platelets,ISSUE,1.0,2021-08-03 11:19:00,,,,POSTED,ISSUED7296B360A
TXNF425CAE08A,BB015,O-,Platelets,EXPIRY,1.0,2021-08-05 10:24:00,,,,POSTED,
TXN5D403EC0B2,BB015,O-,Plasma,ISSUE,1.0,2021-08-06 18:15:00,,,,POSTED,ISSUEF83DD48BF6
TXN2960E3EF6D,BB006,B-,RBC,ISSUE,1.0,2021-08-10 14:04:00,,,,POSTED,ISSUE4DA4970457
TXNCFE124713F,BB011,A-,RBC,EXPIRY,1.0,2021-08-14 18:24:00,,,,POSTED,
TXN509AC94A81,BB009,O+,RBC,EXPIRY,2.0,2021-08-18 13:20:00,,,,POSTED,
TXN04D7E1C30F,BB012,O+,Platelets,DONATION,2.0,2021-08-20 11:50:00,DONATION0433,,,POSTED,
TXN3292F86AE2,BB012,O+,Plasma,DONATION,2.0,2021-08-20 13:32:00,DONATION0433,,,POSTED,
TXNADF8EC3543,BB012,O+,RBC,DONATION,2.0,2021-08-20 18:11:00,DONATION0433,,,POSTED,
TXN3ABEB7EFAD,BB009,O+,Plasma,DONATION,1.0,2021-08-22 09:26:00,DONATION0480,,,POSTED,
TXNC94623E42B,BB009,O+,RBC,DONATION,1.0,2021-08-22 13:43:00,DONATION0480,,,POSTED,
TXND21870489F,BB016,O+,Platelets,DONATION,2.0,2021-08-23 09:32:00,DONATION1120,,,POSTED,
TXN0239B99841,BB016,O+,Plasma,DONATION,2.0,2021-08-23 10:28:00,DONATION1120,,,POSTED,
TXND758705F2F,BB016,O+,RBC,DONATION,2.0,2021-08-23 16:56:00,DONATION1120,,,POSTED,
TXN953DC6FA98,BB012,O+,Platelets,ISSUE,3.0,2021-08-25 14:16:00,,,,POSTED,ISSUEF1F50E1512
TXNE17AEAB6E6,BB009,O+,Plasma,ISSUE,2.0,2021-08-25 14:30:00,,,,POSTED,ISSUE1BB78705D4
TXN8410FC92FA,BB006,O-,RBC,EXPIRY,1.0,2021-08-26 14:17:00,,,,POSTED,
TXN60DABB58DF,BB009,O+,RBC,ISSUE,3.0,2021-08-26 17:12:00,,,,POSTED,ISSUE3EB3EDA761
TXN6840013DBB,BB018,O-,Plasma,DONATION,1.0,2021-08-30 13:51:00,DONATION1273,,,POSTED,
TXN8AAE718CA5,BB012,O+,RBC,ISSUE,2.0,2021-08-30 14:52:00,,,,POSTED,ISSUE0AD5A470B3
TXNA6CDB49410,BB018,O-,RBC,DONATION,1.0,2021-08-30 18:48:00,DONATION1273,,,POSTED,
TXN8FD0DF2DEE,BB020,O+,RBC,EXPIRY,3.0,2021-09-05 10:00:00,,,,POSTED,
TXN3AE8DA7562,BB009,O-,RBC,DONATION,3.0,2021-09-08 12:58:00,DONATION1502,,,POSTED,
TXN574CF639A8,BB009,O-,Plasma,DONATION,3.0,2021-09-08 14:45:00,DONATION1502,,,POSTED,
TXN4A92AE0723,BB014,B-,Plasma,DONATION,1.0,2021-09-14 12:17:00,DONATION1712,,,POSTED,
TXNCB2D43377C,BB014,B-,RBC,DONATION,1.0,2021-09-14 18:51:00,DONATION1712,,,POSTED,
TXN0E1595C9F4,BB011,O+,Plasma,DONATION,2.0,2021-09-17 09:09:00,DONATION0264,,,POSTED,
TXN547092C783,BB011,O+,RBC,DONATION,2.0,2021-09-17 09:29:00,DONATION0264,,,POSTED,
TXN5AAA562DA8,BB003,B+,RBC,DONATION,2.0,2021-09-17 16:01:00,DONATION0316,,,POSTED,
TXND6EC99C83D,BB003,B+,Plasma,DONATION,2.0,2021-09-17 17:59:00,DONATION0316,,,POSTED,
TXN373160D7B8,BB014,B-,RBC,ISSUE,1.0,2021-09-20 09:30:00,,,,POSTED,ISSUE1B83838CB2
TXN881E901178,BB009,O+,Plasma,DONATION,1.0,2021-09-20 11:20:00,DONATION1462,,,POSTED,
TXNDC06367C13,BB009,O+,Platelets,DONATION,1.0,2021-09-20 12:17:00,DONATION1462,,,POSTED,
TXNF3DC33592C,BB009,O+,RBC,DONATION,1.0,2021-09-20 12:40:00,DONATION1462,,,POSTED,
TXN30F5A884AC,BB011,O+,Plasma,ISSUE,2.0,2021-09-20 14:07:00,,,,POSTED,ISSUE6F166D6761
TXN1527EF9B33,BB006,B+,RBC,DONATION,2.0,2021-09-20 14:55:00,DONATION1514,,,POSTED,
TXNF818129A2B,BB006,B+,Plasma,DONATION,2.0,2021-09-20 15:57:00,DONATION1514,,,POSTED,
TXN2D5DCF9C64,BB003,B+,RBC,ISSUE,6.0,2021-09-25 17:46:00,,,,POSTED,ISSUEC7F10C5619
TXN23719A9B20,BB016,AB-,Plasma,DONATION,1.0,2021-09-28 09:21:00,DONATION0833,,,POSTED,
TXNC1A5A79999,BB017,O+,RBC,DONATION,1.0,2021-09-28 09:59:00,DONATION1228,,,POSTED,
TXN2F785629C0,BB016,AB-,Platelets,DONATION,1.0,2021-09-28 10:10:00,DONATION0833,,,POSTED,
TXN54CD2E8AF4,BB017,O+,Platelets,DONATION,1.0,2021-09-28 14:33:00,DONATION1228,,,POSTED,
TXN935367F24E,BB016,AB-,RBC,DONATION,1.0,2021-09-28 14:37:00,DONATION0833,,,POSTED,
TXN820155F397,BB017,O+,Plasma,DONATION,1.0,2021-09-28 15:35:00,DONATION1228,,,POSTED,
TXN2F6A13F1FF,BB017,O+,Plasma,ISSUE,1.0,2021-09-29 15:17:00,,,,POSTED,ISSUE1F3D5B96BD
TXN5EEA5990B3,BB016,AB-,Platelets,ISSUE,1.0,2021-10-01 13:56:00,,,,POSTED,ISSUE0A83617C88
TXN99B60CFE18,BB016,AB-,Platelets,EXPIRY,1.0,2021-10-03 10:36:00,,,,POSTED,
TXNED0AAFBF4F,BB017,O+,RBC,ISSUE,2.0,2021-10-06 15:00:00,,,,POSTED,ISSUECF3CC01314
TXNFA913DFDE0,BB018,O-,RBC,EXPIRY,1.0,2021-10-11 10:59:00,,,,POSTED,
TXNE2FBEB2205,BB009,O-,RBC,EXPIRY,1.0,2021-10-20 13:35:00,,,,POSTED,
TXNFAD54579F1,BB014,O+,Plasma,DONATION,2.0,2021-10-21 10:50:00,DONATION1613,,,POSTED,
TXN3BFF095D8D,BB014,O+,Platelets,DONATION,2.0,2021-10-21 16:07:00,DONATION1613,,,POSTED,
TXND68A11C0DD,BB014,O+,RBC,DONATION,2.0,2021-10-21 16:11:00,DONATION1613,,,POSTED,
TXN13A56D3EDD,BB014,B-,RBC,EXPIRY,1.0,2021-10-26 17:07:00,,,,POSTED,
TXN0A86D674DA,BB018,AB-,Plasma,DONATION,1.0,2021-10-28 12:18:00,DONATION0073,,,POSTED,
TXN9E610EB7EB,BB018,AB-,RBC,DONATION,1.0,2021-10-28 16:09:00,DONATION0073,,,POSTED,
TXNBDC1FAB504,BB014,O+,Plasma,ISSUE,1.0,2021-10-29 15:11:00,,,,POSTED,ISSUE4E4B2C7011
TXN274DA974AC,BB003,B+,RBC,EXPIRY,1.0,2021-10-29 18:54:00,,,,POSTED,
TXN03360A6C1E,BB017,O+,RBC,EXPIRY,1.0,2021-11-09 13:20:00,,,,POSTED,
TXNF641408C86,BB004,A+,Platelets,DONATION,1.0,2021-11-18 10:12:00,DONATION1404,,,POSTED,
TXNF7796BADB2,BB004,A+,RBC,DONATION,1.0,2021-11-18 15:18:00,DONATION1404,,,POSTED,
TXN7F29372742,BB004,A+,Plasma,DONATION,1.0,2021-11-18 18:11:00,DONATION1404,,,POSTED,
TXN09CBD353D2,BB009,A-,Plasma,DONATION,2.0,2021-11-27 11:50:00,DONATION1243,,,POSTED,
TXNC98113C02C,BB009,A-,RBC,DONATION,2.0,2021-11-27 12:38:00,DONATION1243,,,POSTED,
TXN38CF51E934,BB009,A-,Platelets,DONATION,2.0,2021-11-27 13:12:00,DONATION1243,,,POSTED,
TXN7F92F71F27,BB006,A+,Plasma,DONATION,1.0,2021-12-02 08:02:00,DONATION1764,,,POSTED,
TXN24BE8B3780,BB009,A-,RBC,ISSUE,2.0,2021-12-02 12:11:00,,,,POSTED,ISSUE5FB36804C7
TXN49E8296A48,BB012,O+,RBC,DONATION,1.0,2021-12-02 12:32:00,DONATION0103,,,POSTED,
TXN2C9C88E1F8,BB012,O+,Plasma,DONATION,1.0,2021-12-02 12:42:00,DONATION0103,,,POSTED,
TXN2348C1CA83,BB012,O+,Platelets,DONATION,1.0,2021-12-02 14:44:00,DONATION0103,,,POSTED,
TXN550FCE308F,BB015,A+,RBC,DONATION,2.0,2021-12-02 15:01:00,DONATION0140,,,POSTED,
TXN15C9DEA775,BB006,A+,RBC,DONATION,1.0,2021-12-02 15:29:00,DONATION1764,,,POSTED,
TXNB1362A9E6B,BB015,A+,Plasma,DONATION,2.0,2021-12-02 16:03:00,DONATION0140,,,POSTED,
TXNE12E30C431,BB009,A-,Platelets,EXPIRY,1.0,2021-12-02 18:53:00,,,,POSTED,
TXNFC0893A1DD,BB006,A+,Platelets,DONATION,1.0,2021-12-02 18:55:00,DONATION1764,,,POSTED,
TXN6E09D46202,BB012,O+,RBC,ISSUE,2.0,2021-12-04 09:11:00,,,,POSTED,ISSUE606723940D
TXNB192DB6BD5,BB015,B+,RBC,DONATION,1.0,2021-12-08 13:47:00,DONATION1225,,,POSTED,
TXN792AA43FCB,BB015,B+,Plasma,DONATION,1.0,2021-12-08 17:33:00,DONATION1225,,,POSTED,
TXNB28DA36C7A,BB020,B+,RBC,DONATION,2.0,2021-12-09 10:12:00,DONATION1694,,,POSTED,
TXN9942E366BA,BB020,B+,Plasma,DONATION,2.0,2021-12-09 10:53:00,DONATION1694,,,POSTED,
TXN712E8752C5,BB020,B+,Platelets,DONATION,2.0,2021-12-09 16:31:00,DONATION1694,,,POSTED,
TXNFE1740550E,BB003,B+,Plasma,DONATION,1.0,2021-12-13 13:00:00,DONATION1924,,,POSTED,
TXN165A895F2B,BB003,B+,RBC,DONATION,1.0,2021-12-13 14:03:00,DONATION1924,,,POSTED,
TXN6338090605,BB003,B+,Platelets,DONATION,1.0,2021-12-13 14:26:00,DONATION1924,,,POSTED,
TXNCBF2F6816B,BB020,B+,Platelets,EXPIRY,1.0,2021-12-14 15:57:00,,,,POSTED,
TXN2B78AA7D3A,BB001,B-,RBC,DONATION,1.0,2021-12-15 08:46:00,DONATION0639,,,POSTED,
TXNAFA05D79D0,BB001,B-,Platelets,DONATION,1.0,2021-12-15 12:53:00,DONATION0639,,,POSTED,
TXND90730F9EC,BB001,B-,Plasma,DONATION,1.0,2021-12-15 15:45:00,DONATION0639,,,POSTED,
TXN3FD0764B35,BB001,B-,Platelets,ISSUE,1.0,2021-12-21 18:03:00,,,,POSTED,ISSUE8DF6C07912
TXN8AF2A8C917,BB009,A-,Plasma,DONATION,1.0,2021-12-29 08:48:00,DONATION1978,,,POSTED,
TXNBB8F60C799,BB009,A-,RBC,DONATION,1.0,2021-12-29 13:07:00,DONATION1978,,,POSTED,
TXNC6B7F60B20,BB009,A-,RBC,ISSUE,1.0,2022-01-03 18:29:00,,,,POSTED,ISSUE54935EC610
TXN1DB231B1CF,BB015,A+,RBC,EXPIRY,2.0,2022-01-13 10:03:00,,,,POSTED,
TXND24513DD3F,BB011,O+,Plasma,DONATION,1.0,2022-01-16 13:14:00,DONATION0254,,,POSTED,
TXN6821C9D584,BB011,O+,RBC,DONATION,1.0,2022-01-16 17:51:00,DONATION0254,,,POSTED,
TXNFEBBE6B9A3,BB011,O+,RBC,ISSUE,4.0,2022-01-18 14:45:00,,,,POSTED,ISSUEDCBCE1F509
TXNA7F24316FF,BB020,B+,RBC,EXPIRY,1.0,2022-01-20 15:17:00,,,,POSTED,
TXN288DD60321,BB007,O-,RBC,DONATION,2.0,2022-01-26 16:12:00,DONATION0005,,,POSTED,
TXN5BC1F17007,BB007,O-,Plasma,DONATION,2.0,2022-01-26 18:44:00,DONATION0005,,,POSTED,
TXN83C4A205B0,BB007,O-,Plasma,ISSUE,1.0,2022-01-31 14:25:00,,,,POSTED,ISSUE405B47A5C9
TXN86DFEFCBF1,BB002,B+,Plasma,DONATION,1.0,2022-02-01 14:02:00,DONATION1401,,,POSTED,
TXNBC588CDDC7,BB002,B+,RBC,DONATION,1.0,2022-02-01 14:35:00,DONATION1401,,,POSTED,
TXN8E6C6DFA12,BB007,O-,RBC,ISSUE,1.0,2022-02-02 11:16:00,,,,POSTED,ISSUE994B69F9C5
TXNEC0216D371,BB004,O+,RBC,DONATION,1.0,2022-02-07 10:46:00,DONATION0588,,,POSTED,
TXN04D4A75272,BB004,O+,Plasma,DONATION,1.0,2022-02-07 16:31:00,DONATION0588,,,POSTED,
TXNEA0067369F,BB004,O+,Platelets,DONATION,1.0,2022-02-07 16:41:00,DONATION0588,,,POSTED,
TXN638A3AED96,BB005,B+,RBC,DONATION,1.0,2022-02-09 10:09:00,DONATION0124,,,POSTED,
TXNACAB23D55D,BB005,B+,Plasma,DONATION,1.0,2022-02-09 11:24:00,DONATION0124,,,POSTED,
TXN3EA207473A,BB014,O-,RBC,DONATION,1.0,2022-02-09 11:27:00,DONATION0717,,,POSTED,
TXNDDC3675533,BB014,O-,Plasma,DONATION,1.0,2022-02-09 18:05:00,DONATION0717,,,POSTED,
TXNAC616CFB1D,BB002,B+,Plasma,ISSUE,1.0,2022-02-10 10:18:00,,,,POSTED,ISSUE422723C799
TXNF2F24A2012,BB004,O+,RBC,ISSUE,2.0,2022-02-15 15:48:00,,,,POSTED,ISSUE77142719A6
TXN576B685A7D,BB003,O-,RBC,DONATION,1.0,2022-02-19 10:11:00,DONATION0824,,,POSTED,
TXNA76FBC8E9C,BB003,O-,Plasma,DONATION,1.0,2022-02-19 11:37:00,DONATION0824,,,POSTED,
TXN3E63620992,BB003,O-,Platelets,DONATION,1.0,2022-02-19 13:58:00,DONATION0824,,,POSTED,
TXNEF5FA18642,BB016,O+,RBC,DONATION,1.0,2022-02-20 10:45:00,DONATION0835,,,POSTED,
TXNC227110082,BB016,O+,Plasma,DONATION,1.0,2022-02-20 16:44:00,DONATION0835,,,POSTED,
TXN16F5F404D7,BB003,O-,Plasma,ISSUE,2.0,2022-02-23 11:25:00,,,,POSTED,ISSUECF39325938
TXN05E77E02DA,BB016,O+,RBC,ISSUE,2.0,2022-02-24 08:49:00,,,,POSTED,ISSUEDA337CD736
TXN649992C8A9,BB003,O-,Platelets,EXPIRY,1.0,2022-02-24 15:45:00,,,,POSTED,
TXN291477FD27,BB006,A-,RBC,DONATION,2.0,2022-02-25 10:30:00,DONATION0988,,,POSTED,
TXNBEF1A9A597,BB017,A+,RBC,DONATION,1.0,2022-02-25 12:46:00,DONATION1100,,,POSTED,
TXN14F2245A00,BB006,A-,Plasma,DONATION,2.0,2022-02-25 15:07:00,DONATION0988,,,POSTED,
TXN67004B7069,BB017,A+,Plasma,DONATION,1.0,2022-02-25 18:04:00,DONATION1100,,,POSTED,
TXN3AB4F0DCF9,BB020,B-,Plasma,DONATION,1.0,2022-02-28 15:57:00,DONATION0040,,,POSTED,
TXNF9EB7E7256,BB020,B-,RBC,DONATION,1.0,2022-02-28 18:23:00,DONATION0040,,,POSTED,
TXN1886221851,BB017,A+,Plasma,ISSUE,2.0,2022-03-01 13:29:00,,,,POSTED,ISSUE2384972934
TXNCE0C635A55,BB017,A+,RBC,ISSUE,1.0,2022-03-04 14:01:00,,,,POSTED,ISSUE5FDC143079
TXN2515F3A850,BB019,B-,RBC,DONATION,1.0,2022-03-08 11:33:00,DONATION1248,,,POSTED,
TXN816D1A17FE,BB019,B-,Plasma,DONATION,1.0,2022-03-08 17:51:00,DONATION1248,,,POSTED,
TXNE1229389BD,BB007,O-,RBC,EXPIRY,1.0,2022-03-09 12:55:00,,,,POSTED,
TXN136F46CB09,BB020,B-,RBC,ISSUE,1.0,2022-03-10 12:10:00,,,,POSTED,ISSUE5B1E202BB7
TXN38600B03F7,BB003,O+,Platelets,DONATION,1.0,2022-03-12 10:43:00,DONATION1609,,,POSTED,
TXN36A5F0E892,BB003,O+,Plasma,DONATION,1.0,2022-03-12 12:03:00,DONATION1609,,,POSTED,
TXNE43960EBE0,BB003,O+,RBC,DONATION,1.0,2022-03-12 18:13:00,DONATION1609,,,POSTED,
TXN1D6F24F5B9,BB010,O-,RBC,DONATION,3.0,2022-03-14 09:33:00,DONATION0442,,,POSTED,
TXNB98F04CAFB,BB010,O-,Plasma,DONATION,3.0,2022-03-14 10:19:00,DONATION0442,,,POSTED,
TXN527EDECC17,BB010,O-,Platelets,DONATION,3.0,2022-03-14 13:59:00,DONATION0442,,,POSTED,
TXN74D4B9DDFE,BB011,B+,Platelets,DONATION,1.0,2022-03-16 11:55:00,DONATION0576,,,POSTED,
TXN37440801B5,BB011,B+,RBC,DONATION,1.0,2022-03-16 17:46:00,DONATION0576,,,POSTED,
TXNC2D1EDBD34,BB011,B+,Plasma,DONATION,1.0,2022-03-16 18:35:00,DONATION0576,,,POSTED,
TXNC85A06D0FF,BB003,O+,Platelets,EXPIRY,1.0,2022-03-17 11:41:00,,,,POSTED,
TXN9135CE9D66,BB010,O-,RBC,ISSUE,1.0,2022-03-17 12:49:00,,,,POSTED,ISSUE1D2FEC08E4
TXN9B428EE008,BB019,B-,RBC,ISSUE,2.0,2022-03-18 12:12:00,,,,POSTED,ISSUE6B322D54B9
TXNDEBFA1A0B6,BB010,O-,Platelets,EXPIRY,1.0,2022-03-19 10:13:00,,,,POSTED,
TXN006B4A1A50,BB003,O+,RBC,ISSUE,1.0,2022-03-19 12:34:00,,,,POSTED,ISSUECD7DF5F1E8
TXN6A95E73F65,BB004,O+,RBC,EXPIRY,2.0,2022-03-21 13:58:00,,,,POSTED,
TXNE7DC8AC2B4,BB014,O-,RBC,EXPIRY,1.0,2022-03-23 13:22:00,,,,POSTED,
TXNB7A2D9CB6D,BB009,O+,Plasma,DONATION,2.0,2022-03-28 08:16:00,DONATION0868,,,POSTED,
TXNE7AF7D158A,BB009,O+,RBC,DONATION,2.0,2022-03-28 10:28:00,DONATION0868,,,POSTED,
TXN858190FE43,BB009,O+,Platelets,DONATION,2.0,2022-03-28 12:14:00,DONATION0868,,,POSTED,
TXN5BB79066F5,BB011,AB-,Plasma,DONATION,1.0,2022-04-02 08:59:00,DONATION1846,,,POSTED,
TXNBD40355E88,BB011,AB-,RBC,DONATION,1.0,2022-04-02 11:01:00,DONATION1846,,,POSTED,
TXN4EDEE79E4F,BB011,AB-,Plasma,ISSUE,1.0,2022-04-03 18:23:00,,,,POSTED,ISSUE6D5B23CFC7
TXN4A0B29B9BA,BB009,O+,Platelets,ISSUE,3.0,2022-04-04 10:23:00,,,,POSTED,ISSUE19F8DF10D3
TXNFB9538252D,BB011,AB-,RBC,ISSUE,1.0,2022-04-10 15:10:00,,,,POSTED,ISSUE5398AF875C
TXNEC4FE1D1AE,BB019,A+,Plasma,DONATION,1.0,2022-04-11 08:35:00,DONATION0116,,,POSTED,
TXN31E3818177,BB019,A+,Platelets,DONATION,1.0,2022-04-11 09:29:00,DONATION0116,,,POSTED,
TXNC0B76F498F,BB019,A+,RBC,DONATION,1.0,2022-04-11 16:29:00,DONATION0116,,,POSTED,
TXNBC9E97F879,BB019,A+,Platelets,EXPIRY,1.0,2022-04-16 10:30:00,,,,POSTED,
TXN1494735A04,BB018,B+,Plasma,EXPIRY,1.0,2022-04-17 08:23:00,,,,POSTED,
TXN1AD439F467,BB019,AB+,RBC,DONATION,2.0,2022-04-21 14:22:00,DONATION1141,,,POSTED,
TXNCC85597FEF,BB019,AB+,Plasma,DONATION,2.0,2022-04-21 17:51:00,DONATION1141,,,POSTED,
TXN3D542CBB47,BB016,O+,Platelets,DONATION,1.0,2022-04-25 09:28:00,DONATION0427,,,POSTED,
TXNF758E14DDB,BB016,O+,Plasma,DONATION,1.0,2022-04-25 15:12:00,DONATION0427,,,POSTED,
TXNFF1AC5B5C4,BB016,O+,RBC,DONATION,1.0,2022-04-25 17:18:00,DONATION0427,,,POSTED,
TXN1FDB04632A,BB007,A+,RBC,DONATION,2.0,2022-04-28 09:21:00,DONATION1962,,,POSTED,
TXN7A8034EF07,BB007,A+,Plasma,DONATION,2.0,2022-04-28 13:25:00,DONATION1962,,,POSTED,
TXN584AF805F3,BB019,AB+,Plasma,ISSUE,1.0,2022-04-30 09:20:00,,,,POSTED,ISSUE13BC356644
TXNA994449DB7,BB014,A+,RBC,DONATION,3.0,2022-05-01 08:46:00,DONATION1626,,,POSTED,
TXN816A847B4C,BB014,A+,Plasma,DONATION,3.0,2022-05-01 14:47:00,DONATION1626,,,POSTED,
TXNC97DB3F75F,BB016,O+,Plasma,ISSUE,4.0,2022-05-03 13:02:00,,,,POSTED,ISSUE5275DCD487
TXNDDE9625E8D,BB016,O+,RBC,ISSUE,2.0,2022-05-03 15:33:00,,,,POSTED,ISSUE996FBD48E9
TXN7A815A7AE4,BB002,O+,RBC,DONATION,1.0,2022-05-04 09:45:00,DONATION0592,,,POSTED,
TXN74AB9B4104,BB002,O+,Plasma,DONATION,1.0,2022-05-04 10:00:00,DONATION0592,,,POSTED,
TXNA14933CA7C,BB001,A+,Platelets,DONATION,1.0,2022-05-04 13:44:00,DONATION1821,,,POSTED,
TXN3478945EC2,BB001,A+,RBC,DONATION,1.0,2022-05-04 14:16:00,DONATION1821,,,POSTED,
TXN759424A23E,BB002,O+,Platelets,DONATION,1.0,2022-05-04 15:23:00,DONATION0592,,,POSTED,
TXN63983F56FD,BB001,A+,Plasma,DONATION,1.0,2022-05-04 17:03:00,DONATION1821,,,POSTED,
TXN5E952E3109,BB011,A-,RBC,DONATION,3.0,2022-05-06 09:10:00,DONATION1301,,,POSTED,
TXN1915A92DE1,BB011,A-,Plasma,DONATION,3.0,2022-05-06 10:35:00,DONATION1301,,,POSTED,
TXNA818082DE3,BB011,A-,Platelets,DONATION,3.0,2022-05-06 13:42:00,DONATION1301,,,POSTED,
TXN8C474724DB,BB002,O+,RBC,ISSUE,3.0,2022-05-06 17:25:00,,,,POSTED,ISSUEBE1E60A7D3
TXNEE6C7D42B4,BB002,O+,Platelets,ISSUE,2.0,2022-05-09 15:41:00,,,,POSTED,ISSUE33403090C3
TXN5375DFF607,BB001,A+,Plasma,ISSUE,1.0,2022-05-11 10:42:00,,,,POSTED,ISSUE7D5E2E0C4D
TXN227FF645A9,BB011,A-,Platelets,EXPIRY,1.0,2022-05-11 12:29:00,,,,POSTED,
TXN3A8C416FF7,BB016,O-,RBC,DONATION,2.0,2022-05-11 16:52:00,DONATION0596,,,POSTED,
TXNBF5891E54D,BB016,O-,Plasma,DONATION,2.0,2022-05-11 18:27:00,DONATION0596,,,POSTED,
TXN7425A20119,BB016,O-,Plasma,ISSUE,1.0,2022-05-14 10:54:00,,,,POSTED,ISSUEBCC772A82E
TXNA953971CB0,BB002,A+,RBC,DONATION,1.0,2022-05-17 13:14:00,DONATION0141,,,POSTED,
TXNBE09464C65,BB002,A+,Plasma,DONATION,1.0,2022-05-17 18:04:00,DONATION0141,,,POSTED,
TXN494776CEC3,BB015,A+,RBC,DONATION,1.0,2022-05-21 09:25:00,DONATION1810,,,POSTED,
TXN5B76D975AC,BB015,A+,Plasma,DONATION,1.0,2022-05-21 10:15:00,DONATION1810,,,POSTED,
TXNFD882F75E1,BB015,A+,Platelets,DONATION,1.0,2022-05-21 16:59:00,DONATION1810,,,POSTED,
TXN3CA1F74A3C,BB017,O-,RBC,DONATION,1.0,2022-05-23 11:34:00,DONATION1345,,,POSTED,
TXN8FD20F7530,BB017,O-,Platelets,DONATION,1.0,2022-05-23 15:39:00,DONATION1345,,,POSTED,
TXN4C23A7C38A,BB017,O-,Plasma,DONATION,1.0,2022-05-23 16:48:00,DONATION1345,,,POSTED,
TXN21A74A71B3,BB002,A+,RBC,ISSUE,2.0,2022-05-25 18:27:00,,,,POSTED,ISSUE0AEA7E3822
TXN07F0746225,BB015,A+,RBC,ISSUE,2.0,2022-05-26 16:50:00,,,,POSTED,ISSUEE25702FB78
TXN390EE3E49C,BB014,O+,RBC,DONATION,1.0,2022-05-27 08:21:00,DONATION1538,,,POSTED,
TXNFE4EA753E6,BB014,O+,Plasma,DONATION,1.0,2022-05-27 09:09:00,DONATION1538,,,POSTED,
TXNFBA527C3A1,BB015,A+,Platelets,ISSUE,3.0,2022-05-28 11:15:00,,,,POSTED,ISSUE37CEDFD976
TXNB628F50701,BB002,O+,RBC,DONATION,2.0,2022-05-28 13:56:00,DONATION1321,,,POSTED,
TXNC85737027B,BB002,O+,Plasma,DONATION,2.0,2022-05-28 14:26:00,DONATION1321,,,POSTED,
TXNA20EE6630F,BB017,O-,Platelets,EXPIRY,1.0,2022-05-28 15:48:00,,,,POSTED,
TXNE060949A5E,BB017,O-,Platelets,ISSUE,1.0,2022-05-29 18:44:00,,,,POSTED,ISSUEC70A9F13EF
TXNEF769B769E,BB017,O-,Plasma,ISSUE,1.0,2022-05-30 09:11:00,,,,POSTED,ISSUECA7C0A9B12
TXN3E817046DF,BB011,B+,Plasma,EXPIRY,2.0,2022-05-30 18:43:00,,,,POSTED,
TXN4E695ED47C,BB007,O+,RBC,DONATION,1.0,2022-06-01 12:31:00,DONATION1584,,,POSTED,
TXN2641D0DD91,BB017,O-,RBC,ISSUE,1.0,2022-06-01 14:08:00,,,,POSTED,ISSUE5F98F49348
TXNE984250076,BB008,B-,Plasma,DONATION,1.0,2022-06-01 15:09:00,DONATION0474,,,POSTED,
TXN46DC7010F3,BB008,B-,RBC,DONATION,1.0,2022-06-01 15:33:00,DONATION0474,,,POSTED,
TXNAF9554751D,BB007,O+,Plasma,DONATION,1.0,2022-06-01 16:53:00,DONATION1584,,,POSTED,
TXNDE0CE44DD0,BB019,AB+,RBC,EXPIRY,1.0,2022-06-02 13:32:00,,,,POSTED,
TXN85D3E8FA99,BB009,O+,Plasma,DONATION,2.0,2022-06-03 09:29:00,DONATION0113,,,POSTED,
TXN3681B3F9EA,BB008,A+,Plasma,DONATION,1.0,2022-06-03 11:14:00,DONATION1376,,,POSTED,
TXN3D9841EE00,BB008,A+,RBC,DONATION,1.0,2022-06-03 11:38:00,DONATION1376,,,POSTED,
TXNE5229EAFA2,BB002,O+,RBC,ISSUE,3.0,2022-06-03 11:44:00,,,,POSTED,ISSUE6DFCDECFBC
TXN58FB6EDE70,BB009,O+,RBC,DONATION,2.0,2022-06-03 17:54:00,DONATION0113,,,POSTED,
TXNE22E42466E,BB009,O+,Platelets,DONATION,2.0,2022-06-03 18:36:00,DONATION0113,,,POSTED,
TXN84F80F2177,BB014,O+,RBC,ISSUE,3.0,2022-06-04 16:49:00,,,,POSTED,ISSUE173DA03CE5
TXN38F40D3129,BB015,A+,RBC,DONATION,1.0,2022-06-06 10:42:00,DONATION0563,,,POSTED,
TXNEF5F352C3D,BB015,A+,Platelets,DONATION,1.0,2022-06-06 12:03:00,DONATION0563,,,POSTED,
TXNDF5A73339B,BB015,A+,Plasma,DONATION,1.0,2022-06-06 16:14:00,DONATION0563,,,POSTED,
TXNBB460ABB3B,BB009,O+,Platelets,ISSUE,4.0,2022-06-07 08:20:00,,,,POSTED,ISSUE2C2F471039
TXN32206A3606,BB015,A+,Plasma,ISSUE,3.0,2022-06-08 12:10:00,,,,POSTED,ISSUE42F3C1F963
TXN08E19A8FDF,BB007,O+,RBC,ISSUE,1.0,2022-06-08 17:50:00,,,,POSTED,ISSUEB0031AC877
TXNF4456C01C5,BB008,B-,Plasma,ISSUE,1.0,2022-06-09 18:07:00,,,,POSTED,ISSUE19A0D713CD
TXN1F73104666,BB008,B-,RBC,ISSUE,1.0,2022-06-10 10:43:00,,,,POSTED,ISSUEF69D0BF122
TXN47BE802FF1,BB008,A+,RBC,ISSUE,1.0,2022-06-11 09:05:00,,,,POSTED,ISSUEFD93714A9C
TXN5B46AA11B4,BB009,O+,RBC,ISSUE,5.0,2022-06-11 15:18:00,,,,POSTED,ISSUEF61A5C4DA1
TXN6ECE5C54D5,BB014,A+,RBC,EXPIRY,2.0,2022-06-12 14:23:00,,,,POSTED,
TXN33515EEBFB,BB013,O-,Plasma,EXPIRY,1.0,2022-06-13 11:27:00,,,,POSTED,
TXN5D33E853E8,BB009,A+,Plasma,DONATION,1.0,2022-06-14 09:46:00,DONATION0411,,,POSTED,
TXN006C33DD59,BB009,A+,Platelets,DONATION,1.0,2022-06-14 14:38:00,DONATION0411,,,POSTED,
TXND0B0793B91,BB009,A+,RBC,DONATION,1.0,2022-06-14 16:17:00,DONATION0411,,,POSTED,
TXNCEDB0110C9,BB010,A+,Plasma,DONATION,1.0,2022-06-14 16:35:00,DONATION1005,,,POSTED,
TXN8661910A0D,BB010,A+,RBC,DONATION,1.0,2022-06-14 18:19:00,DONATION1005,,,POSTED,
TXN70257D1D62,BB010,A+,Platelets,DONATION,1.0,2022-06-14 18:29:00,DONATION1005,,,POSTED,
TXN54C08529D0,BB015,O+,Plasma,DONATION,1.0,2022-06-18 11:44:00,DONATION1590,,,POSTED,
TXNB8C21D47C4,BB009,A+,RBC,ISSUE,2.0,2022-06-18 15:43:00,,,,POSTED,ISSUE178619CDFA
TXN89644A4002,BB015,O+,RBC,DONATION,1.0,2022-06-18 17:02:00,DONATION1590,,,POSTED,
TXN6DE866F6D3,BB010,A+,Platelets,EXPIRY,1.0,2022-06-19 17:29:00,,,,POSTED,
TXNDF8A834159,BB008,O+,Plasma,EXPIRY,1.0,2022-06-21 15:27:00,,,,POSTED,
TXN55522C5410,BB019,A+,Plasma,DONATION,1.0,2022-06-21 16:49:00,DONATION1019,,,POSTED,
TXN02CC501B38,BB019,A+,RBC,DONATION,1.0,2022-06-21 17:30:00,DONATION1019,,,POSTED,
TXN6D9C31DE46,BB010,A+,Plasma,ISSUE,2.0,2022-06-21 18:11:00,,,,POSTED,ISSUEDBE5CF535D
TXNF63BD6910C,BB016,AB+,Platelets,DONATION,1.0,2022-06-22 14:11:00,DONATION1566,,,POSTED,
TXN57C991146E,BB016,AB+,RBC,DONATION,1.0,2022-06-22 15:04:00,DONATION1566,,,POSTED,
TXNC70AEED2E7,BB016,AB+,Plasma,DONATION,1.0,2022-06-22 15:59:00,DONATION1566,,,POSTED,
TXN541E5AB194,BB006,A+,RBC,DONATION,1.0,2022-06-26 09:38:00,DONATION1995,,,POSTED,
TXN2901D04F27,BB002,O+,Plasma,DONATION,1.0,2022-06-26 09:44:00,DONATION0454,,,POSTED,
TXN8487324822,BB002,O+,RBC,DONATION,1.0,2022-06-26 12:29:00,DONATION0454,,,POSTED,
TXN0BF45A79EA,BB006,A+,Plasma,DONATION,1.0,2022-06-26 14:07:00,DONATION1995,,,POSTED,
TXN0C3B69A56F,BB002,O+,Platelets,DONATION,1.0,2022-06-26 15:26:00,DONATION0454,,,POSTED,
TXN17F31E55B4,BB006,A+,Platelets,DONATION,1.0,2022-06-26 17:18:00,DONATION1995,,,POSTED,
TXN8AC1DD8783,BB015,O+,RBC,ISSUE,2.0,2022-06-27 13:07:00,,,,POSTED,ISSUE861A57D575
TXN750EE86EE4,BB002,O+,Platelets,ISSUE,3.0,2022-06-30 08:23:00,,,,POSTED,ISSUE6D36339D02
TXN517B0B99E4,BB011,A-,Plasma,EXPIRY,1.0,2022-07-03 13:51:00,,,,POSTED,
TXN22ED3F0D78,BB018,A-,Plasma,DONATION,1.0,2022-07-07 09:34:00,DONATION1574,,,POSTED,
TXN0AA7A1B86B,BB018,A-,RBC,DONATION,1.0,2022-07-07 14:25:00,DONATION1574,,,POSTED,
TXN9798312B7D,BB018,A-,Platelets,DONATION,1.0,2022-07-07 14:44:00,DONATION1574,,,POSTED,
TXN45199CC02E,BB018,A-,RBC,ISSUE,1.0,2022-07-12 09:40:00,,,,POSTED,ISSUE38C5FADD62
TXN0ADFB30BEB,BB018,A-,Platelets,EXPIRY,1.0,2022-07-12 16:50:00,,,,POSTED,
TXND41813C7A4,BB007,O+,RBC,EXPIRY,1.0,2022-07-13 14:57:00,,,,POSTED,
TXN23DDBA5C50,BB014,O+,Plasma,DONATION,2.0,2022-07-17 09:23:00,DONATION1849,,,POSTED,
TXNE523DFD298,BB014,O+,RBC,DONATION,2.0,2022-07-17 12:09:00,DONATION1849,,,POSTED,
TXNEF1A93CC6D,BB014,O+,Platelets,DONATION,2.0,2022-07-17 17:07:00,DONATION1849,,,POSTED,
TXN16D3A069EE,BB016,AB+,Platelets,DONATION,1.0,2022-07-18 14:02:00,DONATION1003,,,POSTED,
TXNCD6308ADF4,BB016,AB+,RBC,DONATION,1.0,2022-07-18 15:47:00,DONATION1003,,,POSTED,
TXN170A3A8CCA,BB014,O+,RBC,ISSUE,1.0,2022-07-18 17:44:00,,,,POSTED,ISSUE97FA48F34C
TXNE3675BDE32,BB016,AB+,Plasma,DONATION,1.0,2022-07-18 18:01:00,DONATION1003,,,POSTED,
TXNF9E3F6B7B4,BB016,AB+,Plasma,ISSUE,1.0,2022-07-19 09:51:00,,,,POSTED,ISSUE196742B931
TXN0DE6708B9B,BB017,A+,Plasma,DONATION,1.0,2022-07-23 09:34:00,DONATION0196,,,POSTED,
TXNE946D1BF16,BB017,A+,Platelets,DONATION,1.0,2022-07-23 10:58:00,DONATION0196,,,POSTED,
TXN3EE8F12841,BB017,A+,RBC,DONATION,1.0,2022-07-23 11:27:00,DONATION0196,,,POSTED,
TXNA7EC97C003,BB017,A+,RBC,ISSUE,2.0,2022-07-25 08:33:00,,,,POSTED,ISSUE46835E416A
TXN9DBB7DA16A,BB016,AB+,Platelets,ISSUE,1.0,2022-07-25 10:13:00,,,,POSTED,ISSUE7F8AA70AD7
TXN8636837D37,BB020,O+,Plasma,EXPIRY,1.0,2022-07-25 17:18:00,,,,POSTED,
TXN34CFFF6F2C,BB011,O+,RBC,DONATION,1.0,2022-07-28 08:03:00,DONATION1611,,,POSTED,
TXN0A89D64199,BB011,O+,Platelets,DONATION,1.0,2022-07-28 14:16:00,DONATION1611,,,POSTED,
TXNFDB6D19504,BB011,O+,Plasma,DONATION,1.0,2022-07-28 18:23:00,DONATION1611,,,POSTED,
TXN13E5CE8BC9,BB017,A+,Plasma,ISSUE,2.0,2022-07-29 11:48:00,,,,POSTED,ISSUEB96EC2654E
TXNA2F6E3E8E1,BB011,O+,RBC,ISSUE,3.0,2022-07-31 09:04:00,,,,POSTED,ISSUE5CC40B4B76
TXN618B03C7F3,BB004,O-,Plasma,DONATION,1.0,2022-07-31 14:40:00,DONATION0664,,,POSTED,
TXN41BA678FC7,BB004,O-,RBC,DONATION,1.0,2022-07-31 15:14:00,DONATION0664,,,POSTED,
TXN701342985B,BB015,O-,Plasma,EXPIRY,1.0,2022-07-31 17:24:00,,,,POSTED,
TXN17488C6D29,BB004,O-,Platelets,DONATION,1.0,2022-07-31 18:42:00,DONATION0664,,,POSTED,
TXNCDBD6ED4C1,BB009,B+,RBC,DONATION,1.0,2022-08-01 14:46:00,DONATION1400,,,POSTED,
TXNE5BE4C2580,BB009,B+,Plasma,DONATION,1.0,2022-08-01 16:39:00,DONATION1400,,,POSTED,
TXN43570AA713,BB016,AB+,RBC,EXPIRY,1.0,2022-08-03 12:49:00,,,,POSTED,
TXN53A565F39E,BB004,O-,Platelets,EXPIRY,1.0,2022-08-05 11:19:00,,,,POSTED,
TXND0F5B3BC57,BB020,O+,RBC,DONATION,2.0,2022-08-07 12:45:00,DONATION0915,,,POSTED,
TXNB47FB7A92A,BB020,O+,Platelets,DONATION,2.0,2022-08-07 14:54:00,DONATION0915,,,POSTED,
TXN3AFEA7375C,BB020,O+,Plasma,DONATION,2.0,2022-08-07 18:17:00,DONATION0915,,,POSTED,
TXND0756248BA,BB009,B+,RBC,ISSUE,1.0,2022-08-10 15:53:00,,,,POSTED,ISSUEB2F242C068
TXNF1B80F812C,BB004,O-,Plasma,ISSUE,1.0,2022-08-10 16:55:00,,,,POSTED,ISSUEA773F6B6E6
TXN52A3EDB1C8,BB011,A+,Plasma,DONATION,2.0,2022-08-15 09:17:00,DONATION1564,,,POSTED,
TXN21D4F49780,BB011,A+,RBC,DONATION,2.0,2022-08-15 12:10:00,DONATION1564,,,POSTED,
TXN46982312E9,BB014,O+,Plasma,DONATION,1.0,2022-08-16 09:39:00,DONATION1945,,,POSTED,
TXNDDDE5B54CE,BB011,A+,Plasma,ISSUE,1.0,2022-08-16 12:59:00,,,,POSTED,ISSUE9FB1E91028
TXN3FE515D0BF,BB014,O+,RBC,DONATION,1.0,2022-08-16 13:27:00,DONATION1945,,,POSTED,
TXNEFDA75B768,BB014,O+,Platelets,DONATION,1.0,2022-08-16 16:14:00,DONATION1945,,,POSTED,
TXN2F63997016,BB015,A+,RBC,DONATION,2.0,2022-08-19 12:10:00,DONATION1872,,,POSTED,
TXN23F11C26F5,BB007,O+,RBC,DONATION,1.0,2022-08-19 14:17:00,DONATION0415,,,POSTED,
TXN4D5B8799D0,BB015,A+,Platelets,DONATION,2.0,2022-08-19 15:02:00,DONATION1872,,,POSTED,
TXN6F35528E1C,BB015,A+,Plasma,DONATION,2.0,2022-08-19 15:27:00,DONATION1872,,,POSTED,
TXN462FB00B17,BB007,O+,Plasma,DONATION,1.0,2022-08-19 18:50:00,DONATION0415,,,POSTED,
TXN15B6782346,BB015,A+,RBC,ISSUE,1.0,2022-08-20 13:21:00,,,,POSTED,ISSUEEAD7CB48FC
TXN0E60B47908,BB014,O+,RBC,ISSUE,1.0,2022-08-20 16:07:00,,,,POSTED,ISSUE103A9FFE53
TXN772F5ABABD,BB007,O+,RBC,ISSUE,5.0,2022-08-21 10:11:00,,,,POSTED,ISSUE69DDFDCC76
TXN1BF6F15045,BB014,O+,Plasma,ISSUE,1.0,2022-08-21 14:43:00,,,,POSTED,ISSUEDAAE7455CE
TXNAA70C39951,BB005,AB-,Plasma,DONATION,1.0,2022-08-22 09:33:00,DONATION1281,,,POSTED,
TXN7C24A5135A,BB005,AB-,Platelets,DONATION,1.0,2022-08-22 12:52:00,DONATION1281,,,POSTED,
TXN4DCA90A86A,BB011,B+,Plasma,DONATION,1.0,2022-08-22 15:07:00,DONATION1493,,,POSTED,
TXNFDA59E38F9,BB005,AB-,RBC,DONATION,1.0,2022-08-22 16:10:00,DONATION1281,,,POSTED,
TXNB4721F222D,BB011,B+,RBC,DONATION,1.0,2022-08-22 17:53:00,DONATION1493,,,POSTED,
TXN76404B12B9,BB016,O+,Plasma,EXPIRY,2.0,2022-08-23 13:35:00,,,,POSTED,
TXN17769CE485,BB011,B+,RBC,DONATION,3.0,2022-08-25 14:37:00,DONATION0135,,,POSTED,
TXN29A3C75EFB,BB005,O-,Plasma,DONATION,3.0,2022-08-25 16:35:00,DONATION1081,,,POSTED,
TXN7AD2185B43,BB005,O-,RBC,DONATION,3.0,2022-08-25 17:25:00,DONATION1081,,,POSTED,
TXN563BE36EFA,BB011,B+,Plasma,DONATION,3.0,2022-08-25 17:42:00,DONATION0135,,,POSTED,
TXND9EE0B8657,BB011,B+,Platelets,DONATION,3.0,2022-08-25 18:27:00,DONATION0135,,,POSTED,
TXN9576E1E298,BB020,A+,RBC,DONATION,1.0,2022-08-31 08:16:00,DONATION0740,,,POSTED,
TXNFE96305127,BB005,O-,RBC,ISSUE,2.0,2022-08-31 10:20:00,,,,POSTED,ISSUE8A3A64BA95
TXND21EE5234E,BB020,A+,Plasma,DONATION,1.0,2022-08-31 11:02:00,DONATION0740,,,POSTED,
TXNFD44C291D2,BB011,B+,Plasma,ISSUE,2.0,2022-08-31 14:38:00,,,,POSTED,ISSUE0B262268D2
TXN1B63903531,BB005,AB-,Plasma,ISSUE,1.0,2022-09-01 12:02:00,,,,POSTED,ISSUE5C1CA9AE56
TXN41D5495882,BB003,B+,Plasma,DONATION,1.0,2022-09-01 15:04:00,DONATION0298,,,POSTED,
TXN5F861FF14D,BB003,B+,RBC,DONATION,1.0,2022-09-01 15:45:00,DONATION0298,,,POSTED,
TXN2868F71C9F,BB001,A-,Plasma,DONATION,2.0,2022-09-03 12:31:00,DONATION1533,,,POSTED,
TXN41721E511C,BB001,A-,Platelets,DONATION,2.0,2022-09-03 16:04:00,DONATION1533,,,POSTED,
TXN36286D26F8,BB001,A-,RBC,DONATION,2.0,2022-09-03 17:01:00,DONATION1533,,,POSTED,
TXNE78A2CE045,BB001,A-,Plasma,ISSUE,1.0,2022-09-04 17:42:00,,,,POSTED,ISSUED6B7CFACF1
TXN23CE0FA35D,BB020,A+,RBC,ISSUE,3.0,2022-09-06 14:06:00,,,,POSTED,ISSUE604B238D09
TXND6848DC54D,BB009,O-,Plasma,EXPIRY,1.0,2022-09-08 13:25:00,,,,POSTED,
TXNC37FCC7182,BB019,A+,Plasma,DONATION,1.0,2022-09-10 13:29:00,DONATION0787,,,POSTED,
TXN9838974AC2,BB019,A+,RBC,DONATION,1.0,2022-09-10 14:44:00,DONATION0787,,,POSTED,
TXN261BF29466,BB004,O-,RBC,EXPIRY,1.0,2022-09-11 17:49:00,,,,POSTED,
TXN7D4AD154A5,BB001,A-,RBC,ISSUE,1.0,2022-09-13 10:09:00,,,,POSTED,ISSUE69055CBF22
TXNAC5D1705DA,BB014,B-,Plasma,EXPIRY,1.0,2022-09-14 12:03:00,,,,POSTED,
TXN5C8EDC740A,BB014,A-,Platelets,DONATION,1.0,2022-09-16 10:10:00,DONATION1465,,,POSTED,
TXN741B438FBA,BB014,A-,Plasma,DONATION,1.0,2022-09-16 15:42:00,DONATION1465,,,POSTED,
TXN770C4D8BAA,BB014,A-,RBC,DONATION,1.0,2022-09-16 16:20:00,DONATION1465,,,POSTED,
TXN88571751BA,BB014,O+,Plasma,DONATION,1.0,2022-09-16 17:25:00,DONATION1219,,,POSTED,
TXN63BE3E9696,BB014,O+,RBC,DONATION,1.0,2022-09-16 18:39:00,DONATION1219,,,POSTED,
TXN4ECD38D677,BB014,O+,RBC,ISSUE,4.0,2022-09-17 11:47:00,,,,POSTED,ISSUED171607EC5
TXN29B79AEAF9,BB019,A+,Plasma,ISSUE,4.0,2022-09-20 14:00:00,,,,POSTED,ISSUE45291C5059
TXN5A3F660F0B,BB014,A-,Platelets,EXPIRY,1.0,2022-09-21 11:17:00,,,,POSTED,
TXN230F43634E,BB011,O+,RBC,DONATION,1.0,2022-09-21 15:32:00,DONATION1652,,,POSTED,
TXNFAF4B5D468,BB011,O+,Platelets,DONATION,1.0,2022-09-21 16:43:00,DONATION1652,,,POSTED,
TXN90B1798D6C,BB011,O+,Plasma,DONATION,1.0,2022-09-21 16:53:00,DONATION1652,,,POSTED,
TXN37A8B71A35,BB014,O+,Plasma,ISSUE,1.0,2022-09-24 11:37:00,,,,POSTED,ISSUE5F0272AC38
TXNF6516AB4E6,BB017,O-,Platelets,DONATION,1.0,2022-09-26 12:57:00,DONATION1059,,,POSTED,
TXN9E45EFEE92,BB017,O-,RBC,DONATION,1.0,2022-09-26 13:32:00,DONATION1059,,,POSTED,
TXN94BD560E93,BB008,A+,Platelets,DONATION,1.0,2022-09-26 14:51:00,DONATION1242,,,POSTED,
TXNBB349830FD,BB008,A+,Plasma,DONATION,1.0,2022-09-26 15:19:00,DONATION1242,,,POSTED,
TXN4CD7E300A7,BB008,A+,RBC,DONATION,1.0,2022-09-26 15:48:00,DONATION1242,,,POSTED,
TXNCC5654BA1C,BB014,A-,Plasma,ISSUE,1.0,2022-09-26 16:22:00,,,,POSTED,ISSUE8F32CCF3D2
TXNE8B6B881B9,BB017,O-,Plasma,DONATION,1.0,2022-09-26 16:28:00,DONATION1059,,,POSTED,
TXN06CD84DBF9,BB017,B+,Plasma,DONATION,3.0,2022-09-27 10:06:00,DONATION1599,,,POSTED,
TXN5B909C3BE3,BB017,B+,RBC,DONATION,3.0,2022-09-27 17:02:00,DONATION1599,,,POSTED,
TXN7605DE5AE0,BB011,O+,Plasma,ISSUE,3.0,2022-09-28 08:38:00,,,,POSTED,ISSUE6D1B5E17DC
TXN1B3C34519D,BB005,O-,Platelets,DONATION,1.0,2022-09-29 08:03:00,DONATION0846,,,POSTED,
TXN1B26BF0CEC,BB005,O+,Plasma,DONATION,1.0,2022-09-29 08:19:00,DONATION0081,,,POSTED,
TXNE7B833AC77,BB005,O+,Platelets,DONATION,1.0,2022-09-29 08:57:00,DONATION0081,,,POSTED,
TXN80D20417F2,BB005,O-,RBC,DONATION,1.0,2022-09-29 09:22:00,DONATION0846,,,POSTED,
TXN7478AF36FE,BB017,O-,Plasma,ISSUE,1.0,2022-09-29 12:03:00,,,,POSTED,ISSUE37981F3585
TXN464B93CD4C,BB005,O-,Plasma,DONATION,1.0,2022-09-29 12:50:00,DONATION0846,,,POSTED,
TXNE28A2926DB,BB005,O+,RBC,DONATION,1.0,2022-09-29 14:08:00,DONATION0081,,,POSTED,
TXN2BECBC56B3,BB017,O-,Platelets,ISSUE,1.0,2022-09-29 17:02:00,,,,POSTED,ISSUE84CBB9D043
TXN807389F4C8,BB016,O+,RBC,DONATION,1.0,2022-10-01 11:39:00,DONATION1855,,,POSTED,
TXNC1F78D43B7,BB016,O+,Plasma,DONATION,1.0,2022-10-01 15:58:00,DONATION1855,,,POSTED,
TXN06EC5C18E1,BB016,O+,Platelets,DONATION,1.0,2022-10-01 17:43:00,DONATION1855,,,POSTED,
TXN2FD291533D,BB013,B+,Plasma,DONATION,1.0,2022-10-03 14:49:00,DONATION0438,,,POSTED,
TXN5A69D84C7A,BB013,B+,RBC,DONATION,1.0,2022-10-03 15:33:00,DONATION0438,,,POSTED,
TXNC8C463071E,BB013,B+,Platelets,DONATION,1.0,2022-10-03 17:04:00,DONATION0438,,,POSTED,
TXN3D9E63ED02,BB008,A+,Platelets,ISSUE,1.0,2022-10-03 18:50:00,,,,POSTED,ISSUE32F32CEDEB
TXN07A09E7577,BB005,O+,Platelets,ISSUE,3.0,2022-10-04 10:26:00,,,,POSTED,ISSUE3FDB10056A
TXNF66216283E,BB016,O+,Platelets,ISSUE,2.0,2022-10-06 15:14:00,,,,POSTED,ISSUE318668A59A
TXN62C3B9CA12,BB007,A+,RBC,DONATION,1.0,2022-10-07 08:41:00,DONATION0924,,,POSTED,
TXN6F95555BBF,BB013,B+,RBC,ISSUE,3.0,2022-10-07 10:30:00,,,,POSTED,ISSUE57625BA790
TXN0A39620CF2,BB009,A-,Plasma,DONATION,2.0,2022-10-07 12:28:00,DONATION1653,,,POSTED,
TXNCC74C57097,BB007,A+,Platelets,DONATION,1.0,2022-10-07 14:25:00,DONATION0924,,,POSTED,
TXN5E5ED8D05A,BB007,A+,Plasma,DONATION,1.0,2022-10-07 15:18:00,DONATION0924,,,POSTED,
TXN90D19E6EB4,BB009,A-,RBC,DONATION,2.0,2022-10-07 16:57:00,DONATION1653,,,POSTED,
TXN47458C0AF0,BB016,O+,Plasma,ISSUE,2.0,2022-10-09 10:42:00,,,,POSTED,ISSUEDDA0980AF8
TXNC7883CA39A,BB016,O+,RBC,ISSUE,1.0,2022-10-10 08:30:00,,,,POSTED,ISSUEA7A7AD7EC2
TXNE074409D62,BB006,O+,RBC,DONATION,2.0,2022-10-11 10:59:00,DONATION0807,,,POSTED,
TXN730EA507FC,BB006,O+,Plasma,DONATION,2.0,2022-10-11 17:27:00,DONATION0807,,,POSTED,
TXNE348B5F62A,BB007,A+,Platelets,EXPIRY,2.0,2022-10-12 14:03:00,,,,POSTED,
TXND71140A378,BB004,A+,Plasma,DONATION,3.0,2022-10-14 12:39:00,DONATION0158,,,POSTED,
TXN4A08B655B5,BB004,A+,RBC,DONATION,3.0,2022-10-14 16:41:00,DONATION0158,,,POSTED,
TXN1681F4FE93,BB007,O-,RBC,DONATION,1.0,2022-10-15 10:45:00,DONATION1984,,,POSTED,
TXNBEFDA56355,BB007,O-,Plasma,DONATION,1.0,2022-10-15 14:33:00,DONATION1984,,,POSTED,
TXNEA5000300E,BB005,A-,Platelets,DONATION,1.0,2022-10-16 08:07:00,DONATION0033,,,POSTED,
TXNED245B3A10,BB005,A-,Plasma,DONATION,1.0,2022-10-16 08:38:00,DONATION0033,,,POSTED,
TXN240EA60690,BB005,A-,RBC,DONATION,1.0,2022-10-16 16:58:00,DONATION0033,,,POSTED,
TXN17B7812810,BB009,A-,RBC,ISSUE,1.0,2022-10-17 12:08:00,,,,POSTED,ISSUE8CD5CE625C
TXNC0340DEAD8,BB005,A-,Platelets,ISSUE,1.0,2022-10-18 13:12:00,,,,POSTED,ISSUE4974529985
TXN9B09F37476,BB005,A-,Plasma,ISSUE,1.0,2022-10-20 08:49:00,,,,POSTED,ISSUEEDD8C6CFF6
TXN5073DC4EE0,BB010,A+,Plasma,DONATION,1.0,2022-10-22 08:44:00,DONATION1621,,,POSTED,
TXN1DE69365EB,BB010,A+,RBC,DONATION,1.0,2022-10-22 13:08:00,DONATION1621,,,POSTED,
TXN89A5034610,BB004,A+,Plasma,ISSUE,5.0,2022-10-24 10:41:00,,,,POSTED,ISSUE61DE0949EF
TXNDDB1F7296B,BB002,O+,RBC,DONATION,1.0,2022-10-25 08:57:00,DONATION0115,,,POSTED,
TXN06C089E7C0,BB002,O+,Plasma,DONATION,1.0,2022-10-25 09:49:00,DONATION0115,,,POSTED,
TXN3E36F3F4E8,BB008,A+,RBC,DONATION,1.0,2022-10-25 10:36:00,DONATION1790,,,POSTED,
TXN3D86CBDCEE,BB002,O+,Platelets,DONATION,1.0,2022-10-25 10:51:00,DONATION0115,,,POSTED,
TXN1C9302F7DF,BB008,A+,Plasma,DONATION,1.0,2022-10-25 15:13:00,DONATION1790,,,POSTED,
TXNDA8DC98383,BB007,O-,RBC,ISSUE,2.0,2022-10-25 16:58:00,,,,POSTED,ISSUEC079BC5DF6
TXN9874FD6D38,BB010,A+,RBC,ISSUE,1.0,2022-10-26 15:29:00,,,,POSTED,ISSUE6ABC93FC5C
TXN5CEE8425A3,BB006,AB+,Plasma,DONATION,1.0,2022-10-27 10:36:00,DONATION1110,,,POSTED,
TXN51AB23BE77,BB006,AB+,RBC,DONATION,1.0,2022-10-27 15:10:00,DONATION1110,,,POSTED,
TXN3BECFD082C,BB014,A-,RBC,EXPIRY,1.0,2022-10-28 10:58:00,,,,POSTED,
TXNBF7B42BE38,BB018,AB-,Plasma,EXPIRY,1.0,2022-10-28 12:08:00,,,,POSTED,
TXN191306D66E,BB002,O+,Platelets,ISSUE,2.0,2022-10-29 10:38:00,,,,POSTED,ISSUE172242E8C4
TXN4F884DE22E,BB014,B+,RBC,DONATION,1.0,2022-10-29 12:34:00,DONATION1282,,,POSTED,
TXNCFDE4E8ED7,BB014,B+,Plasma,DONATION,1.0,2022-10-29 13:29:00,DONATION1282,,,POSTED,
TXNC1381B2A0E,BB014,B+,Platelets,DONATION,1.0,2022-10-29 18:32:00,DONATION1282,,,POSTED,
TXN0D8DD122F6,BB015,A+,RBC,DONATION,2.0,2022-11-01 13:26:00,DONATION1184,,,POSTED,
TXNB1226447A7,BB015,A+,Plasma,DONATION,2.0,2022-11-01 13:33:00,DONATION1184,,,POSTED,
TXN7860329643,BB002,O+,Plasma,ISSUE,5.0,2022-11-02 11:42:00,,,,POSTED,ISSUEBAAC8FEB0A
TXNA8EF0AA281,BB008,A+,RBC,ISSUE,1.0,2022-11-04 18:44:00,,,,POSTED,ISSUE72FA9AD131
TXNF3ABE89786,BB005,A+,Plasma,DONATION,1.0,2022-11-06 12:22:00,DONATION1943,,,POSTED,
TXNF0EC741AF6,BB005,A+,RBC,DONATION,1.0,2022-11-06 13:56:00,DONATION1943,,,POSTED,
TXN8BC6850DE7,BB014,B+,RBC,ISSUE,1.0,2022-11-06 18:42:00,,,,POSTED,ISSUE5A2FA80315
TXND725315475,BB018,O+,RBC,DONATION,1.0,2022-11-09 11:44:00,DONATION0494,,,POSTED,
TXNEE7C284472,BB015,A+,Plasma,ISSUE,1.0,2022-11-09 14:54:00,,,,POSTED,ISSUEF027B37F7A
TXN8FBCF69018,BB018,O+,Plasma,DONATION,1.0,2022-11-09 15:20:00,DONATION0494,,,POSTED,
TXN07B3B712FA,BB018,O+,Platelets,DONATION,1.0,2022-11-09 16:59:00,DONATION0494,,,POSTED,
TXN22573B8185,BB006,O+,Platelets,DONATION,1.0,2022-11-13 11:30:00,DONATION1935,,,POSTED,
TXNE45B9E658F,BB006,O+,RBC,DONATION,1.0,2022-11-13 13:28:00,DONATION1935,,,POSTED,
TXNF5E1709BDD,BB006,O+,Plasma,DONATION,1.0,2022-11-13 14:01:00,DONATION1935,,,POSTED,
TXN33E55BA7A9,BB019,AB+,Plasma,DONATION,1.0,2022-11-15 11:52:00,DONATION1204,,,POSTED,
TXN422569BE74,BB019,AB+,Platelets,DONATION,1.0,2022-11-15 12:51:00,DONATION1204,,,POSTED,
TXN9B097D1BBB,BB019,AB+,RBC,DONATION,1.0,2022-11-15 17:43:00,DONATION1204,,,POSTED,
TXN9CE50AAC5A,BB005,A+,Plasma,DONATION,1.0,2022-11-17 08:45:00,DONATION1144,,,POSTED,
TXN9CCB5CC9FC,BB005,A+,RBC,DONATION,1.0,2022-11-17 12:12:00,DONATION1144,,,POSTED,
TXN70364A4E19,BB006,O+,Platelets,EXPIRY,1.0,2022-11-18 15:42:00,,,,POSTED,
TXNB2365C68B2,BB019,AB+,Plasma,ISSUE,2.0,2022-11-20 08:07:00,,,,POSTED,ISSUED784FEDD79
TXN9644447DAE,BB016,O+,Plasma,DONATION,1.0,2022-11-22 08:25:00,DONATION0715,,,POSTED,
TXN387A48F5C7,BB019,AB+,Platelets,ISSUE,1.0,2022-11-22 13:07:00,,,,POSTED,ISSUE8A799388CE
TXND01B9D0603,BB019,AB+,RBC,ISSUE,1.0,2022-11-22 17:51:00,,,,POSTED,ISSUEF3C7F20770
TXN191CD4F1E8,BB016,O+,RBC,DONATION,1.0,2022-11-22 18:10:00,DONATION0715,,,POSTED,
TXN1B9E8E9141,BB006,O+,RBC,ISSUE,3.0,2022-11-23 16:25:00,,,,POSTED,ISSUED822769249
TXND4811909D6,BB009,A-,Plasma,EXPIRY,1.0,2022-11-27 14:59:00,,,,POSTED,
TXNF4F95C8A9F,BB001,AB+,Plasma,DONATION,2.0,2022-11-28 13:09:00,DONATION1456,,,POSTED,
TXNDD5CABEADB,BB011,A+,Platelets,DONATION,1.0,2022-11-28 13:52:00,DONATION1473,,,POSTED,
TXN4BA3D3851A,BB011,A+,Plasma,DONATION,1.0,2022-11-28 15:39:00,DONATION1473,,,POSTED,
TXNC0E11D074D,BB001,AB+,RBC,DONATION,2.0,2022-11-28 16:19:00,DONATION1456,,,POSTED,
TXN3D55249CA9,BB011,A+,RBC,DONATION,1.0,2022-11-28 17:40:00,DONATION1473,,,POSTED,
TXNB19689813B,BB008,AB+,Plasma,DONATION,2.0,2022-11-30 09:26:00,DONATION0310,,,POSTED,
TXN78F7FBE196,BB013,A+,Plasma,DONATION,1.0,2022-11-30 09:54:00,DONATION1622,,,POSTED,
TXN8EC5770A84,BB015,O+,RBC,DONATION,2.0,2022-11-30 11:20:00,DONATION1627,,,POSTED,
TXNA94CF90863,BB013,A+,RBC,DONATION,1.0,2022-11-30 12:08:00,DONATION1622,,,POSTED,
TXN3C15642788,BB008,AB+,RBC,DONATION,2.0,2022-11-30 13:42:00,DONATION0310,,,POSTED,
TXN234D619409,BB013,A+,Platelets,DONATION,1.0,2022-11-30 14:10:00,DONATION1622,,,POSTED,
TXNC72C1AEBB8,BB015,O+,Plasma,DONATION,2.0,2022-11-30 14:37:00,DONATION1627,,,POSTED,
TXN15D82C9797,BB015,O+,Platelets,DONATION,2.0,2022-11-30 17:09:00,DONATION1627,,,POSTED,
TXNEC8E9F9275,BB008,AB+,Platelets,DONATION,2.0,2022-11-30 18:48:00,DONATION0310,,,POSTED,
TXN48B547D2E7,BB008,AB+,Plasma,ISSUE,1.0,2022-12-01 10:58:00,,,,POSTED,ISSUEC7CDCE36D3
TXNCF0CBD67AB,BB008,AB+,Platelets,ISSUE,1.0,2022-12-02 10:56:00,,,,POSTED,ISSUEF70579F7AB
TXNA0B141B99A,BB015,A+,Plasma,EXPIRY,1.0,2022-12-02 15:17:00,,,,POSTED,
TXNB2A4DBEBB0,BB016,O-,RBC,DONATION,2.0,2022-12-04 12:39:00,DONATION0071,,,POSTED,
TXN92AAB0BE08,BB016,O-,Platelets,DONATION,2.0,2022-12-04 16:19:00,DONATION0071,,,POSTED,
TXNC3F9C9FD14,BB016,O-,Plasma,DONATION,2.0,2022-12-04 18:33:00,DONATION0071,,,POSTED,
TXNFCBA8CC104,BB015,O+,Plasma,ISSUE,2.0,2022-12-05 10:52:00,,,,POSTED,ISSUE28E68BB472
TXN0BFE221ADB,BB001,AB+,RBC,ISSUE,1.0,2022-12-07 10:51:00,,,,POSTED,ISSUE5D5A2F30AB
TXN2E7FF426B3,BB006,AB+,RBC,EXPIRY,1.0,2022-12-08 13:15:00,,,,POSTED,
TXNE6D834FC55,BB005,A-,Plasma,DONATION,1.0,2022-12-09 09:21:00,DONATION0855,,,POSTED,
TXN1375E4DF6F,BB016,O-,Platelets,ISSUE,1.0,2022-12-09 13:09:00,,,,POSTED,ISSUED39F5FE901
TXN8BD79FADA9,BB020,B+,Plasma,EXPIRY,1.0,2022-12-09 15:42:00,,,,POSTED,
TXN78F31F6FC0,BB005,A-,RBC,DONATION,1.0,2022-12-09 16:57:00,DONATION0855,,,POSTED,
TXN6EFD60592C,BB014,O+,RBC,DONATION,1.0,2022-12-10 11:29:00,DONATION0245,,,POSTED,
TXN8ABDC45211,BB014,O+,Platelets,DONATION,1.0,2022-12-10 18:00:00,DONATION0245,,,POSTED,
TXNA6CD671FCE,BB014,O+,Plasma,DONATION,1.0,2022-12-10 18:16:00,DONATION0245,,,POSTED,
TXN52ACE69E4F,BB014,B+,RBC,EXPIRY,1.0,2022-12-10 18:35:00,,,,POSTED,
TXN2CC6169435,BB015,A+,RBC,DONATION,1.0,2022-12-11 08:16:00,DONATION0526,,,POSTED,
TXN291CBD9535,BB002,B+,RBC,DONATION,1.0,2022-12-11 10:57:00,DONATION0429,,,POSTED,
TXN689D3A907E,BB002,B+,Plasma,DONATION,1.0,2022-12-11 15:05:00,DONATION0429,,,POSTED,
TXN6D9D395427,BB005,A-,RBC,ISSUE,1.0,2022-12-11 17:59:00,,,,POSTED,ISSUE0404A2A09A
TXN07236E3D82,BB015,A+,Plasma,DONATION,1.0,2022-12-11 18:23:00,DONATION0526,,,POSTED,
TXNB5DA047230,BB014,O+,Platelets,ISSUE,2.0,2022-12-12 17:00:00,,,,POSTED,ISSUE078AE1CFC4
TXNAAB89320B4,BB009,A-,RBC,DONATION,1.0,2022-12-18 08:01:00,DONATION0595,,,POSTED,
TXN67DEE4CA7A,BB009,A-,Platelets,DONATION,1.0,2022-12-18 12:01:00,DONATION0595,,,POSTED,
TXN9C939F4990,BB009,A-,Plasma,DONATION,1.0,2022-12-18 16:46:00,DONATION0595,,,POSTED,
TXNEDB02E2141,BB020,A+,RBC,DONATION,2.0,2022-12-19 11:36:00,DONATION1215,,,POSTED,
TXNF741C93CD5,BB020,A+,Plasma,DONATION,2.0,2022-12-19 17:41:00,DONATION1215,,,POSTED,
TXN6C1B756487,BB005,A-,Plasma,ISSUE,1.0,2022-12-19 18:47:00,,,,POSTED,ISSUE9CD3DD6A45
TXN17A933E41D,BB002,B+,RBC,ISSUE,2.0,2022-12-20 17:13:00,,,,POSTED,ISSUED23712870B
TXN71B65A31D9,BB012,O-,RBC,DONATION,1.0,2022-12-24 12:03:00,DONATION0377,,,POSTED,
TXN0ECC8B7AF8,BB012,O-,Plasma,DONATION,1.0,2022-12-24 18:30:00,DONATION0377,,,POSTED,
TXN12BD776C31,BB020,A+,Plasma,ISSUE,1.0,2022-12-26 13:42:00,,,,POSTED,ISSUEA16197F5CD
TXNF953E75A5D,BB020,A+,RBC,ISSUE,2.0,2022-12-28 08:40:00,,,,POSTED,ISSUE0361BAB392
TXN509B0F342A,BB003,B+,RBC,DONATION,1.0,2022-12-29 08:39:00,DONATION0593,,,POSTED,
TXN95D825EC39,BB003,B+,Plasma,DONATION,1.0,2022-12-29 18:42:00,DONATION0593,,,POSTED,
TXN5F125A5538,BB020,AB+,RBC,DONATION,2.0,2022-12-31 14:39:00,DONATION1164,,,POSTED,
TXNC9233B2E5C,BB020,AB+,Platelets,DONATION,2.0,2022-12-31 17:03:00,DONATION1164,,,POSTED,
TXN961C6FF063,BB020,AB+,Plasma,DONATION,2.0,2022-12-31 18:33:00,DONATION1164,,,POSTED,
TXN273B45BA98,BB020,AB+,RBC,ISSUE,1.0,2023-01-02 12:31:00,,,,POSTED,ISSUE0CF2BAC7F5
TXN61D2009942,BB016,B+,RBC,DONATION,1.0,2023-01-04 09:42:00,DONATION0417,,,POSTED,
TXN13F2A8C28D,BB016,B+,Platelets,DONATION,1.0,2023-01-04 18:10:00,DONATION0417,,,POSTED,
TXNB3EF0926CF,BB016,B+,Plasma,DONATION,1.0,2023-01-04 18:25:00,DONATION0417,,,POSTED,
TXNF107C2B69B,BB003,B+,Plasma,ISSUE,5.0,2023-01-05 14:30:00,,,,POSTED,ISSUEF918B3C33A
TXN1C6383E271,BB020,AB+,Platelets,ISSUE,1.0,2023-01-05 18:11:00,,,,POSTED,ISSUE87949BD77E
TXNFA4D19EFAB,BB013,AB+,RBC,DONATION,1.0,2023-01-06 10:22:00,DONATION0810,,,POSTED,
TXN42E6CE866A,BB013,AB+,Plasma,DONATION,1.0,2023-01-06 11:58:00,DONATION0810,,,POSTED,
TXNAC630DDFCF,BB013,AB+,Platelets,DONATION,1.0,2023-01-06 12:28:00,DONATION0810,,,POSTED,
TXNA280CAD9B3,BB003,B+,RBC,ISSUE,4.0,2023-01-07 13:40:00,,,,POSTED,ISSUE1FC6765455
TXN85F2C988BF,BB013,AB+,Plasma,ISSUE,3.0,2023-01-11 13:43:00,,,,POSTED,ISSUEE72ABB82E0
TXNC034B0B3BC,BB008,AB+,RBC,EXPIRY,1.0,2023-01-11 18:48:00,,,,POSTED,
TXN6C864259E2,BB013,AB+,Platelets,DONATION,1.0,2023-01-12 08:44:00,DONATION1034,,,POSTED,
TXN4B9396326D,BB013,AB+,RBC,DONATION,1.0,2023-01-12 10:18:00,DONATION1034,,,POSTED,
TXNC2133E1ABD,BB013,AB+,Plasma,DONATION,1.0,2023-01-12 18:16:00,DONATION1034,,,POSTED,
TXN341D6BE022,BB001,O+,RBC,DONATION,1.0,2023-01-14 11:46:00,DONATION1552,,,POSTED,
TXN90F2244B87,BB001,O-,Platelets,DONATION,1.0,2023-01-14 12:26:00,DONATION1069,,,POSTED,
TXN9DE2A3E831,BB001,O-,RBC,DONATION,1.0,2023-01-14 16:04:00,DONATION1069,,,POSTED,
TXN4D7CD5CC22,BB001,O-,Plasma,DONATION,1.0,2023-01-14 17:52:00,DONATION1069,,,POSTED,
TXN4F4A7ED042,BB001,O+,Plasma,DONATION,1.0,2023-01-14 18:37:00,DONATION1552,,,POSTED,
TXNE91E91EE78,BB010,A-,Plasma,DONATION,2.0,2023-01-16 18:09:00,DONATION1964,,,POSTED,
TXN6296E650D9,BB010,A-,RBC,DONATION,2.0,2023-01-16 18:59:00,DONATION1964,,,POSTED,
TXNB7D7450ADE,BB010,O+,RBC,DONATION,1.0,2023-01-19 09:08:00,DONATION0945,,,POSTED,
TXN4A5298DC69,BB001,O-,Platelets,EXPIRY,1.0,2023-01-19 12:25:00,,,,POSTED,
TXN1C32B01AC9,BB006,O+,Platelets,DONATION,1.0,2023-01-19 12:46:00,DONATION1937,,,POSTED,
TXNC58E5481C0,BB010,A-,Plasma,ISSUE,1.0,2023-01-19 16:51:00,,,,POSTED,ISSUEF9702E9704
TXN6AC12B38DD,BB010,O+,Plasma,DONATION,1.0,2023-01-19 17:27:00,DONATION0945,,,POSTED,
TXN719A28E39C,BB006,O+,RBC,DONATION,1.0,2023-01-19 17:54:00,DONATION1937,,,POSTED,
TXN6E839D10C8,BB006,O+,Plasma,DONATION,1.0,2023-01-19 18:29:00,DONATION1937,,,POSTED,
TXN9E5D8AA881,BB001,O-,RBC,ISSUE,1.0,2023-01-20 08:48:00,,,,POSTED,ISSUEE53A82A69B
TXNF637636B4F,BB012,B+,Platelets,DONATION,1.0,2023-01-23 09:35:00,DONATION1886,,,POSTED,
TXN2D5CC991D3,BB012,B+,Plasma,DONATION,1.0,2023-01-23 13:51:00,DONATION1886,,,POSTED,
TXNA8BF095889,BB012,B+,RBC,DONATION,1.0,2023-01-23 18:18:00,DONATION1886,,,POSTED,
TXNDBC3D26FA8,BB006,O+,RBC,ISSUE,2.0,2023-01-26 14:08:00,,,,POSTED,ISSUEA5FD8C7FD1
TXN1B7F899091,BB007,O-,Plasma,EXPIRY,1.0,2023-01-26 16:08:00,,,,POSTED,
TXN4ED030E119,BB019,A+,Plasma,DONATION,1.0,2023-01-26 17:03:00,DONATION1524,,,POSTED,
TXNE051C7537B,BB019,A+,RBC,DONATION,1.0,2023-01-26 17:19:00,DONATION1524,,,POSTED,
TXN4EC94F9917,BB003,O-,Platelets,DONATION,1.0,2023-01-27 09:23:00,DONATION1987,,,POSTED,
TXN70284A40AC,BB003,O-,Plasma,DONATION,1.0,2023-01-27 10:30:00,DONATION1987,,,POSTED,
TXN408DBC95B2,BB006,O+,Plasma,ISSUE,1.0,2023-01-27 12:00:00,,,,POSTED,ISSUE0E06F3F673
TXN16AA04AEB4,BB003,O-,RBC,DONATION,1.0,2023-01-27 14:56:00,DONATION1987,,,POSTED,
TXN40CDEA78D2,BB020,O+,RBC,DONATION,2.0,2023-01-28 10:40:00,DONATION1166,,,POSTED,
TXNC4F1C6FEB7,BB012,B+,Platelets,EXPIRY,1.0,2023-01-28 12:56:00,,,,POSTED,
TXNF36DC1CCD6,BB003,O-,Platelets,ISSUE,1.0,2023-01-28 14:56:00,,,,POSTED,ISSUE3C23C23F51
TXN20AFB69898,BB020,O+,Plasma,DONATION,2.0,2023-01-28 15:28:00,DONATION1166,,,POSTED,
TXN45BCD7AFA5,BB012,B+,RBC,ISSUE,2.0,2023-01-28 17:24:00,,,,POSTED,ISSUE1CF426E051
TXNB92B0B9AA0,BB020,O+,Platelets,DONATION,2.0,2023-01-28 18:59:00,DONATION1166,,,POSTED,
TXN10016A0B40,BB010,O+,Plasma,ISSUE,1.0,2023-01-29 13:20:00,,,,POSTED,ISSUEE71B10098D
TXNBCDE7632A3,BB019,O+,Platelets,DONATION,1.0,2023-01-31 08:24:00,DONATION0132,,,POSTED,
TXN830A35D914,BB006,A+,RBC,DONATION,1.0,2023-01-31 09:06:00,DONATION1230,,,POSTED,
TXN16A2FA5ED3,BB019,O+,Plasma,DONATION,1.0,2023-01-31 11:17:00,DONATION0132,,,POSTED,
TXND5C09E1EF4,BB019,O+,RBC,DONATION,1.0,2023-01-31 11:31:00,DONATION0132,,,POSTED,
TXN8447391EDC,BB006,A+,Plasma,DONATION,1.0,2023-01-31 12:39:00,DONATION1230,,,POSTED,
TXNBBC077F0B6,BB002,A+,RBC,DONATION,1.0,2023-01-31 16:21:00,DONATION1553,,,POSTED,
TXN4A19B303C6,BB002,A+,Plasma,DONATION,1.0,2023-01-31 18:44:00,DONATION1553,,,POSTED,
TXNFE0E332A4F,BB006,A+,Platelets,DONATION,1.0,2023-01-31 18:59:00,DONATION1230,,,POSTED,
TXNAE6183054A,BB020,O+,Platelets,ISSUE,2.0,2023-02-01 14:26:00,,,,POSTED,ISSUE9CDC3354BB
TXN6D115646FB,BB006,A+,Plasma,ISSUE,3.0,2023-02-02 08:10:00,,,,POSTED,ISSUEE6B40700AA
TXNAD49052A83,BB012,B+,Platelets,ISSUE,1.0,2023-02-02 17:00:00,,,,POSTED,ISSUE905C20CE60
TXN30C8A9FB17,BB006,A+,RBC,ISSUE,1.0,2023-02-03 10:15:00,,,,POSTED,ISSUE74CA1AA60F
TXNB67149F66A,BB009,B+,RBC,DONATION,1.0,2023-02-03 18:14:00,DONATION1897,,,POSTED,
TXN81CF7F6090,BB009,B+,Plasma,DONATION,1.0,2023-02-03 18:43:00,DONATION1897,,,POSTED,
TXN12A161DEB8,BB012,O-,RBC,EXPIRY,1.0,2023-02-04 12:26:00,,,,POSTED,
TXN7468EACD57,BB002,A+,RBC,DONATION,1.0,2023-02-05 08:13:00,DONATION0608,,,POSTED,
TXN0081145C1D,BB003,O-,Plasma,ISSUE,1.0,2023-02-05 11:59:00,,,,POSTED,ISSUE51EA81655A
TXN0B211AD414,BB002,A+,Plasma,DONATION,1.0,2023-02-05 17:09:00,DONATION0608,,,POSTED,
TXN93D21910BD,BB002,A+,Plasma,ISSUE,2.0,2023-02-07 08:48:00,,,,POSTED,ISSUE7DE9DF7DFE
TXN94CD46711A,BB011,O+,RBC,DONATION,1.0,2023-02-07 08:57:00,DONATION1011,,,POSTED,
TXND0F813F081,BB004,O+,Plasma,EXPIRY,3.0,2023-02-07 09:23:00,,,,POSTED,
TXNA5624AEB81,BB011,O+,Plasma,DONATION,1.0,2023-02-07 10:31:00,DONATION1011,,,POSTED,
TXNAD26E78461,BB011,O+,Platelets,DONATION,1.0,2023-02-07 14:06:00,DONATION1011,,,POSTED,
TXN0FB6FE8CA6,BB008,B+,Plasma,DONATION,1.0,2023-02-08 13:22:00,DONATION1089,,,POSTED,
TXN4B2A346B39,BB003,AB+,RBC,DONATION,1.0,2023-02-08 16:58:00,DONATION1643,,,POSTED,
TXN54A19EA7D0,BB008,B+,RBC,DONATION,1.0,2023-02-08 17:31:00,DONATION1089,,,POSTED,
TXNB94FA66F0E,BB008,B+,Platelets,DONATION,1.0,2023-02-08 18:15:00,DONATION1089,,,POSTED,
TXN5061DF3278,BB003,AB+,Plasma,DONATION,1.0,2023-02-08 18:23:00,DONATION1643,,,POSTED,
TXN713A4B56B9,BB005,B+,Plasma,EXPIRY,2.0,2023-02-09 14:33:00,,,,POSTED,
TXN735569BE21,BB015,A+,Plasma,DONATION,3.0,2023-02-09 15:26:00,DONATION0324,,,POSTED,
TXN4C799CAD31,BB015,A+,RBC,DONATION,3.0,2023-02-09 15:38:00,DONATION0324,,,POSTED,
TXNCBFE24FB78,BB015,A+,Platelets,DONATION,3.0,2023-02-09 16:07:00,DONATION0324,,,POSTED,
TXN849205F510,BB019,O+,RBC,ISSUE,3.0,2023-02-10 15:27:00,,,,POSTED,ISSUE6C58D18574
TXND5BDCBAA49,BB008,B+,Plasma,ISSUE,2.0,2023-02-10 18:42:00,,,,POSTED,ISSUEDE051CE5D6
TXNA3844E6324,BB014,AB+,RBC,DONATION,2.0,2023-02-11 09:28:00,DONATION1238,,,POSTED,
TXNDDB5AE81F2,BB014,AB+,Platelets,DONATION,2.0,2023-02-11 10:19:00,DONATION1238,,,POSTED,
TXN500B2191B0,BB014,AB+,Plasma,DONATION,2.0,2023-02-11 12:23:00,DONATION1238,,,POSTED,
TXN9DD7F26A29,BB015,A+,RBC,ISSUE,5.0,2023-02-11 14:43:00,,,,POSTED,ISSUECC10E4E03D
TXNA5D996E4AD,BB002,A+,Platelets,DONATION,3.0,2023-02-12 12:24:00,DONATION0356,,,POSTED,
TXN6A02F2A8F6,BB002,A+,RBC,DONATION,3.0,2023-02-12 16:33:00,DONATION0356,,,POSTED,
TXN4D98D531E8,BB002,A+,Plasma,DONATION,3.0,2023-02-12 17:10:00,DONATION0356,,,POSTED,
TXN0582D4DFF7,BB002,A+,Plasma,ISSUE,2.0,2023-02-13 13:02:00,,,,POSTED,ISSUE4ECFD9BDAF
TXN6501C7370E,BB011,O+,Plasma,ISSUE,4.0,2023-02-13 13:42:00,,,,POSTED,ISSUE4A9725C012
TXN8159238286,BB014,O-,RBC,DONATION,3.0,2023-02-14 08:07:00,DONATION1437,,,POSTED,
TXNC3C95F9D30,BB014,O-,Platelets,DONATION,3.0,2023-02-14 17:39:00,DONATION1437,,,POSTED,
TXN9E49A546C4,BB014,O-,Plasma,DONATION,3.0,2023-02-14 18:21:00,DONATION1437,,,POSTED,
TXN121CDF4057,BB012,O-,Plasma,DONATION,1.0,2023-02-15 09:02:00,DONATION0557,,,POSTED,
TXN7F97AAD6B5,BB008,B+,RBC,ISSUE,4.0,2023-02-15 11:31:00,,,,POSTED,ISSUECCDB0192F3
TXNC18D055EA6,BB012,O-,RBC,DONATION,1.0,2023-02-15 11:59:00,DONATION0557,,,POSTED,
TXN33A4520AAA,BB014,AB+,Platelets,EXPIRY,1.0,2023-02-16 14:29:00,,,,POSTED,
TXN759FA0A612,BB014,O-,Platelets,ISSUE,2.0,2023-02-16 16:47:00,,,,POSTED,ISSUEF002A77FA0
TXN39E892F8F5,BB011,O+,RBC,ISSUE,3.0,2023-02-17 10:17:00,,,,POSTED,ISSUEC10B168817
TXN607ECCFE45,BB008,O+,Plasma,DONATION,2.0,2023-02-17 15:01:00,DONATION1922,,,POSTED,
TXN7C92E6559C,BB015,A+,Plasma,ISSUE,6.0,2023-02-17 15:04:00,,,,POSTED,ISSUEA735F6939D
TXN3DCA151D6F,BB008,O+,RBC,DONATION,2.0,2023-02-17 15:31:00,DONATION1922,,,POSTED,
TXN8B6B42677B,BB013,AB+,RBC,EXPIRY,1.0,2023-02-17 18:41:00,,,,POSTED,
TXN2B6EA6E075,BB003,AB+,RBC,ISSUE,1.0,2023-02-18 14:42:00,,,,POSTED,ISSUEE418A54556
TXN443A418FFF,BB002,O+,RBC,DONATION,3.0,2023-02-18 16:26:00,DONATION0275,,,POSTED,
TXN7162A1BB44,BB002,O+,Plasma,DONATION,3.0,2023-02-18 17:47:00,DONATION0275,,,POSTED,
TXN216673E243,BB002,O+,RBC,ISSUE,4.0,2023-02-19 08:47:00,,,,POSTED,ISSUE1E4833848F
TXNF686873F46,BB002,O+,Plasma,ISSUE,2.0,2023-02-19 13:48:00,,,,POSTED,ISSUEA780430359
TXNF085B4CA86,BB002,A+,Platelets,ISSUE,4.0,2023-02-19 16:23:00,,,,POSTED,ISSUE518A242587
TXN7C3FAA3F5C,BB002,A+,RBC,ISSUE,2.0,2023-02-19 18:39:00,,,,POSTED,ISSUE1E2A5DACBE
TXNEB098DEEEF,BB014,O-,Plasma,ISSUE,1.0,2023-02-22 11:45:00,,,,POSTED,ISSUE591DD2A884
TXNC9F64AA6EA,BB008,O+,Plasma,ISSUE,2.0,2023-02-22 14:45:00,,,,POSTED,ISSUE6B1D9797CE
TXNF2BBB2E53F,BB019,AB-,Platelets,DONATION,1.0,2023-02-24 11:12:00,DONATION1851,,,POSTED,
TXN98A085D3EA,BB019,AB-,RBC,DONATION,1.0,2023-02-24 15:52:00,DONATION1851,,,POSTED,
TXN58D0836E5C,BB012,O-,Plasma,ISSUE,1.0,2023-02-24 16:59:00,,,,POSTED,ISSUEAC5E9322DF
TXN508988513A,BB019,AB-,Plasma,DONATION,1.0,2023-02-24 18:31:00,DONATION1851,,,POSTED,
TXNBDCEEEC39D,BB017,A+,Plasma,EXPIRY,1.0,2023-02-25 12:11:00,,,,POSTED,
TXNB257D112EC,BB001,O+,RBC,EXPIRY,3.0,2023-02-25 16:17:00,,,,POSTED,
TXNC4F17C5143,BB006,A-,Plasma,EXPIRY,1.0,2023-02-25 16:30:00,,,,POSTED,
TXN7809FEDE4B,BB010,A-,RBC,EXPIRY,1.0,2023-02-27 14:17:00,,,,POSTED,
TXN755DB94B7E,BB019,AB-,Platelets,EXPIRY,1.0,2023-03-01 10:42:00,,,,POSTED,
TXN8F4EBA37FD,BB009,AB+,Platelets,DONATION,2.0,2023-03-02 08:09:00,DONATION1697,,,POSTED,
TXN3F8789990A,BB009,AB+,Plasma,DONATION,2.0,2023-03-02 15:14:00,DONATION1697,,,POSTED,
TXNB6C415B977,BB009,AB+,RBC,DONATION,2.0,2023-03-02 15:35:00,DONATION1697,,,POSTED,
TXNCCB3BBE816,BB018,AB+,Platelets,DONATION,2.0,2023-03-06 09:52:00,DONATION1917,,,POSTED,
TXNA95B8BC9ED,BB018,AB+,Plasma,DONATION,2.0,2023-03-06 10:08:00,DONATION1917,,,POSTED,
TXN8DE22755AB,BB012,B+,RBC,EXPIRY,1.0,2023-03-06 11:59:00,,,,POSTED,
TXND61AADD5A6,BB018,AB+,RBC,DONATION,2.0,2023-03-06 12:05:00,DONATION1917,,,POSTED,
TXNBDEEBB968A,BB019,B-,Plasma,EXPIRY,1.0,2023-03-08 11:57:00,,,,POSTED,
TXNFFE5AC52E0,BB018,AB+,Platelets,EXPIRY,1.0,2023-03-11 13:41:00,,,,POSTED,
TXN9F0479FECC,BB018,AB+,RBC,ISSUE,1.0,2023-03-11 15:01:00,,,,POSTED,ISSUE6F2B96611F
TXN2FE85C1EFC,BB003,O+,Plasma,EXPIRY,2.0,2023-03-12 16:51:00,,,,POSTED,
TXN41A147C2CF,BB010,O-,Plasma,EXPIRY,1.0,2023-03-14 17:43:00,,,,POSTED,
TXN80E3A18F19,BB006,O+,Plasma,DONATION,1.0,2023-03-17 10:36:00,DONATION0708,,,POSTED,
TXNF8408A96F9,BB006,O+,RBC,DONATION,1.0,2023-03-17 16:36:00,DONATION0708,,,POSTED,
TXNCA7A458DB4,BB008,B+,RBC,EXPIRY,1.0,2023-03-22 16:53:00,,,,POSTED,
TXNFE008E5748,BB003,AB+,RBC,EXPIRY,1.0,2023-03-22 18:17:00,,,,POSTED,
TXN0AA49AAED8,BB006,O+,RBC,ISSUE,2.0,2023-03-25 14:00:00,,,,POSTED,ISSUEAAAD84FC0E
TXNF174D9D992,BB018,AB+,Platelets,DONATION,1.0,2023-03-28 10:36:00,DONATION0318,,,POSTED,
TXN63DABC3E61,BB018,AB+,RBC,DONATION,1.0,2023-03-28 12:58:00,DONATION0318,,,POSTED,
TXN2BFCD4C220,BB018,AB+,Plasma,DONATION,1.0,2023-03-28 13:22:00,DONATION0318,,,POSTED,
TXNB8F5363E8B,BB020,A+,RBC,DONATION,2.0,2023-03-30 10:51:00,DONATION0796,,,POSTED,
TXN7E219BAA53,BB020,A+,Plasma,DONATION,2.0,2023-03-30 18:19:00,DONATION0796,,,POSTED,
TXN341D4FFC27,BB009,AB+,Platelets,DONATION,2.0,2023-04-02 10:13:00,DONATION1363,,,POSTED,
TXNB5028D4E3E,BB011,AB-,Plasma,EXPIRY,1.0,2023-04-02 11:20:00,,,,POSTED,
TXN7950231400,BB009,AB+,RBC,DONATION,2.0,2023-04-02 12:58:00,DONATION1363,,,POSTED,
TXNE5D8A24ADF,BB009,AB+,Plasma,DONATION,2.0,2023-04-02 17:21:00,DONATION1363,,,POSTED,
TXN7E8BAC0287,BB008,AB+,Plasma,DONATION,2.0,2023-04-03 12:01:00,DONATION1461,,,POSTED,
TXN772E4C25FA,BB008,AB+,RBC,DONATION,2.0,2023-04-03 18:47:00,DONATION1461,,,POSTED,
TXN83E0A96594,BB002,B+,Plasma,DONATION,1.0,2023-04-05 10:39:00,DONATION1780,,,POSTED,
TXN9CC3102335,BB018,AB+,RBC,ISSUE,1.0,2023-04-05 12:37:00,,,,POSTED,ISSUE14307E6FCB
TXN39F564D467,BB002,B+,Platelets,DONATION,1.0,2023-04-05 14:12:00,DONATION1780,,,POSTED,
TXN701A1CA93D,BB002,B+,RBC,DONATION,1.0,2023-04-05 18:21:00,DONATION1780,,,POSTED,
TXNE066B5FC55,BB002,B+,RBC,ISSUE,1.0,2023-04-09 08:43:00,,,,POSTED,ISSUEED937A0555
TXN32D4171A60,BB019,A+,Plasma,DONATION,1.0,2023-04-09 09:08:00,DONATION1271,,,POSTED,
TXN28DCB5B135,BB019,A+,Platelets,DONATION,1.0,2023-04-09 13:35:00,DONATION1271,,,POSTED,
TXNC712EE065A,BB013,O+,RBC,DONATION,1.0,2023-04-09 14:12:00,DONATION0879,,,POSTED,
TXN2936452BCD,BB019,A+,RBC,DONATION,1.0,2023-04-09 16:50:00,DONATION1271,,,POSTED,
TXN76340D8122,BB013,O+,Plasma,DONATION,1.0,2023-04-09 18:09:00,DONATION0879,,,POSTED,
TXN2167C3EB08,BB009,B+,Plasma,DONATION,1.0,2023-04-11 08:54:00,DONATION0090,,,POSTED,
TXND90F0AD690,BB009,B+,Platelets,DONATION,1.0,2023-04-11 11:52:00,DONATION0090,,,POSTED,
TXN36D3FEDFDC,BB019,A+,Plasma,EXPIRY,2.0,2023-04-11 13:36:00,,,,POSTED,
TXN94B1A5A574,BB009,B+,RBC,DONATION,1.0,2023-04-11 14:55:00,DONATION0090,,,POSTED,
TXN62F691394B,BB020,O+,Plasma,DONATION,1.0,2023-04-12 09:25:00,DONATION1887,,,POSTED,
TXN0C5A6C26DF,BB020,O+,Platelets,DONATION,1.0,2023-04-12 11:49:00,DONATION1887,,,POSTED,
TXN6A36A06F7D,BB020,O+,RBC,DONATION,1.0,2023-04-12 17:24:00,DONATION1887,,,POSTED,
TXN02311C029D,BB017,B+,RBC,DONATION,1.0,2023-04-14 09:03:00,DONATION0827,,,POSTED,
TXN458002F8FB,BB017,B+,Plasma,DONATION,1.0,2023-04-14 11:38:00,DONATION0827,,,POSTED,
TXNA0B3A5C8F2,BB018,A+,RBC,DONATION,1.0,2023-04-14 15:51:00,DONATION1949,,,POSTED,
TXNE24127D33C,BB018,A+,Plasma,DONATION,1.0,2023-04-14 15:53:00,DONATION1949,,,POSTED,
TXNAD46EE1F71,BB017,B+,Platelets,DONATION,1.0,2023-04-14 16:30:00,DONATION0827,,,POSTED,
TXN8F441040AC,BB002,B+,Plasma,ISSUE,1.0,2023-04-14 17:03:00,,,,POSTED,ISSUEE9697DFCC8
TXN9DD06D7F52,BB020,O+,RBC,ISSUE,2.0,2023-04-15 10:02:00,,,,POSTED,ISSUEA7174A3FA0
TXN40E0F45F3E,BB017,B+,Plasma,ISSUE,2.0,2023-04-16 08:47:00,,,,POSTED,ISSUE13D5922AC0
TXN141178B852,BB018,A+,RBC,ISSUE,2.0,2023-04-16 09:50:00,,,,POSTED,ISSUEBBA16CA1F5
TXN72B158DD7C,BB009,B+,Platelets,EXPIRY,2.0,2023-04-16 18:46:00,,,,POSTED,
TXNA73D6A142F,BB018,AB+,RBC,EXPIRY,1.0,2023-04-17 09:05:00,,,,POSTED,
TXN09F4FE88FE,BB017,B+,Platelets,ISSUE,1.0,2023-04-17 13:54:00,,,,POSTED,ISSUE707E77317D
TXN6E449E053A,BB009,B+,RBC,ISSUE,4.0,2023-04-18 10:00:00,,,,POSTED,ISSUEB9492BE8EB
TXN222021E957,BB019,A+,Platelets,ISSUE,1.0,2023-04-19 08:46:00,,,,POSTED,ISSUEBD2D89BDD9
TXND3A0FBD21C,BB013,B+,RBC,DONATION,1.0,2023-04-19 08:48:00,DONATION0007,,,POSTED,
TXN69C697F8AB,BB013,B+,Plasma,DONATION,1.0,2023-04-19 10:44:00,DONATION0007,,,POSTED,
TXN9AEFCE7654,BB013,B+,Platelets,DONATION,1.0,2023-04-19 12:09:00,DONATION0007,,,POSTED,
TXNC26A4470EE,BB018,A+,Plasma,DONATION,1.0,2023-04-20 08:43:00,DONATION1554,,,POSTED,
TXN5536C61229,BB018,A+,Platelets,DONATION,1.0,2023-04-20 09:00:00,DONATION1554,,,POSTED,
TXNB8A5D2B2B0,BB009,B+,Plasma,ISSUE,2.0,2023-04-20 11:49:00,,,,POSTED,ISSUE716BBDC475
TXN24AFBE7F7F,BB018,A+,RBC,DONATION,1.0,2023-04-20 13:35:00,DONATION1554,,,POSTED,
TXN535D351646,BB019,AB+,Plasma,EXPIRY,1.0,2023-04-21 15:46:00,,,,POSTED,
TXN214BCBC583,BB006,B-,RBC,DONATION,2.0,2023-04-23 10:30:00,DONATION1489,,,POSTED,
TXN2DFE09DAEB,BB006,B-,Plasma,DONATION,2.0,2023-04-23 14:04:00,DONATION1489,,,POSTED,
TXN470FCFD46E,BB006,B-,Platelets,DONATION,2.0,2023-04-23 17:27:00,DONATION1489,,,POSTED,
TXN654A7E272F,BB005,O-,RBC,DONATION,2.0,2023-04-24 09:05:00,DONATION1138,,,POSTED,
TXN7BC0D7F531,BB001,B+,RBC,DONATION,2.0,2023-04-24 11:04:00,DONATION0125,,,POSTED,
TXN838FCD7565,BB001,B+,Plasma,DONATION,2.0,2023-04-24 14:26:00,DONATION0125,,,POSTED,
TXN8CC7FDC8F7,BB001,B+,Platelets,DONATION,2.0,2023-04-24 15:26:00,DONATION0125,,,POSTED,
TXNE916F49598,BB005,O-,Plasma,DONATION,2.0,2023-04-24 15:42:00,DONATION1138,,,POSTED,
TXN4306409CCA,BB005,O-,Platelets,DONATION,2.0,2023-04-24 17:34:00,DONATION1138,,,POSTED,
TXN30613B3C05,BB014,O-,Plasma,DONATION,2.0,2023-04-25 12:49:00,DONATION0758,,,POSTED,
TXN0AA0745F2E,BB014,O-,RBC,DONATION,2.0,2023-04-25 13:10:00,DONATION0758,,,POSTED,
TXNFB10AE4E95,BB018,A+,Platelets,ISSUE,4.0,2023-04-25 17:32:00,,,,POSTED,ISSUEC862395FCD
TXNE5AB8B36AC,BB014,O-,Platelets,DONATION,2.0,2023-04-25 17:43:00,DONATION0758,,,POSTED,
TXNAE2E9BEFEB,BB001,B+,RBC,ISSUE,3.0,2023-04-26 10:22:00,,,,POSTED,ISSUED43571A756
TXNA3AF9EC98B,BB018,A+,RBC,DONATION,2.0,2023-04-30 08:03:00,DONATION0059,,,POSTED,
TXNB509A4ADE0,BB018,A+,Plasma,DONATION,2.0,2023-04-30 17:30:00,DONATION0059,,,POSTED,
TXN1071C5DC75,BB014,A+,Plasma,EXPIRY,1.0,2023-05-01 12:49:00,,,,POSTED,
TXN1377E43B49,BB001,B+,Plasma,ISSUE,2.0,2023-05-01 14:41:00,,,,POSTED,ISSUE65D7C58CC5
TXN7320FC7F06,BB005,O+,Platelets,DONATION,2.0,2023-05-04 12:48:00,DONATION1674,,,POSTED,
TXN69ACEA3CB0,BB007,AB-,Platelets,DONATION,1.0,2023-05-04 14:24:00,DONATION0601,,,POSTED,
TXN1235D775FB,BB005,O+,RBC,DONATION,2.0,2023-05-04 16:21:00,DONATION1674,,,POSTED,
TXN1F9D4D000D,BB005,O+,Plasma,DONATION,2.0,2023-05-04 18:45:00,DONATION1674,,,POSTED,
TXNB978853668,BB007,AB-,Plasma,DONATION,1.0,2023-05-04 18:48:00,DONATION0601,,,POSTED,
TXN1960D944DA,BB007,AB-,RBC,DONATION,1.0,2023-05-04 18:54:00,DONATION0601,,,POSTED,
TXNF5CA7F620D,BB005,O+,Platelets,ISSUE,1.0,2023-05-05 09:26:00,,,,POSTED,ISSUED83167A249
TXNE8A3E7A1A2,BB019,AB+,Plasma,DONATION,1.0,2023-05-05 11:09:00,DONATION0921,,,POSTED,
TXNCF4C7EAC95,BB018,A+,Plasma,ISSUE,7.0,2023-05-05 16:34:00,,,,POSTED,ISSUEDDB5D77367
TXNBAD1339360,BB019,AB+,RBC,DONATION,1.0,2023-05-05 18:19:00,DONATION0921,,,POSTED,
TXN7673CA266D,BB018,O-,Platelets,DONATION,1.0,2023-05-06 08:42:00,DONATION0974,,,POSTED,
TXN5A346BB5EF,BB005,A+,RBC,DONATION,1.0,2023-05-06 09:22:00,DONATION1053,,,POSTED,
TXN69DAB8F1E0,BB018,O-,RBC,DONATION,1.0,2023-05-06 11:44:00,DONATION0974,,,POSTED,
TXN7669669B4A,BB005,A+,Plasma,DONATION,1.0,2023-05-06 11:56:00,DONATION1053,,,POSTED,
TXN4A0782490C,BB005,A+,Platelets,DONATION,1.0,2023-05-06 13:21:00,DONATION1053,,,POSTED,
TXN5E9CD28007,BB018,O-,Plasma,DONATION,1.0,2023-05-06 15:21:00,DONATION0974,,,POSTED,
TXN08C3056FF9,BB001,A+,Platelets,DONATION,3.0,2023-05-07 11:09:00,DONATION0458,,,POSTED,
TXNEA186105A9,BB001,A+,RBC,DONATION,3.0,2023-05-07 13:15:00,DONATION0458,,,POSTED,
TXN016BAD2412,BB001,A+,Plasma,DONATION,3.0,2023-05-07 15:07:00,DONATION0458,,,POSTED,
TXN5E5B0D1CAB,BB005,O+,RBC,ISSUE,2.0,2023-05-08 12:10:00,,,,POSTED,ISSUEAF9BF94D7D
TXN423E67D495,BB019,AB+,RBC,ISSUE,2.0,2023-05-09 10:58:00,,,,POSTED,ISSUEF253F62D54
TXN4097795E92,BB007,AB-,Platelets,EXPIRY,1.0,2023-05-09 18:43:00,,,,POSTED,
TXN6FEEECC529,BB005,O+,Plasma,ISSUE,4.0,2023-05-11 12:46:00,,,,POSTED,ISSUE115F875024
TXN2F0DB189E3,BB016,O-,Plasma,EXPIRY,1.0,2023-05-11 13:11:00,,,,POSTED,
TXNCA0B5AD624,BB005,A+,Platelets,EXPIRY,1.0,2023-05-11 14:38:00,,,,POSTED,
TXN0CEBCC189C,BB001,AB+,Plasma,DONATION,1.0,2023-05-14 18:23:00,DONATION1350,,,POSTED,
TXN7FD7FC5B70,BB001,AB+,RBC,DONATION,1.0,2023-05-14 18:54:00,DONATION1350,,,POSTED,
TXNECF4B7640E,BB008,B+,Plasma,DONATION,1.0,2023-05-15 09:19:00,DONATION1679,,,POSTED,
TXN5DDF0E0BC5,BB018,O-,Platelets,ISSUE,1.0,2023-05-15 16:45:00,,,,POSTED,ISSUE25CC584E17
TXN8AA87287BE,BB008,B+,Platelets,DONATION,1.0,2023-05-15 17:53:00,DONATION1679,,,POSTED,
TXN3E1B43E32C,BB008,B+,RBC,DONATION,1.0,2023-05-15 18:35:00,DONATION1679,,,POSTED,
TXNA2ABE69F35,BB012,O+,Plasma,DONATION,1.0,2023-05-17 14:43:00,DONATION1544,,,POSTED,
TXNE0A94C69F8,BB012,O+,RBC,DONATION,1.0,2023-05-17 16:14:00,DONATION1544,,,POSTED,
TXN3C07F3D90F,BB008,O+,Plasma,DONATION,2.0,2023-05-17 16:45:00,DONATION1718,,,POSTED,
TXN4BD876BF49,BB008,O+,RBC,DONATION,2.0,2023-05-17 16:54:00,DONATION1718,,,POSTED,
TXN8899B6E4B3,BB013,A+,Plasma,DONATION,1.0,2023-05-18 10:34:00,DONATION0745,,,POSTED,
TXN383276CBBC,BB001,AB+,Plasma,ISSUE,1.0,2023-05-18 11:29:00,,,,POSTED,ISSUEA6347FA008
TXNB516DAE3F3,BB013,A+,RBC,DONATION,1.0,2023-05-18 11:51:00,DONATION0745,,,POSTED,
TXNBCC1A59621,BB013,A+,Platelets,DONATION,1.0,2023-05-18 17:40:00,DONATION0745,,,POSTED,
TXN0B50AAA37B,BB008,O+,Plasma,ISSUE,2.0,2023-05-19 14:55:00,,,,POSTED,ISSUE0EA550E165
TXN9CB53479EF,BB013,O+,RBC,EXPIRY,1.0,2023-05-21 15:00:00,,,,POSTED,
TXNB35927F18C,BB008,A+,Plasma,DONATION,2.0,2023-05-22 10:01:00,DONATION0799,,,POSTED,
TXN82FA4DD8E7,BB008,A+,RBC,DONATION,2.0,2023-05-22 12:16:00,DONATION0799,,,POSTED,
TXN53BFD4326F,BB012,O+,Plasma,ISSUE,1.0,2023-05-25 18:29:00,,,,POSTED,ISSUEA1C986D178
TXN276CF8A1E1,BB003,O+,Plasma,DONATION,1.0,2023-05-27 09:53:00,DONATION1781,,,POSTED,
TXN6330A21A7F,BB003,O+,RBC,DONATION,1.0,2023-05-27 15:40:00,DONATION1781,,,POSTED,
TXNB20FC66BE9,BB002,O+,Platelets,DONATION,1.0,2023-05-29 08:26:00,DONATION1999,,,POSTED,
TXN80434D5646,BB008,O+,RBC,DONATION,1.0,2023-05-29 09:15:00,DONATION1265,,,POSTED,
TXN161574384B,BB002,O+,Plasma,DONATION,1.0,2023-05-29 09:35:00,DONATION1999,,,POSTED,
TXN5B6700A6C6,BB008,O+,Platelets,DONATION,1.0,2023-05-29 10:50:00,DONATION1265,,,POSTED,
TXNC5BA93A4C5,BB002,O+,RBC,DONATION,1.0,2023-05-29 15:00:00,DONATION1999,,,POSTED,
TXN672C0068E8,BB008,O+,Plasma,DONATION,1.0,2023-05-29 18:27:00,DONATION1265,,,POSTED,
TXN991EC1E38C,BB020,O+,RBC,DONATION,2.0,2023-06-01 14:38:00,DONATION1129,,,POSTED,
TXNF1DAD9B1CE,BB020,O+,Plasma,DONATION,2.0,2023-06-01 17:40:00,DONATION1129,,,POSTED,
TXNCD028862D2,BB008,O+,Plasma,ISSUE,3.0,2023-06-01 18:33:00,,,,POSTED,ISSUE7C77D7C8EC
TXN47161ED85F,BB020,O+,Platelets,DONATION,2.0,2023-06-01 18:52:00,DONATION1129,,,POSTED,
TXN5F40E85902,BB020,B+,RBC,DONATION,2.0,2023-06-02 08:28:00,DONATION0487,,,POSTED,
TXNA76062871F,BB020,B+,Platelets,DONATION,2.0,2023-06-02 11:26:00,DONATION0487,,,POSTED,
TXNDB4A6D6550,BB020,B+,Plasma,DONATION,2.0,2023-06-02 13:26:00,DONATION0487,,,POSTED,
TXNB722242C1D,BB006,O+,RBC,DONATION,2.0,2023-06-03 08:09:00,DONATION1666,,,POSTED,
TXN82228C5379,BB006,O+,Platelets,DONATION,2.0,2023-06-03 10:39:00,DONATION1666,,,POSTED,
TXN6A0206BC3A,BB008,A+,Plasma,EXPIRY,1.0,2023-06-03 10:47:00,,,,POSTED,
TXN0179D81A29,BB009,A+,Plasma,DONATION,1.0,2023-06-03 11:12:00,DONATION1189,,,POSTED,
TXN25AA0455BE,BB009,A+,RBC,DONATION,1.0,2023-06-03 12:13:00,DONATION1189,,,POSTED,
TXNECA34BDDC9,BB006,O+,Plasma,DONATION,2.0,2023-06-03 13:18:00,DONATION1666,,,POSTED,
TXNC5332E918D,BB008,O+,RBC,DONATION,1.0,2023-06-05 11:29:00,DONATION0138,,,POSTED,
TXN052FA6BABD,BB008,O+,Plasma,DONATION,1.0,2023-06-05 13:21:00,DONATION0138,,,POSTED,
TXN50CD93F8EE,BB001,B+,RBC,EXPIRY,1.0,2023-06-05 14:16:00,,,,POSTED,
TXNF6D53A8477,BB020,O+,Plasma,ISSUE,1.0,2023-06-05 14:29:00,,,,POSTED,ISSUE0CB015F126
TXN639422B200,BB005,O+,RBC,DONATION,1.0,2023-06-06 09:18:00,DONATION1088,,,POSTED,
TXN19A20A1825,BB005,O+,Platelets,DONATION,1.0,2023-06-06 11:46:00,DONATION1088,,,POSTED,
TXN65B4054470,BB005,O+,Plasma,DONATION,1.0,2023-06-06 18:04:00,DONATION1088,,,POSTED,
TXN32F0273E84,BB013,A+,RBC,DONATION,2.0,2023-06-08 08:18:00,DONATION1352,,,POSTED,
TXNA02D75FA02,BB013,A+,Platelets,DONATION,2.0,2023-06-08 14:32:00,DONATION1352,,,POSTED,
TXNCCF2DBBB19,BB013,A+,Plasma,DONATION,2.0,2023-06-08 18:24:00,DONATION1352,,,POSTED,
TXNF213C2A05D,BB020,B+,RBC,ISSUE,2.0,2023-06-09 08:56:00,,,,POSTED,ISSUE158060D806
TXNE681C20F47,BB018,A+,Plasma,DONATION,2.0,2023-06-10 08:10:00,DONATION1913,,,POSTED,
TXN115DCF9B37,BB018,A+,RBC,DONATION,2.0,2023-06-10 14:07:00,DONATION1913,,,POSTED,
TXN10C07BB79E,BB013,A+,Plasma,DONATION,2.0,2023-06-11 08:25:00,DONATION0467,,,POSTED,
TXNFFD2A6489C,BB013,A+,RBC,DONATION,2.0,2023-06-11 14:23:00,DONATION0467,,,POSTED,
TXNE661E20C5C,BB013,A+,Platelets,DONATION,2.0,2023-06-11 16:12:00,DONATION0467,,,POSTED,
TXN522711B2BC,BB016,O+,RBC,DONATION,1.0,2023-06-12 09:23:00,DONATION0599,,,POSTED,
TXN40C5800959,BB016,O+,Plasma,DONATION,1.0,2023-06-12 14:29:00,DONATION0599,,,POSTED,
TXN46C1BE05B4,BB006,O+,Platelets,ISSUE,1.0,2023-06-12 16:37:00,,,,POSTED,ISSUE81472B6226
TXN05B6F754D9,BB008,O+,Plasma,ISSUE,3.0,2023-06-15 09:28:00,,,,POSTED,ISSUEFB77ED141C
TXN5A0E1665A3,BB018,A+,RBC,ISSUE,1.0,2023-06-15 10:47:00,,,,POSTED,ISSUEC35D6A2CB5
TXNBF9FB0203F,BB005,A+,RBC,DONATION,3.0,2023-06-15 14:59:00,DONATION1672,,,POSTED,
TXNB9199A7CAF,BB005,A+,Plasma,DONATION,3.0,2023-06-15 15:49:00,DONATION1672,,,POSTED,
TXN7299C68665,BB005,A+,Platelets,DONATION,3.0,2023-06-15 15:59:00,DONATION1672,,,POSTED,
TXNEA915B23B2,BB013,A+,Platelets,ISSUE,2.0,2023-06-15 17:06:00,,,,POSTED,ISSUEB3647EC936
TXNF28C47CA5D,BB013,A+,Platelets,ISSUE,3.0,2023-06-16 09:24:00,,,,POSTED,ISSUEAAB2D46DFF
TXNCED81E8251,BB017,O+,RBC,DONATION,2.0,2023-06-17 10:24:00,DONATION0838,,,POSTED,
TXN476C1D6B55,BB017,O+,Plasma,DONATION,2.0,2023-06-17 12:46:00,DONATION0838,,,POSTED,
TXNB2F16B3C1A,BB013,A+,RBC,ISSUE,2.0,2023-06-18 15:02:00,,,,POSTED,ISSUE9363E1791A
TXN85374519AD,BB015,O+,Plasma,EXPIRY,1.0,2023-06-18 16:01:00,,,,POSTED,
TXN9D928DDC16,BB013,A+,RBC,ISSUE,6.0,2023-06-18 16:45:00,,,,POSTED,ISSUEB827A4807E
TXNA8435EECA0,BB016,O+,RBC,ISSUE,2.0,2023-06-19 10:18:00,,,,POSTED,ISSUEEC39BF924B
TXNBEDC4DF7AF,BB012,O-,Platelets,DONATION,2.0,2023-06-19 13:54:00,DONATION0539,,,POSTED,
TXNE10A464725,BB012,O-,RBC,DONATION,2.0,2023-06-19 16:12:00,DONATION0539,,,POSTED,
TXN98BB6558E2,BB012,O-,Plasma,DONATION,2.0,2023-06-19 17:34:00,DONATION0539,,,POSTED,
TXNDD5B1A7627,BB003,O+,RBC,DONATION,1.0,2023-06-20 08:18:00,DONATION1658,,,POSTED,
TXNA053B22B9C,BB003,O+,Plasma,DONATION,1.0,2023-06-20 14:43:00,DONATION1658,,,POSTED,
TXN7FB7B4EF5A,BB016,AB+,Plasma,EXPIRY,1.0,2023-06-22 10:00:00,,,,POSTED,
TXN0857665D5E,BB017,O-,Platelets,DONATION,1.0,2023-06-23 11:24:00,DONATION1258,,,POSTED,
TXN4CC869D090,BB017,O-,RBC,DONATION,1.0,2023-06-23 12:52:00,DONATION1258,,,POSTED,
TXNAC41052AA4,BB017,O-,Plasma,DONATION,1.0,2023-06-23 14:53:00,DONATION1258,,,POSTED,
TXN6A404B437D,BB012,O-,Platelets,EXPIRY,1.0,2023-06-24 12:17:00,,,,POSTED,
TXNE3DA5C96DF,BB017,O-,RBC,ISSUE,1.0,2023-06-24 13:14:00,,,,POSTED,ISSUED1EA0DA441
TXN6B872D6C8E,BB003,O+,RBC,ISSUE,2.0,2023-06-24 14:09:00,,,,POSTED,ISSUEABAE4613F8
TXN4BEC386223,BB009,O+,RBC,DONATION,1.0,2023-06-25 10:00:00,DONATION0780,,,POSTED,
TXNDF59EEA81C,BB009,O+,Platelets,DONATION,1.0,2023-06-25 13:40:00,DONATION0780,,,POSTED,
TXNA6A6FA47FB,BB009,O+,Plasma,DONATION,1.0,2023-06-25 14:01:00,DONATION0780,,,POSTED,
TXN4765D9BC2D,BB017,O+,Plasma,ISSUE,3.0,2023-06-26 08:12:00,,,,POSTED,ISSUED403F27D75
TXNF9C7EBC802,BB019,A-,RBC,DONATION,1.0,2023-06-26 09:47:00,DONATION0578,,,POSTED,
TXN911951A2C1,BB019,A-,Plasma,DONATION,1.0,2023-06-26 15:58:00,DONATION0578,,,POSTED,
TXNA4FC686620,BB019,A-,Platelets,DONATION,1.0,2023-06-26 17:45:00,DONATION0578,,,POSTED,
TXN846B8DF095,BB017,O-,Plasma,ISSUE,1.0,2023-06-29 11:59:00,,,,POSTED,ISSUEFCB603E65D
TXNA5EB6AF67F,BB003,O+,Plasma,ISSUE,1.0,2023-06-29 14:19:00,,,,POSTED,ISSUEA94DB11DB3
TXN2FFA169012,BB020,A+,RBC,DONATION,1.0,2023-06-30 09:27:00,DONATION0465,,,POSTED,
TXNDB3B4F21D3,BB020,A+,Plasma,DONATION,1.0,2023-06-30 10:56:00,DONATION0465,,,POSTED,
TXNC54C7898E3,BB020,A+,Platelets,DONATION,1.0,2023-06-30 13:48:00,DONATION0465,,,POSTED,
TXN98F26AE504,BB019,A-,Plasma,ISSUE,1.0,2023-06-30 13:55:00,,,,POSTED,ISSUEB1E1117EB6
TXNB733199CA0,BB019,A-,Platelets,EXPIRY,1.0,2023-07-01 16:29:00,,,,POSTED,
TXNBA7DE17419,BB004,A+,Plasma,DONATION,1.0,2023-07-02 11:45:00,DONATION1014,,,POSTED,
TXN30F1633C33,BB020,A+,RBC,ISSUE,2.0,2023-07-02 13:17:00,,,,POSTED,ISSUE1C20CFF61A
TXN5B8629BC93,BB004,A+,Platelets,DONATION,1.0,2023-07-02 14:02:00,DONATION1014,,,POSTED,
TXN0384FEDCFD,BB004,A+,RBC,DONATION,1.0,2023-07-02 15:52:00,DONATION1014,,,POSTED,
TXNC078ED504F,BB013,B+,RBC,DONATION,1.0,2023-07-03 08:28:00,DONATION0353,,,POSTED,
TXN5B2E3E86BC,BB013,B+,Platelets,DONATION,1.0,2023-07-03 17:30:00,DONATION0353,,,POSTED,
TXNFC6801961D,BB013,B+,Plasma,DONATION,1.0,2023-07-03 17:41:00,DONATION0353,,,POSTED,
TXN08EADF78F5,BB019,O+,Platelets,DONATION,2.0,2023-07-05 09:06:00,DONATION1227,,,POSTED,
TXN734A86D201,BB019,O+,Plasma,DONATION,2.0,2023-07-05 09:13:00,DONATION1227,,,POSTED,
TXND61BC4D951,BB004,A+,Plasma,ISSUE,4.0,2023-07-05 12:23:00,,,,POSTED,ISSUEC268663F1A
TXN070087705D,BB019,O+,RBC,DONATION,2.0,2023-07-05 12:47:00,DONATION1227,,,POSTED,
TXN509EA8F0AB,BB004,A+,Platelets,ISSUE,1.0,2023-07-05 12:49:00,,,,POSTED,ISSUE66C9B1B9E2
TXN756DE796C2,BB019,O+,Plasma,ISSUE,2.0,2023-07-06 17:00:00,,,,POSTED,ISSUE0BCDDFC5B0
TXN1F0A68BF6D,BB018,A-,Plasma,EXPIRY,1.0,2023-07-07 13:54:00,,,,POSTED,
TXN4349FF67C8,BB001,A+,RBC,DONATION,2.0,2023-07-08 08:10:00,DONATION0752,,,POSTED,
TXN7F0B90B40A,BB009,B+,Plasma,DONATION,1.0,2023-07-08 10:24:00,DONATION0329,,,POSTED,
TXN851B04AC90,BB009,B+,RBC,DONATION,1.0,2023-07-08 14:11:00,DONATION0329,,,POSTED,
TXN1301CFA556,BB001,A+,Plasma,DONATION,2.0,2023-07-08 15:22:00,DONATION0752,,,POSTED,
TXNFAE8F1DCD4,BB020,A+,Platelets,ISSUE,1.0,2023-07-09 08:51:00,,,,POSTED,ISSUEC01FB41AAE
TXNF0F845E205,BB009,O+,Plasma,DONATION,1.0,2023-07-17 08:12:00,DONATION1259,,,POSTED,
TXN7E1AF95AD2,BB014,A+,Platelets,DONATION,1.0,2023-07-17 09:28:00,DONATION0052,,,POSTED,
TXN320B2351A7,BB009,O+,Platelets,DONATION,1.0,2023-07-17 09:33:00,DONATION1259,,,POSTED,
TXN2122166A75,BB014,A+,Plasma,DONATION,1.0,2023-07-17 10:17:00,DONATION0052,,,POSTED,
TXN793E8B3087,BB014,A+,RBC,DONATION,1.0,2023-07-17 10:27:00,DONATION0052,,,POSTED,
TXN662DD54373,BB005,A-,Plasma,DONATION,1.0,2023-07-17 10:30:00,DONATION1186,,,POSTED,
TXN73C6C872DA,BB005,A-,Platelets,DONATION,1.0,2023-07-17 11:57:00,DONATION1186,,,POSTED,
TXNBD18B0E132,BB009,O+,RBC,DONATION,1.0,2023-07-17 15:15:00,DONATION1259,,,POSTED,
TXNDA658B3BB6,BB005,A-,RBC,DONATION,1.0,2023-07-17 16:59:00,DONATION1186,,,POSTED,
TXN0C7C3DDCCB,BB005,A-,Platelets,ISSUE,1.0,2023-07-18 12:02:00,,,,POSTED,ISSUEFEA56927F4
TXN5C42A1E220,BB014,A+,Plasma,ISSUE,2.0,2023-07-18 16:06:00,,,,POSTED,ISSUEFF402FD5ED
TXN95E37E805A,BB019,A+,RBC,DONATION,1.0,2023-07-20 12:06:00,DONATION0147,,,POSTED,
TXNDC4CE06A35,BB019,A+,Plasma,DONATION,1.0,2023-07-20 17:01:00,DONATION0147,,,POSTED,
TXNFE732F2B9F,BB007,B+,RBC,DONATION,1.0,2023-07-21 08:58:00,DONATION0510,,,POSTED,
TXN5982D40D44,BB008,A-,Plasma,DONATION,1.0,2023-07-21 09:15:00,DONATION1878,,,POSTED,
TXN9DE75C2D09,BB007,B+,Plasma,DONATION,1.0,2023-07-21 10:26:00,DONATION0510,,,POSTED,
TXN393F61CF7B,BB008,A-,RBC,DONATION,1.0,2023-07-21 10:26:00,DONATION1878,,,POSTED,
TXN09938AB066,BB014,A+,Platelets,EXPIRY,1.0,2023-07-22 09:05:00,,,,POSTED,
TXN2FA2FCE72D,BB020,A+,RBC,DONATION,1.0,2023-07-22 12:50:00,DONATION0195,,,POSTED,
TXN39972F65AD,BB020,A+,Plasma,DONATION,1.0,2023-07-22 18:37:00,DONATION0195,,,POSTED,
TXN51B1101549,BB009,O+,RBC,ISSUE,2.0,2023-07-24 11:33:00,,,,POSTED,ISSUE177C874ACC
TXN98A10A4846,BB020,A+,RBC,ISSUE,5.0,2023-07-25 18:07:00,,,,POSTED,ISSUE2D34415CA1
TXN1651729326,BB019,A+,Plasma,ISSUE,2.0,2023-07-26 14:36:00,,,,POSTED,ISSUE89D110E2F8
TXNE3AADBD689,BB007,B+,RBC,DONATION,2.0,2023-07-27 12:36:00,DONATION1894,,,POSTED,
TXN0AA7F9CBDF,BB007,B+,Platelets,DONATION,2.0,2023-07-27 14:51:00,DONATION1894,,,POSTED,
TXNF1DE911DF0,BB007,B+,Plasma,DONATION,2.0,2023-07-27 17:27:00,DONATION1894,,,POSTED,
TXN888AE6AF3B,BB008,A-,RBC,ISSUE,1.0,2023-07-28 15:22:00,,,,POSTED,ISSUEF174A0E177
TXN47EBD9D7C8,BB004,O-,Plasma,EXPIRY,1.0,2023-07-31 14:43:00,,,,POSTED,
TXN41F565B7C3,BB009,B+,Plasma,EXPIRY,2.0,2023-08-01 18:57:00,,,,POSTED,
TXN3BC7A317B2,BB011,A+,Plasma,DONATION,1.0,2023-08-03 08:59:00,DONATION0548,,,POSTED,
TXN275A56DBF5,BB011,A+,RBC,DONATION,1.0,2023-08-03 09:34:00,DONATION0548,,,POSTED,
TXNED1FE28BCD,BB002,B+,Plasma,DONATION,1.0,2023-08-04 10:23:00,DONATION1105,,,POSTED,
TXN90353393EF,BB016,A+,RBC,DONATION,2.0,2023-08-04 13:49:00,DONATION0084,,,POSTED,
TXNC771A6FED2,BB002,B+,RBC,DONATION,1.0,2023-08-04 15:41:00,DONATION1105,,,POSTED,
TXN0C0C43C533,BB016,A+,Plasma,DONATION,2.0,2023-08-04 16:56:00,DONATION0084,,,POSTED,
TXN58AD53C8DC,BB007,B-,Plasma,DONATION,1.0,2023-08-04 17:00:00,DONATION1191,,,POSTED,
TXNC422388A1A,BB002,B+,Platelets,DONATION,1.0,2023-08-04 17:46:00,DONATION1105,,,POSTED,
TXN7B97BB7BF0,BB007,B-,RBC,DONATION,1.0,2023-08-04 18:31:00,DONATION1191,,,POSTED,
TXN53F2F831E6,BB005,A+,Plasma,DONATION,2.0,2023-08-06 12:57:00,DONATION1932,,,POSTED,
TXN175A663DE9,BB018,A+,RBC,DONATION,2.0,2023-08-06 15:14:00,DONATION0373,,,POSTED,
TXNDC875CED6D,BB018,A+,Platelets,DONATION,2.0,2023-08-06 15:57:00,DONATION0373,,,POSTED,
TXN1E4DBDC6DC,BB005,A+,RBC,DONATION,2.0,2023-08-06 16:04:00,DONATION1932,,,POSTED,
TXN207A5C5210,BB018,A+,Plasma,DONATION,2.0,2023-08-06 16:15:00,DONATION0373,,,POSTED,
TXNDCBFD390F2,BB008,A+,Platelets,DONATION,2.0,2023-08-07 08:26:00,DONATION0192,,,POSTED,
TXNBA30191F6B,BB008,A+,RBC,DONATION,2.0,2023-08-07 10:15:00,DONATION0192,,,POSTED,
TXNFA3DB6C083,BB008,A+,Plasma,DONATION,2.0,2023-08-07 10:35:00,DONATION0192,,,POSTED,
TXNB2993E0B3C,BB015,A+,RBC,DONATION,1.0,2023-08-07 11:36:00,DONATION0624,,,POSTED,
TXN92F587C2BA,BB019,A-,RBC,EXPIRY,1.0,2023-08-07 15:00:00,,,,POSTED,
TXNABC41D105A,BB015,A+,Plasma,DONATION,1.0,2023-08-07 16:10:00,DONATION0624,,,POSTED,
TXN8FBA9DF253,BB016,A+,RBC,ISSUE,3.0,2023-08-08 16:31:00,,,,POSTED,ISSUE736AF01884
TXN15D8790F4D,BB002,B+,Plasma,ISSUE,1.0,2023-08-09 15:10:00,,,,POSTED,ISSUE781E551789
TXN371716728B,BB010,A+,Platelets,DONATION,1.0,2023-08-10 12:21:00,DONATION1418,,,POSTED,
TXN33299A747C,BB010,A+,Plasma,DONATION,1.0,2023-08-10 12:30:00,DONATION1418,,,POSTED,
TXN201CC402C6,BB010,A+,RBC,DONATION,1.0,2023-08-10 16:04:00,DONATION1418,,,POSTED,
TXN9199F85147,BB018,A+,Plasma,ISSUE,2.0,2023-08-11 11:01:00,,,,POSTED,ISSUE554C9E7AF2
TXNDBBF9E7524,BB008,A+,RBC,ISSUE,6.0,2023-08-11 14:06:00,,,,POSTED,ISSUE0A73BD760B
TXN1815000CC7,BB007,B-,RBC,ISSUE,1.0,2023-08-12 11:57:00,,,,POSTED,ISSUE0C9B7CD032
TXNBF996A95A0,BB011,A+,Plasma,ISSUE,3.0,2023-08-12 12:16:00,,,,POSTED,ISSUE84BC16B006
TXN4F1EEC4FCE,BB006,O+,RBC,DONATION,1.0,2023-08-12 12:47:00,DONATION0022,,,POSTED,
TXN8E2DDD3D5F,BB006,O+,Plasma,DONATION,1.0,2023-08-12 17:27:00,DONATION0022,,,POSTED,
TXND0C404B59C,BB008,A+,Platelets,ISSUE,1.0,2023-08-12 18:35:00,,,,POSTED,ISSUEF3969B3004
TXN1E8014BBB8,BB005,A+,RBC,ISSUE,1.0,2023-08-13 13:56:00,,,,POSTED,ISSUE9B525C8BAB
TXNBBE89C098D,BB016,A-,Platelets,DONATION,1.0,2023-08-13 14:21:00,DONATION0409,,,POSTED,
TXN6AD562AD3F,BB016,A-,Plasma,DONATION,1.0,2023-08-13 14:47:00,DONATION0409,,,POSTED,
TXNA44E889A75,BB016,A-,RBC,DONATION,1.0,2023-08-13 14:56:00,DONATION0409,,,POSTED,
TXND9E142C561,BB016,A-,RBC,ISSUE,1.0,2023-08-14 10:42:00,,,,POSTED,ISSUE056D79D760
TXN5FCA5DF922,BB005,O-,Plasma,DONATION,1.0,2023-08-14 15:01:00,DONATION0594,,,POSTED,
TXNEC8FAE8EAB,BB005,O-,RBC,DONATION,1.0,2023-08-14 15:42:00,DONATION0594,,,POSTED,
TXN655176D5EA,BB005,O-,Platelets,DONATION,1.0,2023-08-14 16:26:00,DONATION0594,,,POSTED,
TXNFFCC0E3A16,BB011,A+,Plasma,EXPIRY,1.0,2023-08-15 09:43:00,,,,POSTED,
TXN029B9A7CC4,BB009,A+,RBC,DONATION,1.0,2023-08-15 12:35:00,DONATION1010,,,POSTED,
TXNE4FE735C0F,BB009,A+,Plasma,DONATION,1.0,2023-08-15 16:23:00,DONATION1010,,,POSTED,
TXNC3FB5A28AA,BB011,B+,RBC,DONATION,2.0,2023-08-18 09:20:00,DONATION1808,,,POSTED,
TXN96875E5F9C,BB005,O-,Platelets,ISSUE,1.0,2023-08-18 10:07:00,,,,POSTED,ISSUEE63060944C
TXN6FB0D8A3CF,BB016,B-,RBC,DONATION,2.0,2023-08-18 11:49:00,DONATION0970,,,POSTED,
TXN39B4E00113,BB016,B-,Plasma,DONATION,2.0,2023-08-18 12:53:00,DONATION0970,,,POSTED,
TXN3BFA8FF9B7,BB016,A-,Platelets,EXPIRY,1.0,2023-08-18 14:56:00,,,,POSTED,
TXND84CAE2B6A,BB011,B+,Plasma,DONATION,2.0,2023-08-18 17:19:00,DONATION1808,,,POSTED,
TXNB0F5450117,BB005,O-,Plasma,ISSUE,2.0,2023-08-19 13:41:00,,,,POSTED,ISSUEF9DB85C24C
TXNA14CB6003A,BB010,A+,RBC,ISSUE,1.0,2023-08-20 09:47:00,,,,POSTED,ISSUE24D86A47AB
TXN45F957ACD2,BB016,B-,RBC,ISSUE,1.0,2023-08-22 15:21:00,,,,POSTED,ISSUED087E07CDB
TXNAF599D326B,BB008,O+,Platelets,DONATION,3.0,2023-08-23 09:03:00,DONATION1986,,,POSTED,
TXN7628695417,BB008,O+,RBC,DONATION,3.0,2023-08-23 09:09:00,DONATION1986,,,POSTED,
TXN81B2031035,BB016,A-,Plasma,ISSUE,1.0,2023-08-23 10:28:00,,,,POSTED,ISSUEE510BDF57B
TXN32673F0E65,BB008,O+,Plasma,DONATION,3.0,2023-08-23 14:53:00,DONATION1986,,,POSTED,
TXNC0BAE0AF23,BB001,B+,Plasma,DONATION,2.0,2023-08-24 11:44:00,DONATION1147,,,POSTED,
TXN146B2D300B,BB001,B+,RBC,DONATION,2.0,2023-08-24 14:41:00,DONATION1147,,,POSTED,
TXN88F9786FE8,BB005,O-,Plasma,EXPIRY,1.0,2023-08-25 08:12:00,,,,POSTED,
TXN4F2D4B185B,BB013,O+,Plasma,DONATION,2.0,2023-08-27 08:26:00,DONATION1692,,,POSTED,
TXNE362BEEE59,BB013,O+,RBC,DONATION,2.0,2023-08-27 14:05:00,DONATION1692,,,POSTED,
TXN4ECD686B0D,BB018,O-,Plasma,DONATION,2.0,2023-08-30 10:06:00,DONATION1716,,,POSTED,
TXNCB77602DC8,BB012,A-,Plasma,DONATION,1.0,2023-08-30 12:28:00,DONATION0323,,,POSTED,
TXN21287ADAF8,BB013,O+,Plasma,ISSUE,3.0,2023-08-30 12:51:00,,,,POSTED,ISSUE1626C55A19
TXNF5F8A29CC8,BB014,A+,RBC,DONATION,2.0,2023-08-30 12:54:00,DONATION1744,,,POSTED,
TXN44364C3B22,BB014,A+,Plasma,DONATION,2.0,2023-08-30 14:12:00,DONATION1744,,,POSTED,
TXN7608428CBD,BB018,O-,RBC,DONATION,2.0,2023-08-30 14:21:00,DONATION1716,,,POSTED,
TXNC3883308EE,BB018,O-,Platelets,DONATION,2.0,2023-08-30 16:14:00,DONATION1716,,,POSTED,
TXN9C0968BFFE,BB012,A-,RBC,DONATION,1.0,2023-08-30 18:05:00,DONATION0323,,,POSTED,
TXN7152A6C042,BB002,O+,Plasma,DONATION,2.0,2023-08-31 10:54:00,DONATION1505,,,POSTED,
TXNE0D3BD338B,BB009,A-,Plasma,DONATION,1.0,2023-08-31 12:32:00,DONATION0030,,,POSTED,
TXNB8A2514783,BB020,A+,Plasma,EXPIRY,1.0,2023-08-31 12:58:00,,,,POSTED,
TXNA93904189A,BB002,O+,Platelets,DONATION,2.0,2023-08-31 13:57:00,DONATION1505,,,POSTED,
TXND7988B86A0,BB009,A-,RBC,DONATION,1.0,2023-08-31 15:00:00,DONATION0030,,,POSTED,
TXN28DA55A88F,BB002,O+,RBC,DONATION,2.0,2023-08-31 16:25:00,DONATION1505,,,POSTED,
TXN902CB9C2CC,BB008,O+,Platelets,ISSUE,1.0,2023-08-31 17:44:00,,,,POSTED,ISSUE4929491DEC
TXN9268522A8A,BB001,B+,Plasma,ISSUE,1.0,2023-09-01 09:06:00,,,,POSTED,ISSUE2026088EDD
TXN8BDEC26CA4,BB008,A-,RBC,EXPIRY,1.0,2023-09-01 17:31:00,,,,POSTED,
TXN893681C330,BB007,B+,RBC,EXPIRY,1.0,2023-09-01 17:53:00,,,,POSTED,
TXN1FFD4C3838,BB002,O+,Plasma,ISSUE,3.0,2023-09-03 15:55:00,,,,POSTED,ISSUE07508A26CB
TXNDEAFDB9072,BB010,B+,Plasma,DONATION,1.0,2023-09-06 10:38:00,DONATION0343,,,POSTED,
TXNA2F847B539,BB010,B+,RBC,DONATION,1.0,2023-09-06 12:12:00,DONATION0343,,,POSTED,
TXN19AA3F083A,BB010,B+,Platelets,DONATION,1.0,2023-09-06 18:04:00,DONATION0343,,,POSTED,
TXN1C6280FDE7,BB012,A-,Plasma,ISSUE,2.0,2023-09-07 15:11:00,,,,POSTED,ISSUE29D63081E4
TXNB238D5A6A7,BB016,O+,Plasma,DONATION,2.0,2023-09-08 13:55:00,DONATION0941,,,POSTED,
TXN742E79277F,BB016,O+,RBC,DONATION,2.0,2023-09-08 15:09:00,DONATION0941,,,POSTED,
TXN17541D56CF,BB014,A+,Plasma,ISSUE,1.0,2023-09-09 10:29:00,,,,POSTED,ISSUE99FB40CD50
TXN5DBB9D92EF,BB012,A-,RBC,ISSUE,1.0,2023-09-09 15:24:00,,,,POSTED,ISSUE1CD30F2021
TXNC708127F3B,BB010,B+,Plasma,ISSUE,2.0,2023-09-09 15:46:00,,,,POSTED,ISSUE85A1CBA7C0
TXN118D40C84C,BB009,A-,RBC,DONATION,2.0,2023-09-10 16:49:00,DONATION0315,,,POSTED,
TXN6985CF15D0,BB009,A-,Plasma,DONATION,2.0,2023-09-10 17:39:00,DONATION0315,,,POSTED,
TXNEF6737D5CC,BB006,B+,RBC,DONATION,1.0,2023-09-12 09:13:00,DONATION1586,,,POSTED,
TXNEFC98B4ED6,BB017,A+,RBC,DONATION,1.0,2023-09-12 16:56:00,DONATION1522,,,POSTED,
TXNFA970D134C,BB017,A+,Plasma,DONATION,1.0,2023-09-12 17:05:00,DONATION1522,,,POSTED,
TXN41A7692CCE,BB006,B+,Plasma,DONATION,1.0,2023-09-12 18:42:00,DONATION1586,,,POSTED,
TXN07F8D4AEE3,BB017,A+,Platelets,DONATION,1.0,2023-09-12 18:47:00,DONATION1522,,,POSTED,
TXN51C0CF129D,BB018,B+,Plasma,DONATION,1.0,2023-09-13 08:29:00,DONATION1458,,,POSTED,
TXN356D0DCA52,BB018,B+,RBC,DONATION,1.0,2023-09-13 11:46:00,DONATION1458,,,POSTED,
TXN3B0BF329D2,BB020,AB-,RBC,DONATION,1.0,2023-09-13 13:27:00,DONATION0171,,,POSTED,
TXN1D44004812,BB020,AB-,Platelets,DONATION,1.0,2023-09-13 15:17:00,DONATION0171,,,POSTED,
TXN520D75153B,BB018,B+,Platelets,DONATION,1.0,2023-09-13 16:07:00,DONATION1458,,,POSTED,
TXNC3A23E9A3A,BB020,AB-,Plasma,DONATION,1.0,2023-09-13 16:21:00,DONATION0171,,,POSTED,
TXN8D3DC29C3A,BB006,B+,RBC,ISSUE,1.0,2023-09-13 17:19:00,,,,POSTED,ISSUEB59ED6D288
TXN568FB99FDD,BB003,B+,Plasma,DONATION,1.0,2023-09-14 09:01:00,DONATION0739,,,POSTED,
TXN0B4E40FBE3,BB016,O+,RBC,ISSUE,2.0,2023-09-14 09:17:00,,,,POSTED,ISSUEB94ECE7552
TXN3A3D5AFBB7,BB009,A-,RBC,ISSUE,2.0,2023-09-14 12:14:00,,,,POSTED,ISSUE12113E995F
TXN02D906C468,BB003,B+,RBC,DONATION,1.0,2023-09-14 15:49:00,DONATION0739,,,POSTED,
TXNF6F2D2E523,BB007,B-,RBC,EXPIRY,1.0,2023-09-15 17:33:00,,,,POSTED,
TXN61D395280F,BB014,A-,Plasma,EXPIRY,1.0,2023-09-16 12:52:00,,,,POSTED,
TXN7B1B34B47A,BB018,B+,Platelets,ISSUE,1.0,2023-09-16 14:37:00,,,,POSTED,ISSUE51483B9E8B
TXN613ACE80FC,BB020,AB-,Plasma,ISSUE,1.0,2023-09-17 09:08:00,,,,POSTED,ISSUE0B25DC4DD5
TXN083F8D2639,BB020,AB-,Platelets,ISSUE,1.0,2023-09-18 10:57:00,,,,POSTED,ISSUEB12569C301
TXN29F08C4873,BB011,O-,RBC,DONATION,1.0,2023-09-23 12:56:00,DONATION0163,,,POSTED,
TXNE9185E0E53,BB011,O-,Plasma,DONATION,1.0,2023-09-23 15:15:00,DONATION0163,,,POSTED,
TXN9DA255D12E,BB009,B+,RBC,DONATION,1.0,2023-09-24 08:04:00,DONATION1730,,,POSTED,
TXN0B0068561D,BB008,A+,Platelets,DONATION,1.0,2023-09-24 09:32:00,DONATION0368,,,POSTED,
TXNC27C77C83A,BB009,B+,Platelets,DONATION,1.0,2023-09-24 09:50:00,DONATION1730,,,POSTED,
TXNA7A60A02F7,BB008,A+,Plasma,DONATION,1.0,2023-09-24 10:04:00,DONATION0368,,,POSTED,
TXN5E832987B7,BB016,A-,RBC,EXPIRY,1.0,2023-09-24 11:03:00,,,,POSTED,
TXN45139528BD,BB008,A+,RBC,DONATION,1.0,2023-09-24 11:08:00,DONATION0368,,,POSTED,
TXN0973118B50,BB009,B+,Plasma,DONATION,1.0,2023-09-24 12:42:00,DONATION1730,,,POSTED,
TXNC64CF6BA44,BB011,O-,Plasma,DONATION,1.0,2023-09-25 08:40:00,DONATION1323,,,POSTED,
TXN632A0AF588,BB011,O-,RBC,DONATION,1.0,2023-09-25 17:59:00,DONATION1323,,,POSTED,
TXN01620D09C4,BB011,O-,Plasma,ISSUE,2.0,2023-09-26 17:53:00,,,,POSTED,ISSUE2231182671
TXN2E85EE9B0A,BB016,B-,RBC,EXPIRY,1.0,2023-09-29 10:07:00,,,,POSTED,
TXNE0F5DAA890,BB019,B+,Plasma,DONATION,1.0,2023-09-29 10:24:00,DONATION0572,,,POSTED,
TXN9D3745F602,BB013,AB-,Plasma,DONATION,1.0,2023-09-29 11:15:00,DONATION1188,,,POSTED,
TXNE5BF484F85,BB019,B+,Platelets,DONATION,1.0,2023-09-29 11:21:00,DONATION0572,,,POSTED,
TXN03823379F0,BB013,AB-,RBC,DONATION,1.0,2023-09-29 11:31:00,DONATION1188,,,POSTED,
TXN41D18A96CF,BB019,B+,RBC,DONATION,1.0,2023-09-29 16:33:00,DONATION0572,,,POSTED,
TXNA7DD68AC00,BB001,B+,Plasma,DONATION,1.0,2023-10-02 09:41:00,DONATION1512,,,POSTED,
TXN8617ECD82D,BB001,B+,RBC,DONATION,1.0,2023-10-02 10:00:00,DONATION1512,,,POSTED,
TXN1176FEAD01,BB001,B+,Platelets,DONATION,1.0,2023-10-02 15:42:00,DONATION1512,,,POSTED,
TXN3D9AA3ECBB,BB009,B+,Plasma,ISSUE,2.0,2023-10-04 08:48:00,,,,POSTED,ISSUED1F470E173
TXN1E2935C180,BB019,B+,Platelets,EXPIRY,1.0,2023-10-04 12:08:00,,,,POSTED,
TXN6E5B0DF454,BB001,B+,RBC,ISSUE,1.0,2023-10-04 17:11:00,,,,POSTED,ISSUE2FD7CD5B27
TXNEDC4E80E61,BB013,AB-,Plasma,ISSUE,1.0,2023-10-05 13:55:00,,,,POSTED,ISSUE9E9D5CE768
TXN0EDD1F5FB4,BB019,B+,Plasma,ISSUE,1.0,2023-10-07 14:18:00,,,,POSTED,ISSUE6A62EC2652
TXN43FA207E83,BB004,O+,Plasma,DONATION,1.0,2023-10-10 08:15:00,DONATION1340,,,POSTED,
TXN90CD77020E,BB004,O+,RBC,DONATION,1.0,2023-10-10 09:07:00,DONATION1340,,,POSTED,
TXN818F8B7236,BB013,A+,Plasma,DONATION,1.0,2023-10-10 16:40:00,DONATION1236,,,POSTED,
TXNC743144E26,BB013,A+,RBC,DONATION,1.0,2023-10-10 17:27:00,DONATION1236,,,POSTED,
TXN84A5F78839,BB012,A-,RBC,EXPIRY,1.0,2023-10-11 08:16:00,,,,POSTED,
TXN86D38EB9F0,BB020,B-,Plasma,DONATION,2.0,2023-10-11 09:16:00,DONATION0989,,,POSTED,
TXNB88147AF61,BB018,A+,RBC,DONATION,1.0,2023-10-11 10:44:00,DONATION0414,,,POSTED,
TXNEAE7BC81D3,BB018,A+,Platelets,DONATION,1.0,2023-10-11 13:39:00,DONATION0414,,,POSTED,
TXN4D74F9A2C2,BB020,B-,RBC,DONATION,2.0,2023-10-11 15:02:00,DONATION0989,,,POSTED,
TXNC03FBBCC68,BB018,A+,Plasma,DONATION,1.0,2023-10-11 15:22:00,DONATION0414,,,POSTED,
TXNCE52EB0B3B,BB009,A+,Plasma,DONATION,3.0,2023-10-12 09:09:00,DONATION1747,,,POSTED,
TXN6513C5BE10,BB007,A+,Plasma,DONATION,1.0,2023-10-12 12:28:00,DONATION0198,,,POSTED,
TXN81102C27CC,BB007,A+,Platelets,DONATION,1.0,2023-10-12 12:44:00,DONATION0198,,,POSTED,
TXN032B523736,BB009,A+,Platelets,DONATION,3.0,2023-10-12 17:06:00,DONATION1747,,,POSTED,
TXN7A6B3D1808,BB007,A+,RBC,DONATION,1.0,2023-10-12 17:58:00,DONATION0198,,,POSTED,
TXN84D2C3C0FB,BB009,A+,RBC,DONATION,3.0,2023-10-12 18:05:00,DONATION1747,,,POSTED,
TXN347749CA27,BB014,O+,Plasma,DONATION,1.0,2023-10-13 16:08:00,DONATION1309,,,POSTED,
TXNFDDC213A0B,BB014,O+,RBC,DONATION,1.0,2023-10-13 17:01:00,DONATION1309,,,POSTED,
TXN51EB16E500,BB006,A+,Plasma,DONATION,1.0,2023-10-14 09:24:00,DONATION1217,,,POSTED,
TXN3615AA40F4,BB007,A+,Plasma,ISSUE,2.0,2023-10-14 10:20:00,,,,POSTED,ISSUE5E3230081C
TXN597CE12C84,BB006,A+,RBC,DONATION,1.0,2023-10-14 15:56:00,DONATION1217,,,POSTED,
TXN5BBC90B940,BB013,A+,Platelets,DONATION,2.0,2023-10-15 10:43:00,DONATION0421,,,POSTED,
TXN2BE50CB852,BB013,A+,RBC,DONATION,2.0,2023-10-15 13:23:00,DONATION0421,,,POSTED,
TXN91E1BF9F57,BB013,A+,Plasma,DONATION,2.0,2023-10-15 14:36:00,DONATION0421,,,POSTED,
TXN10A1D91693,BB019,A+,RBC,DONATION,1.0,2023-10-16 09:22:00,DONATION1836,,,POSTED,
TXN0D536EE742,BB019,A+,Plasma,DONATION,1.0,2023-10-16 14:38:00,DONATION1836,,,POSTED,
TXN63F8DDAE2F,BB007,A+,Platelets,ISSUE,1.0,2023-10-17 09:09:00,,,,POSTED,ISSUE47A5F898AE
TXNC0316CF747,BB016,O+,Plasma,DONATION,1.0,2023-10-17 09:25:00,DONATION0181,,,POSTED,
TXN24D089974E,BB016,O+,RBC,DONATION,1.0,2023-10-17 15:07:00,DONATION0181,,,POSTED,
TXN46452375A3,BB004,O+,Plasma,ISSUE,3.0,2023-10-17 15:54:00,,,,POSTED,ISSUE8B2D8E0185
TXNCED6C68E5B,BB016,O+,Platelets,DONATION,1.0,2023-10-17 17:40:00,DONATION0181,,,POSTED,
TXN04BFDCC6A8,BB012,O+,Plasma,DONATION,1.0,2023-10-18 11:46:00,DONATION0482,,,POSTED,
TXN5A580FC770,BB012,O+,Platelets,DONATION,1.0,2023-10-18 15:10:00,DONATION0482,,,POSTED,
TXN28AAE81D63,BB012,O+,RBC,DONATION,1.0,2023-10-18 17:36:00,DONATION0482,,,POSTED,
TXN54D80582C5,BB003,B+,Plasma,DONATION,1.0,2023-10-19 09:08:00,DONATION1513,,,POSTED,
TXNA2F91467EB,BB005,A-,Plasma,DONATION,2.0,2023-10-19 11:02:00,DONATION1168,,,POSTED,
TXN021F0902CE,BB013,A+,RBC,ISSUE,1.0,2023-10-19 11:17:00,,,,POSTED,ISSUE372927877A
TXNC768D1DE8C,BB003,B+,RBC,DONATION,1.0,2023-10-19 14:08:00,DONATION1513,,,POSTED,
TXN9EC28DC1FF,BB005,A-,RBC,DONATION,2.0,2023-10-19 16:18:00,DONATION1168,,,POSTED,
TXN5BC3D698F9,BB019,A+,Plasma,DONATION,1.0,2023-10-20 11:20:00,DONATION1650,,,POSTED,
TXN135088D7BE,BB019,A+,RBC,DONATION,1.0,2023-10-20 11:48:00,DONATION1650,,,POSTED,
TXN3C25B2A373,BB019,A+,Platelets,DONATION,1.0,2023-10-20 12:32:00,DONATION1650,,,POSTED,
TXN51A19897A0,BB003,B+,RBC,ISSUE,3.0,2023-10-20 13:32:00,,,,POSTED,ISSUE9196BAC400
TXN03C3A24152,BB003,B+,Plasma,ISSUE,1.0,2023-10-20 15:57:00,,,,POSTED,ISSUEAFF2A930F4
TXN737A8AA55B,BB005,A-,RBC,ISSUE,1.0,2023-10-20 18:22:00,,,,POSTED,ISSUEC3E36B812A
TXNF4E8959445,BB016,AB-,RBC,DONATION,1.0,2023-10-21 11:50:00,DONATION1717,,,POSTED,
TXN1AA30FCD16,BB016,AB-,Plasma,DONATION,1.0,2023-10-21 16:39:00,DONATION1717,,,POSTED,
TXND1AAE02B33,BB016,O+,Plasma,ISSUE,5.0,2023-10-21 17:36:00,,,,POSTED,ISSUE8F73184EDE
TXN84433B44A0,BB019,A+,Platelets,ISSUE,2.0,2023-10-22 10:06:00,,,,POSTED,ISSUEAB8DD8182A
TXNB7BA1C6FD5,BB016,AB-,Plasma,ISSUE,1.0,2023-10-22 10:17:00,,,,POSTED,ISSUEE605C1770C
TXN2E032FDCE6,BB012,O+,Plasma,ISSUE,4.0,2023-10-22 16:10:00,,,,POSTED,ISSUE5EA7B57BC4
TXN6939B9C973,BB019,A+,Plasma,ISSUE,3.0,2023-10-24 08:59:00,,,,POSTED,ISSUE9AFAE2E210
TXNA46046770A,BB016,O+,RBC,DONATION,1.0,2023-10-24 09:29:00,DONATION1592,,,POSTED,
TXNA9E7B74AD8,BB016,O+,Plasma,DONATION,2.0,2023-10-24 10:56:00,DONATION1283,,,POSTED,
TXN24BA8CC6AD,BB009,O-,RBC,DONATION,1.0,2023-10-24 12:15:00,DONATION0628,,,POSTED,
TXN3158ACE856,BB016,O+,Platelets,DONATION,2.0,2023-10-24 13:49:00,DONATION1283,,,POSTED,
TXNE19DCEBFA5,BB016,O+,RBC,DONATION,2.0,2023-10-24 14:46:00,DONATION1283,,,POSTED,
TXN40B48ADB04,BB016,O+,Plasma,DONATION,1.0,2023-10-24 17:10:00,DONATION1592,,,POSTED,
TXNF2988E5D9D,BB009,O-,Plasma,DONATION,1.0,2023-10-24 18:31:00,DONATION0628,,,POSTED,
TXN31BD20AC44,BB002,A+,RBC,DONATION,1.0,2023-10-25 10:54:00,DONATION1842,,,POSTED,
TXNF1DBB62D0B,BB002,A+,Platelets,DONATION,1.0,2023-10-25 13:28:00,DONATION1842,,,POSTED,
TXNBDA1D22682,BB002,O+,Platelets,DONATION,1.0,2023-10-25 14:31:00,DONATION1378,,,POSTED,
TXNBE4D7F556F,BB002,O+,RBC,DONATION,1.0,2023-10-25 17:30:00,DONATION1378,,,POSTED,
TXN389B68DB9C,BB002,A+,Plasma,DONATION,1.0,2023-10-25 17:43:00,DONATION1842,,,POSTED,
TXNE29ECBCB1D,BB002,O+,Plasma,DONATION,1.0,2023-10-25 18:23:00,DONATION1378,,,POSTED,
TXN7C587D7B10,BB003,A+,Plasma,DONATION,2.0,2023-10-26 09:44:00,DONATION1197,,,POSTED,
TXN1D8F12E3C8,BB003,A+,RBC,DONATION,2.0,2023-10-26 10:29:00,DONATION1197,,,POSTED,
TXNFAD69D798C,BB007,B+,Plasma,DONATION,1.0,2023-10-27 13:42:00,DONATION1809,,,POSTED,
TXNE22685A3DD,BB007,B+,RBC,DONATION,1.0,2023-10-27 14:57:00,DONATION1809,,,POSTED,
TXN67A3DF3E58,BB006,B+,Plasma,DONATION,1.0,2023-10-27 16:07:00,DONATION1993,,,POSTED,
TXNB23AD8D301,BB006,B+,RBC,DONATION,1.0,2023-10-27 16:55:00,DONATION1993,,,POSTED,
TXNFFF680A746,BB016,AB-,RBC,ISSUE,1.0,2023-10-28 08:54:00,,,,POSTED,ISSUE205D3937DC
TXN82BCBEA612,BB009,A+,Plasma,DONATION,2.0,2023-10-28 10:04:00,DONATION0951,,,POSTED,
TXN6AD38DBE8C,BB002,O+,Platelets,ISSUE,1.0,2023-10-28 10:35:00,,,,POSTED,ISSUE2F7D5BAAFE
TXN83A55DE7C4,BB009,A+,RBC,DONATION,2.0,2023-10-28 17:19:00,DONATION0951,,,POSTED,
TXNBA0FA09EBD,BB003,A+,RBC,ISSUE,1.0,2023-10-28 18:06:00,,,,POSTED,ISSUE4855940448
TXNED1978629E,BB017,A-,Platelets,DONATION,2.0,2023-10-29 08:19:00,DONATION0106,,,POSTED,
TXNEB800FA921,BB017,A-,RBC,DONATION,2.0,2023-10-29 10:39:00,DONATION0106,,,POSTED,
TXN2C535818CA,BB017,A-,Plasma,DONATION,2.0,2023-10-29 17:19:00,DONATION0106,,,POSTED,
TXNE625108304,BB016,O+,Plasma,ISSUE,1.0,2023-10-30 08:58:00,,,,POSTED,ISSUEC91091CEB9
TXN93410F31D5,BB016,O+,RBC,ISSUE,1.0,2023-10-31 09:15:00,,,,POSTED,ISSUE464F04B78B
TXNA7AA307881,BB007,B+,Plasma,ISSUE,1.0,2023-11-01 08:45:00,,,,POSTED,ISSUE3527D01753
TXNDCC0160CAE,BB017,A-,Plasma,ISSUE,1.0,2023-11-02 10:17:00,,,,POSTED,ISSUE23F1099B0F
TXN217BC14A65,BB017,A-,Platelets,EXPIRY,1.0,2023-11-03 08:59:00,,,,POSTED,
TXN2C5C666098,BB009,A+,RBC,ISSUE,5.0,2023-11-03 10:30:00,,,,POSTED,ISSUED191B68E08
TXN7710BDD15C,BB006,AB+,Plasma,DONATION,2.0,2023-11-04 09:29:00,DONATION0267,,,POSTED,
TXNB7CBC2607B,BB009,A+,Plasma,ISSUE,4.0,2023-11-04 11:50:00,,,,POSTED,ISSUEEF28A64EE9
TXNEFE4DE004F,BB006,AB+,RBC,DONATION,2.0,2023-11-04 12:34:00,DONATION0267,,,POSTED,
TXN9E2C94BCC1,BB001,B+,Plasma,DONATION,2.0,2023-11-04 12:57:00,DONATION1969,,,POSTED,
TXN5538CB711F,BB001,B+,RBC,DONATION,2.0,2023-11-04 13:00:00,DONATION1969,,,POSTED,
TXN131627EA96,BB011,O-,RBC,EXPIRY,1.0,2023-11-04 14:05:00,,,,POSTED,
TXN8F21146DAD,BB002,A+,RBC,ISSUE,1.0,2023-11-04 17:19:00,,,,POSTED,ISSUE1D2D22E916
TXN24E7AD3BEF,BB006,AB+,Platelets,DONATION,2.0,2023-11-04 18:16:00,DONATION0267,,,POSTED,
TXN935450C5A9,BB011,A-,Platelets,DONATION,1.0,2023-11-05 10:11:00,DONATION1402,,,POSTED,
TXN3290B19399,BB006,O-,Plasma,DONATION,1.0,2023-11-05 10:27:00,DONATION1895,,,POSTED,
TXNFD9D96C91B,BB008,A+,Plasma,DONATION,1.0,2023-11-05 12:07:00,DONATION0408,,,POSTED,
TXN4F8F880CE2,BB011,A-,RBC,DONATION,1.0,2023-11-05 13:36:00,DONATION1402,,,POSTED,
TXN3193D05952,BB006,O-,RBC,DONATION,1.0,2023-11-05 13:39:00,DONATION1895,,,POSTED,
TXNCB44901F0E,BB008,A+,RBC,DONATION,1.0,2023-11-05 18:21:00,DONATION0408,,,POSTED,
TXNC44D7D3943,BB011,A-,Plasma,DONATION,1.0,2023-11-05 18:55:00,DONATION1402,,,POSTED,
TXN9890BAA87A,BB006,B+,RBC,ISSUE,1.0,2023-11-06 12:58:00,,,,POSTED,ISSUE0C69195D39
TXN20B2704A45,BB017,A-,RBC,ISSUE,1.0,2023-11-08 11:21:00,,,,POSTED,ISSUE4FF6CBE1EE
TXN1AB8465F3B,BB013,AB-,RBC,EXPIRY,1.0,2023-11-10 08:14:00,,,,POSTED,
TXNFE8A9D0BDC,BB012,A+,Plasma,DONATION,1.0,2023-11-10 11:37:00,DONATION1625,,,POSTED,
TXN28E7D12791,BB012,A+,Platelets,DONATION,1.0,2023-11-10 15:17:00,DONATION1625,,,POSTED,
TXN44F3425C75,BB019,B+,RBC,EXPIRY,1.0,2023-11-10 16:24:00,,,,POSTED,
TXNCC9512A009,BB012,A+,RBC,DONATION,1.0,2023-11-10 16:31:00,DONATION1625,,,POSTED,
TXN1234EA92BA,BB011,A-,RBC,ISSUE,1.0,2023-11-10 18:49:00,,,,POSTED,ISSUEF579A19C2E
TXN0AE46751D7,BB003,A+,Plasma,DONATION,2.0,2023-11-11 08:55:00,DONATION0987,,,POSTED,
TXN52CA40FA03,BB004,O+,Plasma,DONATION,1.0,2023-11-11 10:30:00,DONATION1331,,,POSTED,
TXN449351E4A4,BB015,O+,Plasma,DONATION,1.0,2023-11-11 10:35:00,DONATION0661,,,POSTED,
TXN5646021AF4,BB004,O+,RBC,DONATION,1.0,2023-11-11 10:48:00,DONATION1331,,,POSTED,
TXNC37B3F1B03,BB015,O+,RBC,DONATION,1.0,2023-11-11 11:33:00,DONATION0661,,,POSTED,
TXN253CB76E8F,BB003,A+,RBC,DONATION,2.0,2023-11-11 13:39:00,DONATION0987,,,POSTED,
TXN77AFD90ECD,BB015,O+,Platelets,DONATION,1.0,2023-11-11 16:27:00,DONATION0661,,,POSTED,
TXN994349414E,BB011,A-,RBC,DONATION,1.0,2023-11-12 09:28:00,DONATION1213,,,POSTED,
TXN8DD418682C,BB011,A-,Plasma,DONATION,1.0,2023-11-12 13:16:00,DONATION1213,,,POSTED,
TXN925D5DA680,BB011,A-,Platelets,DONATION,1.0,2023-11-12 16:35:00,DONATION1213,,,POSTED,
TXN384C222C75,BB001,B+,Plasma,ISSUE,2.0,2023-11-12 16:39:00,,,,POSTED,ISSUE38851D9834
TXNF436EB88F1,BB020,A+,RBC,DONATION,1.0,2023-11-13 09:15:00,DONATION0041,,,POSTED,
TXN9249ED8318,BB015,O+,Platelets,ISSUE,2.0,2023-11-13 10:09:00,,,,POSTED,ISSUED212816F25
TXND27E20C03F,BB020,A+,Plasma,DONATION,1.0,2023-11-13 11:04:00,DONATION0041,,,POSTED,
TXN31B417055F,BB004,O+,RBC,ISSUE,2.0,2023-11-13 11:37:00,,,,POSTED,ISSUE1EB52C677B
TXNF2BB3DAB2D,BB020,A+,Platelets,DONATION,1.0,2023-11-13 17:35:00,DONATION0041,,,POSTED,
TXN780271EA90,BB011,A-,Platelets,ISSUE,1.0,2023-11-13 18:36:00,,,,POSTED,ISSUEF921E64E4A
TXNAFD764BF3A,BB005,O+,Plasma,DONATION,1.0,2023-11-14 08:08:00,DONATION0228,,,POSTED,
TXNDA5951F3CC,BB008,A+,Plasma,ISSUE,4.0,2023-11-14 09:02:00,,,,POSTED,ISSUE6E8ECB9C19
TXN4BE080F068,BB005,O+,RBC,DONATION,1.0,2023-11-14 10:31:00,DONATION0228,,,POSTED,
TXNC581678CC9,BB006,O-,RBC,ISSUE,1.0,2023-11-14 15:41:00,,,,POSTED,ISSUEB032620C33
TXNF762F0CDCC,BB011,B-,Platelets,DONATION,2.0,2023-11-15 10:00:00,DONATION1713,,,POSTED,
TXNDB467EAB85,BB019,O+,RBC,DONATION,1.0,2023-11-15 10:53:00,DONATION0996,,,POSTED,
TXNB754FC6BCA,BB011,B-,RBC,DONATION,2.0,2023-11-15 13:06:00,DONATION1713,,,POSTED,
TXNBA980B0386,BB011,B-,Plasma,DONATION,2.0,2023-11-15 16:37:00,DONATION1713,,,POSTED,
TXN26AB5C80C0,BB019,O+,Plasma,DONATION,1.0,2023-11-15 16:57:00,DONATION0996,,,POSTED,
TXN39E4082E89,BB002,O+,Platelets,DONATION,1.0,2023-11-17 10:28:00,DONATION0792,,,POSTED,
TXNBFE5B3CD34,BB002,O+,RBC,DONATION,1.0,2023-11-17 11:08:00,DONATION0792,,,POSTED,
TXN3F2ACAC38D,BB002,O+,Plasma,DONATION,1.0,2023-11-17 17:06:00,DONATION0792,,,POSTED,
TXNA6CAC35B72,BB004,O-,RBC,DONATION,1.0,2023-11-18 14:35:00,DONATION0602,,,POSTED,
TXN2524583A35,BB012,A+,Plasma,ISSUE,2.0,2023-11-18 14:49:00,,,,POSTED,ISSUE830CE577C5
TXNBA096E2A98,BB004,O-,Plasma,DONATION,1.0,2023-11-18 15:03:00,DONATION0602,,,POSTED,
TXND9F9A430A9,BB003,A+,RBC,ISSUE,1.0,2023-11-19 14:23:00,,,,POSTED,ISSUE32B9AAB738
TXN00EEF05041,BB020,A+,Platelets,ISSUE,2.0,2023-11-19 14:25:00,,,,POSTED,ISSUECFC39E8523
TXNBC2BCF8042,BB020,A+,RBC,ISSUE,2.0,2023-11-21 09:28:00,,,,POSTED,ISSUE94A384486E
TXN65DC5D9708,BB011,A-,Plasma,ISSUE,1.0,2023-11-21 09:47:00,,,,POSTED,ISSUECF617070C2
TXNE64F73F815,BB011,A+,RBC,DONATION,1.0,2023-11-21 10:08:00,DONATION0036,,,POSTED,
TXNF6380F63B7,BB012,AB+,RBC,DONATION,1.0,2023-11-21 10:12:00,DONATION0261,,,POSTED,
TXNA815661DCA,BB012,AB+,Plasma,DONATION,1.0,2023-11-21 10:50:00,DONATION0261,,,POSTED,
TXNB376145918,BB011,B-,Platelets,ISSUE,1.0,2023-11-21 13:05:00,,,,POSTED,ISSUE929981CB85
TXN53795A1683,BB015,B+,RBC,DONATION,2.0,2023-11-21 15:30:00,DONATION0507,,,POSTED,
TXNC01407825F,BB006,B-,RBC,DONATION,2.0,2023-11-21 15:51:00,DONATION0436,,,POSTED,
TXN59E805CF98,BB006,B-,Plasma,DONATION,2.0,2023-11-21 16:08:00,DONATION0436,,,POSTED,
TXNE9D4036820,BB015,B+,Plasma,DONATION,2.0,2023-11-21 18:12:00,DONATION0507,,,POSTED,
TXN50B52392F5,BB011,A+,Plasma,DONATION,1.0,2023-11-21 18:30:00,DONATION0036,,,POSTED,
TXN7DD0518960,BB020,O+,Plasma,DONATION,1.0,2023-11-22 08:00:00,DONATION0514,,,POSTED,
TXN20FBFF24F5,BB006,B-,RBC,ISSUE,1.0,2023-11-22 12:08:00,,,,POSTED,ISSUEF72AA42033
TXN94429EE246,BB020,O+,RBC,DONATION,1.0,2023-11-22 12:56:00,DONATION0514,,,POSTED,
TXN1D34280D2B,BB011,A+,Plasma,ISSUE,4.0,2023-11-22 12:57:00,,,,POSTED,ISSUE795D05B50A
TXND1245DED33,BB020,O+,Platelets,DONATION,1.0,2023-11-22 17:06:00,DONATION0514,,,POSTED,
TXNED618B6AF8,BB015,B+,Plasma,ISSUE,2.0,2023-11-23 15:06:00,,,,POSTED,ISSUEA6CF63B39C
TXNCD3F6EEB74,BB011,B-,Plasma,ISSUE,1.0,2023-11-24 12:57:00,,,,POSTED,ISSUE921D2EFAAE
TXNBADFC64F4E,BB010,O+,Plasma,DONATION,2.0,2023-11-25 09:30:00,DONATION0864,,,POSTED,
TXN613B8B79EF,BB002,O+,RBC,ISSUE,4.0,2023-11-25 15:29:00,,,,POSTED,ISSUE08F2AFB735
TXNE3599BFBAD,BB010,O+,RBC,DONATION,2.0,2023-11-25 18:18:00,DONATION0864,,,POSTED,
TXND399B8D412,BB009,B+,Plasma,DONATION,1.0,2023-11-27 15:55:00,DONATION0236,,,POSTED,
TXN5767774673,BB009,B+,RBC,DONATION,1.0,2023-11-27 18:45:00,DONATION0236,,,POSTED,
TXN2C0A385E09,BB002,A+,Platelets,DONATION,1.0,2023-11-28 08:08:00,DONATION1678,,,POSTED,
TXND6F95570CE,BB002,A+,Plasma,DONATION,1.0,2023-11-28 09:46:00,DONATION1678,,,POSTED,
TXNA185CF5BDC,BB002,A+,RBC,DONATION,1.0,2023-11-28 15:21:00,DONATION1678,,,POSTED,
TXN7B84AACD18,BB020,O+,Plasma,ISSUE,3.0,2023-11-28 15:29:00,,,,POSTED,ISSUEE4C3013FC3
TXNF74EEC8EB5,BB001,AB+,Plasma,EXPIRY,1.0,2023-11-28 15:44:00,,,,POSTED,
TXN73BD84EE50,BB005,O+,Plasma,DONATION,3.0,2023-11-29 09:59:00,DONATION1736,,,POSTED,
TXNBB8F6FB9E5,BB008,O-,RBC,DONATION,2.0,2023-11-29 12:26:00,DONATION1967,,,POSTED,
TXND1D2022019,BB008,O-,Plasma,DONATION,2.0,2023-11-29 14:56:00,DONATION1967,,,POSTED,
TXN8ADF805109,BB005,B+,Plasma,DONATION,1.0,2023-11-29 14:56:00,DONATION0953,,,POSTED,
TXN91BF7E4061,BB005,O+,RBC,DONATION,3.0,2023-11-29 16:00:00,DONATION1736,,,POSTED,
TXN2DDA0434AD,BB005,B+,RBC,DONATION,1.0,2023-11-29 16:21:00,DONATION0953,,,POSTED,
TXNF20A16FED7,BB005,O+,Platelets,DONATION,3.0,2023-11-29 16:54:00,DONATION1736,,,POSTED,
TXNB9BB07B53B,BB017,AB+,Plasma,DONATION,1.0,2023-11-30 09:43:00,DONATION1523,,,POSTED,
TXN0868BC0FF3,BB020,O+,Platelets,ISSUE,3.0,2023-11-30 10:08:00,,,,POSTED,ISSUEE748DC616F
TXN8046A4BC09,BB008,AB+,Plasma,EXPIRY,1.0,2023-11-30 17:28:00,,,,POSTED,
TXN480EAFE9C1,BB013,A+,Plasma,EXPIRY,2.0,2023-11-30 18:01:00,,,,POSTED,
TXN1AC85357B6,BB017,AB+,RBC,DONATION,1.0,2023-11-30 18:42:00,DONATION1523,,,POSTED,
TXN38BA1BBF5F,BB002,A+,RBC,DONATION,1.0,2023-12-02 11:33:00,DONATION1388,,,POSTED,
TXNEEAEE13275,BB002,A+,Plasma,DONATION,1.0,2023-12-02 16:25:00,DONATION1388,,,POSTED,
TXN57FA2BD6FA,BB005,O+,Plasma,ISSUE,3.0,2023-12-02 17:00:00,,,,POSTED,ISSUEF08DF51931
TXNB6E8A0C47A,BB002,A+,Plasma,DONATION,1.0,2023-12-03 09:28:00,DONATION1454,,,POSTED,
TXNA7B2A67F85,BB005,O+,RBC,ISSUE,2.0,2023-12-03 10:56:00,,,,POSTED,ISSUE6A5A694744
TXN9CEE5E18E1,BB002,A+,RBC,DONATION,1.0,2023-12-03 11:58:00,DONATION1454,,,POSTED,
TXNF16B20F924,BB003,O+,RBC,DONATION,1.0,2023-12-03 14:17:00,DONATION1203,,,POSTED,
TXN8CA3BAEB63,BB003,O+,Plasma,DONATION,1.0,2023-12-03 15:11:00,DONATION1203,,,POSTED,
TXNBC9FCF6003,BB017,AB+,Plasma,ISSUE,2.0,2023-12-04 16:09:00,,,,POSTED,ISSUE191514FEBE
TXN0772B58657,BB015,A+,Plasma,DONATION,1.0,2023-12-05 13:59:00,DONATION0475,,,POSTED,
TXN9A4DBE56D6,BB015,A+,RBC,DONATION,1.0,2023-12-05 16:08:00,DONATION0475,,,POSTED,
TXN6E3C5BE722,BB009,B+,Plasma,ISSUE,3.0,2023-12-06 16:10:00,,,,POSTED,ISSUEA6AE83D54C
TXNA36BD09708,BB002,A+,Plasma,ISSUE,2.0,2023-12-06 16:24:00,,,,POSTED,ISSUE6B616553B6
TXN3EDDC9791F,BB003,A+,RBC,EXPIRY,2.0,2023-12-07 13:53:00,,,,POSTED,
TXN0B013102DF,BB005,O+,Platelets,ISSUE,1.0,2023-12-07 16:28:00,,,,POSTED,ISSUE6974511D7B
TXNCE9F86DDE6,BB003,O+,RBC,ISSUE,2.0,2023-12-08 08:45:00,,,,POSTED,ISSUEEDA6A8AFB9
TXN78C3D8C7DE,BB001,O+,RBC,DONATION,2.0,2023-12-08 09:50:00,DONATION0152,,,POSTED,
TXNE3DE00A7E8,BB011,A+,Plasma,DONATION,2.0,2023-12-08 11:19:00,DONATION0691,,,POSTED,
TXNEDFB8819E5,BB015,A+,RBC,ISSUE,5.0,2023-12-08 13:54:00,,,,POSTED,ISSUE2EF126223E
TXND7563A25FD,BB001,O+,Platelets,DONATION,2.0,2023-12-08 16:27:00,DONATION0152,,,POSTED,
TXNA7ECC19F05,BB001,O+,Plasma,DONATION,2.0,2023-12-08 17:50:00,DONATION0152,,,POSTED,
TXN4AA1508B2D,BB011,A+,RBC,DONATION,2.0,2023-12-08 18:48:00,DONATION0691,,,POSTED,
TXN7390CEF608,BB005,B+,Plasma,DONATION,2.0,2023-12-09 12:12:00,DONATION0248,,,POSTED,
TXN36A0E87476,BB005,B+,RBC,DONATION,2.0,2023-12-09 12:29:00,DONATION0248,,,POSTED,
TXN445E474E20,BB002,A+,RBC,ISSUE,1.0,2023-12-11 12:23:00,,,,POSTED,ISSUEE0A99E4022
TXN41FE86B175,BB001,O+,RBC,ISSUE,2.0,2023-12-13 09:40:00,,,,POSTED,ISSUE16E3638929
TXN9E718525E2,BB001,O+,Plasma,ISSUE,2.0,2023-12-13 11:15:00,,,,POSTED,ISSUEDE0894D824
TXN63FE7D5706,BB010,B+,Plasma,DONATION,1.0,2023-12-13 13:28:00,DONATION0422,,,POSTED,
TXN8C60E4BED9,BB010,B+,RBC,DONATION,1.0,2023-12-13 15:23:00,DONATION0422,,,POSTED,
TXN40AB8C3185,BB005,AB+,Plasma,DONATION,1.0,2023-12-14 08:47:00,DONATION0424,,,POSTED,
TXN31CC91456A,BB005,AB+,RBC,DONATION,1.0,2023-12-14 11:07:00,DONATION0424,,,POSTED,
TXN2EEE85A0F8,BB011,A+,Plasma,ISSUE,2.0,2023-12-14 14:04:00,,,,POSTED,ISSUEE7368DEEF0
TXN4635B4823C,BB005,AB+,Platelets,DONATION,1.0,2023-12-14 16:24:00,DONATION0424,,,POSTED,
TXN3918DC229A,BB012,A-,RBC,DONATION,2.0,2023-12-16 13:19:00,DONATION1501,,,POSTED,
TXNA8FAC603A2,BB012,A-,Plasma,DONATION,2.0,2023-12-16 17:50:00,DONATION1501,,,POSTED,
TXN82489D8B3F,BB017,B+,RBC,DONATION,2.0,2023-12-17 09:33:00,DONATION0341,,,POSTED,
TXN81E11C8166,BB017,B+,Plasma,DONATION,2.0,2023-12-17 16:12:00,DONATION0341,,,POSTED,
TXNCD8DCD8A6B,BB005,O+,Plasma,DONATION,3.0,2023-12-18 08:02:00,DONATION0473,,,POSTED,
TXN31C03B1170,BB019,O+,Plasma,DONATION,1.0,2023-12-18 08:55:00,DONATION0024,,,POSTED,
TXNB42FD7185A,BB019,O+,RBC,DONATION,1.0,2023-12-18 09:48:00,DONATION0024,,,POSTED,
TXN03267A2FB5,BB005,O+,Platelets,DONATION,3.0,2023-12-18 13:51:00,DONATION0473,,,POSTED,
TXN5CCE630DEA,BB005,O+,RBC,DONATION,3.0,2023-12-18 14:32:00,DONATION0473,,,POSTED,
TXNA7107C5BAD,BB019,O+,Platelets,DONATION,1.0,2023-12-18 18:10:00,DONATION0024,,,POSTED,
TXNBC11E0CBD4,BB006,A+,RBC,DONATION,1.0,2023-12-19 09:23:00,DONATION1577,,,POSTED,
TXN187FB2CB67,BB017,B+,Plasma,ISSUE,4.0,2023-12-19 09:51:00,,,,POSTED,ISSUEAC5E988AA6
TXN3837043000,BB006,A+,Plasma,DONATION,1.0,2023-12-19 16:54:00,DONATION1577,,,POSTED,
TXNEB764854BD,BB001,A+,RBC,DONATION,1.0,2023-12-21 11:43:00,DONATION0927,,,POSTED,
TXND37CDE33F7,BB019,O+,RBC,ISSUE,3.0,2023-12-21 12:25:00,,,,POSTED,ISSUE729FC4614A
TXN1878E626CC,BB005,AB+,Plasma,ISSUE,1.0,2023-12-21 16:32:00,,,,POSTED,ISSUE8A0DF6E81F
TXN85DAB16C24,BB001,A+,Plasma,DONATION,1.0,2023-12-21 16:40:00,DONATION0927,,,POSTED,
TXN01167D2233,BB002,A+,RBC,DONATION,2.0,2023-12-25 09:24:00,DONATION1763,,,POSTED,
TXN25188451F6,BB012,B-,Plasma,DONATION,1.0,2023-12-25 14:39:00,DONATION1515,,,POSTED,
TXNA3B6319A92,BB002,A+,Plasma,DONATION,2.0,2023-12-25 15:20:00,DONATION1763,,,POSTED,
TXN5925FA61E1,BB012,B-,Platelets,DONATION,1.0,2023-12-25 16:27:00,DONATION1515,,,POSTED,
TXN89D9DABAFD,BB012,B-,RBC,DONATION,1.0,2023-12-25 17:59:00,DONATION1515,,,POSTED,
TXN38DEC63879,BB008,B+,RBC,DONATION,3.0,2023-12-26 08:42:00,DONATION1670,,,POSTED,
TXN73645D99C1,BB008,B+,Plasma,DONATION,3.0,2023-12-26 13:22:00,DONATION1670,,,POSTED,
TXN1616CD5A11,BB008,B+,Platelets,DONATION,3.0,2023-12-26 15:34:00,DONATION1670,,,POSTED,
TXNE0F752B3D3,BB019,A-,Plasma,DONATION,2.0,2023-12-27 13:07:00,DONATION1739,,,POSTED,
TXNF6ADB48D6E,BB019,A-,RBC,DONATION,2.0,2023-12-27 14:07:00,DONATION1739,,,POSTED,
TXND2815D9CA0,BB019,A-,Platelets,DONATION,2.0,2023-12-27 16:08:00,DONATION1739,,,POSTED,
TXNB9E79BAFCD,BB006,A+,RBC,ISSUE,2.0,2023-12-28 08:30:00,,,,POSTED,ISSUE117B7D6602
TXNB5C83B6F5C,BB007,AB+,Plasma,DONATION,2.0,2023-12-28 10:31:00,DONATION1765,,,POSTED,
TXN83F6C385A9,BB007,AB+,Platelets,DONATION,2.0,2023-12-28 12:45:00,DONATION1765,,,POSTED,
TXN1B978715F6,BB007,AB+,RBC,DONATION,2.0,2023-12-28 12:56:00,DONATION1765,,,POSTED,
TXNFEEA42CF73,BB002,A+,RBC,ISSUE,1.0,2023-12-29 09:21:00,,,,POSTED,ISSUE9A1F17254F
TXNF20AD90BF4,BB012,B-,Platelets,EXPIRY,1.0,2023-12-30 09:09:00,,,,POSTED,
TXN1F0AF62CB1,BB002,A+,Plasma,ISSUE,2.0,2023-12-30 17:56:00,,,,POSTED,ISSUEA868963167
TXND9F97EAE41,BB007,A+,RBC,DONATION,1.0,2023-12-31 08:53:00,DONATION1977,,,POSTED,
TXNFA677FB447,BB017,A+,RBC,DONATION,1.0,2023-12-31 09:09:00,DONATION1954,,,POSTED,
TXNE3D05A3B97,BB017,A+,Platelets,DONATION,1.0,2023-12-31 10:07:00,DONATION1954,,,POSTED,
TXNA966230F33,BB013,B+,Plasma,DONATION,2.0,2023-12-31 11:53:00,DONATION0121,,,POSTED,
TXN6CDB7B29DF,BB007,A+,Plasma,DONATION,1.0,2023-12-31 13:16:00,DONATION1977,,,POSTED,
TXN1A94D9E8AB,BB013,B+,RBC,DONATION,2.0,2023-12-31 15:16:00,DONATION0121,,,POSTED,
TXN87C87A3CD0,BB012,B+,Plasma,DONATION,1.0,2023-12-31 15:56:00,DONATION1114,,,POSTED,
TXNB53F6D74C4,BB012,B+,RBC,DONATION,1.0,2023-12-31 15:58:00,DONATION1114,,,POSTED,
TXNB6560ED536,BB012,B+,Platelets,DONATION,1.0,2023-12-31 18:20:00,DONATION1114,,,POSTED,
TXNFC931E3274,BB017,A+,Plasma,DONATION,1.0,2023-12-31 18:23:00,DONATION1954,,,POSTED,
TXN2FF1AA7FBD,BB007,AB+,Platelets,ISSUE,1.0,2024-01-01 08:42:00,,,,POSTED,ISSUE45A6E78C5A
TXN62D7007905,BB018,O-,Plasma,DONATION,1.0,2024-01-01 09:43:00,DONATION0660,,,POSTED,
TXN46A8281166,BB012,B+,Plasma,ISSUE,2.0,2024-01-01 13:19:00,,,,POSTED,ISSUEFBC1AC4550
TXNF2C1FCC84C,BB018,O-,RBC,DONATION,1.0,2024-01-01 13:41:00,DONATION0660,,,POSTED,
TXN1F142E1991,BB019,A-,RBC,ISSUE,1.0,2024-01-01 17:41:00,,,,POSTED,ISSUE3F7C08D609
TXN9B43489793,BB013,O+,RBC,DONATION,1.0,2024-01-03 08:44:00,DONATION1140,,,POSTED,
TXN21CCD3523D,BB018,O+,RBC,DONATION,1.0,2024-01-03 09:29:00,DONATION0750,,,POSTED,
TXN46D3A0ED68,BB013,O+,Platelets,DONATION,1.0,2024-01-03 15:50:00,DONATION1140,,,POSTED,
TXN58507D45C4,BB013,O+,Plasma,DONATION,1.0,2024-01-03 16:27:00,DONATION1140,,,POSTED,
TXNABE8634F99,BB018,O+,Plasma,DONATION,1.0,2024-01-03 17:38:00,DONATION0750,,,POSTED,
TXN5F53F2ABAA,BB018,O+,Platelets,DONATION,1.0,2024-01-03 18:47:00,DONATION0750,,,POSTED,
TXN36B22F46C5,BB008,B+,Platelets,ISSUE,2.0,2024-01-04 08:55:00,,,,POSTED,ISSUEEEE8A28F49
TXNA76D977C35,BB008,B+,Plasma,ISSUE,3.0,2024-01-04 11:23:00,,,,POSTED,ISSUE96C0E44D80
TXN3AA002F64C,BB016,B+,Plasma,EXPIRY,1.0,2024-01-04 12:56:00,,,,POSTED,
TXNA2C6AA0D60,BB011,O+,Plasma,DONATION,2.0,2024-01-05 08:27:00,DONATION0789,,,POSTED,
TXNFC7DF6DF6F,BB011,O+,RBC,DONATION,2.0,2024-01-05 17:36:00,DONATION0789,,,POSTED,
TXN233E978CE3,BB013,O+,Plasma,ISSUE,1.0,2024-01-05 17:43:00,,,,POSTED,ISSUEC4DB14DAD3
TXN95163E920B,BB005,O+,RBC,DONATION,1.0,2024-01-06 08:28:00,DONATION0692,,,POSTED,
TXN41FD8B511B,BB014,A+,Platelets,DONATION,3.0,2024-01-06 09:01:00,DONATION1032,,,POSTED,
TXN9F4CCBC223,BB005,O+,Plasma,DONATION,1.0,2024-01-06 12:22:00,DONATION0692,,,POSTED,
TXN9CB8C61C87,BB014,A+,Plasma,DONATION,3.0,2024-01-06 14:51:00,DONATION1032,,,POSTED,
TXN22220B01BC,BB014,A+,RBC,DONATION,3.0,2024-01-06 16:18:00,DONATION1032,,,POSTED,
TXNC61EE50F7B,BB007,A+,Plasma,ISSUE,2.0,2024-01-06 16:53:00,,,,POSTED,ISSUE8C1E464938
TXND954A869F2,BB013,O+,Platelets,EXPIRY,1.0,2024-01-08 13:39:00,,,,POSTED,
TXNEF10BB3463,BB014,A+,Plasma,ISSUE,3.0,2024-01-08 13:42:00,,,,POSTED,ISSUEC878F7199D
TXN171E2329C1,BB012,A+,RBC,DONATION,1.0,2024-01-08 16:17:00,DONATION0470,,,POSTED,
TXNAD08B5BF58,BB012,A+,Plasma,DONATION,1.0,2024-01-08 17:43:00,DONATION0470,,,POSTED,
TXN795736ED68,BB013,O+,RBC,ISSUE,1.0,2024-01-11 08:41:00,,,,POSTED,ISSUE067650ED98
TXN0C8076C6DC,BB010,B+,Platelets,DONATION,1.0,2024-01-11 09:20:00,DONATION1616,,,POSTED,
TXN2322440579,BB017,AB+,RBC,EXPIRY,1.0,2024-01-11 12:04:00,,,,POSTED,
TXN1A6DB10B32,BB010,B+,RBC,DONATION,1.0,2024-01-11 14:12:00,DONATION1616,,,POSTED,
TXNA5AB6E285A,BB010,B+,Plasma,DONATION,1.0,2024-01-11 18:57:00,DONATION1616,,,POSTED,
TXNCE94D64F03,BB012,B-,RBC,DONATION,1.0,2024-01-12 14:04:00,DONATION0642,,,POSTED,
TXNB8D16A9079,BB012,B-,Platelets,DONATION,1.0,2024-01-12 14:34:00,DONATION0642,,,POSTED,
TXN49D00384B7,BB012,B-,Plasma,DONATION,1.0,2024-01-12 15:38:00,DONATION0642,,,POSTED,
TXN5D968BEA15,BB010,B+,Platelets,ISSUE,1.0,2024-01-12 16:07:00,,,,POSTED,ISSUE3B32453289
TXN3FC5501F3E,BB013,O+,Platelets,ISSUE,1.0,2024-01-13 17:33:00,,,,POSTED,ISSUE97CE7AEDAA
TXN703EB77D5F,BB010,B+,Plasma,ISSUE,1.0,2024-01-13 18:49:00,,,,POSTED,ISSUEDA2F598302
TXNC1E8A27D4B,BB001,O-,Plasma,EXPIRY,1.0,2024-01-14 11:27:00,,,,POSTED,
TXNA5962357B5,BB001,O+,Plasma,EXPIRY,2.0,2024-01-14 18:17:00,,,,POSTED,
TXNF03D4D50FC,BB009,O+,Plasma,DONATION,2.0,2024-01-16 08:05:00,DONATION1682,,,POSTED,
TXN78ADE8015D,BB009,A+,Platelets,DONATION,2.0,2024-01-16 08:29:00,DONATION1432,,,POSTED,
TXN17B51ED556,BB009,O+,RBC,DONATION,2.0,2024-01-16 12:12:00,DONATION1682,,,POSTED,
TXN4D9CF5B90C,BB009,A+,Plasma,DONATION,2.0,2024-01-16 12:12:00,DONATION1432,,,POSTED,
TXNC6768980AF,BB009,A+,RBC,DONATION,2.0,2024-01-16 17:14:00,DONATION1432,,,POSTED,
TXNBF8E8AA825,BB006,A+,RBC,DONATION,1.0,2024-01-17 11:45:00,DONATION1518,,,POSTED,
TXNA02D36BF28,BB006,A+,Plasma,DONATION,1.0,2024-01-17 16:17:00,DONATION1518,,,POSTED,
TXN36242DF9AD,BB006,A+,Platelets,DONATION,1.0,2024-01-17 16:36:00,DONATION1518,,,POSTED,
TXNF3B9D69A35,BB013,A+,Plasma,DONATION,1.0,2024-01-19 12:46:00,DONATION0360,,,POSTED,
TXN62FD50A2D5,BB009,A+,Plasma,ISSUE,1.0,2024-01-19 14:16:00,,,,POSTED,ISSUE51A487BC23
TXNE7771EDBD0,BB013,A+,RBC,DONATION,1.0,2024-01-19 14:18:00,DONATION0360,,,POSTED,
TXN625916CF6E,BB012,O-,Platelets,DONATION,1.0,2024-01-21 08:22:00,DONATION0399,,,POSTED,
TXN8C2E1C8147,BB018,A+,RBC,DONATION,1.0,2024-01-21 08:35:00,DONATION1080,,,POSTED,
TXN574347E8F0,BB018,A+,Platelets,DONATION,1.0,2024-01-21 08:36:00,DONATION1080,,,POSTED,
TXNF10BE81B8A,BB012,O-,RBC,DONATION,1.0,2024-01-21 08:40:00,DONATION0399,,,POSTED,
TXN1DF1C33CE9,BB012,O-,Plasma,DONATION,1.0,2024-01-21 14:23:00,DONATION0399,,,POSTED,
TXNDA1AE789BC,BB018,A+,Plasma,DONATION,1.0,2024-01-21 16:09:00,DONATION1080,,,POSTED,
TXN9C6B3F2324,BB004,A-,Plasma,DONATION,3.0,2024-01-22 12:55:00,DONATION1507,,,POSTED,
TXN25C7DC0057,BB004,A-,RBC,DONATION,3.0,2024-01-22 13:07:00,DONATION1507,,,POSTED,
TXNF26024174D,BB004,A-,Platelets,DONATION,3.0,2024-01-22 14:44:00,DONATION1507,,,POSTED,
TXN7BF9285E30,BB018,A+,RBC,ISSUE,2.0,2024-01-23 10:40:00,,,,POSTED,ISSUE27D32115DD
TXN730939C397,BB009,A+,RBC,ISSUE,3.0,2024-01-23 16:07:00,,,,POSTED,ISSUE87D0F95044
TXN0805BF550C,BB004,A-,Platelets,ISSUE,1.0,2024-01-24 16:24:00,,,,POSTED,ISSUEF40BDC429E
TXN6EF29BDD8F,BB009,O+,Plasma,ISSUE,3.0,2024-01-26 08:28:00,,,,POSTED,ISSUE4ED2DA79A9
TXNA84E5869DE,BB004,A-,Platelets,EXPIRY,1.0,2024-01-27 10:12:00,,,,POSTED,
TXN0B291EE609,BB013,A+,RBC,DONATION,1.0,2024-01-28 13:27:00,DONATION0048,,,POSTED,
TXNA106BC899E,BB013,A+,Plasma,DONATION,1.0,2024-01-28 14:29:00,DONATION0048,,,POSTED,
TXN946BF4DA26,BB017,AB+,Platelets,DONATION,1.0,2024-02-01 11:19:00,DONATION1689,,,POSTED,
TXN8EC5BED2FF,BB007,A-,RBC,DONATION,1.0,2024-02-01 13:47:00,DONATION1869,,,POSTED,
TXNC06BD31170,BB017,AB+,RBC,DONATION,1.0,2024-02-01 14:08:00,DONATION1689,,,POSTED,
TXN8AFA3E8EE6,BB007,A-,Plasma,DONATION,1.0,2024-02-01 15:48:00,DONATION1869,,,POSTED,
TXND7AEC87BAC,BB017,AB+,Plasma,DONATION,1.0,2024-02-01 17:38:00,DONATION1689,,,POSTED,
TXNB0936DFC8F,BB018,A-,RBC,DONATION,1.0,2024-02-02 09:24:00,DONATION0013,,,POSTED,
TXN93749CB319,BB018,A-,Plasma,DONATION,1.0,2024-02-02 12:29:00,DONATION0013,,,POSTED,
TXN8FA10268DC,BB017,AB+,Plasma,ISSUE,1.0,2024-02-02 15:48:00,,,,POSTED,ISSUE884FB4202E
TXN6595A5C5D3,BB008,O+,RBC,DONATION,1.0,2024-02-03 08:19:00,DONATION0259,,,POSTED,
TXNCD6CA4714F,BB008,O+,Plasma,DONATION,1.0,2024-02-03 15:02:00,DONATION0259,,,POSTED,
TXN7B68DA4E81,BB007,A-,RBC,ISSUE,1.0,2024-02-04 12:34:00,,,,POSTED,ISSUEEECCF19215
TXN7471D794CD,BB012,B-,RBC,EXPIRY,1.0,2024-02-05 10:42:00,,,,POSTED,
TXN192BD974D4,BB017,AB+,RBC,ISSUE,1.0,2024-02-05 14:06:00,,,,POSTED,ISSUE653A3DCF04
TXND225D68E5B,BB017,AB+,Platelets,EXPIRY,1.0,2024-02-06 09:42:00,,,,POSTED,
TXN3A6EFF6248,BB008,O+,RBC,ISSUE,4.0,2024-02-06 11:22:00,,,,POSTED,ISSUE09ED98E2F8
TXNE838609D87,BB006,B-,Platelets,DONATION,1.0,2024-02-07 10:18:00,DONATION0496,,,POSTED,
TXN43440921AC,BB001,O+,Plasma,DONATION,1.0,2024-02-07 11:33:00,DONATION1901,,,POSTED,
TXN69274E1A67,BB001,O+,RBC,DONATION,1.0,2024-02-07 12:53:00,DONATION1901,,,POSTED,
TXN8EF259BAD7,BB006,B-,Plasma,DONATION,1.0,2024-02-07 14:52:00,DONATION0496,,,POSTED,
TXN7A221E861B,BB006,B-,RBC,DONATION,1.0,2024-02-07 14:57:00,DONATION0496,,,POSTED,
TXN2A3368D332,BB001,O+,Platelets,DONATION,1.0,2024-02-07 17:03:00,DONATION1901,,,POSTED,
TXNFA643EF973,BB003,AB+,Plasma,EXPIRY,1.0,2024-02-08 14:37:00,,,,POSTED,
TXN2EE31D072D,BB007,AB+,RBC,EXPIRY,1.0,2024-02-08 17:21:00,,,,POSTED,
TXN56DAC00882,BB006,B-,Platelets,ISSUE,1.0,2024-02-10 14:56:00,,,,POSTED,ISSUE820F952E64
TXN8FC1C79618,BB011,O+,Plasma,DONATION,1.0,2024-02-11 16:19:00,DONATION0928,,,POSTED,
TXN7F62B71284,BB011,O+,RBC,DONATION,1.0,2024-02-11 18:22:00,DONATION0928,,,POSTED,
TXN7F3966A0EB,BB016,B+,RBC,DONATION,1.0,2024-02-12 08:08:00,DONATION0561,,,POSTED,
TXN31C62978A0,BB018,A+,Plasma,DONATION,1.0,2024-02-12 09:25:00,DONATION0339,,,POSTED,
TXN36BA5A4C6C,BB016,O-,RBC,DONATION,2.0,2024-02-12 11:04:00,DONATION1618,,,POSTED,
TXNA62806B8CE,BB016,O-,Platelets,DONATION,2.0,2024-02-12 14:09:00,DONATION1618,,,POSTED,
TXNF9F0422E65,BB018,A+,RBC,DONATION,1.0,2024-02-12 14:33:00,DONATION0339,,,POSTED,
TXN9F72B0A33B,BB016,O-,Plasma,DONATION,2.0,2024-02-12 15:37:00,DONATION1618,,,POSTED,
TXNE5DD88437C,BB016,B+,Plasma,DONATION,1.0,2024-02-12 16:18:00,DONATION0561,,,POSTED,
TXNA17D8E1FDE,BB016,B+,Platelets,DONATION,1.0,2024-02-12 17:20:00,DONATION0561,,,POSTED,
TXN2895529EBF,BB006,A+,Plasma,DONATION,1.0,2024-02-13 13:11:00,DONATION1745,,,POSTED,
TXN6679138AFA,BB006,A+,RBC,DONATION,1.0,2024-02-13 15:43:00,DONATION1745,,,POSTED,
TXN7FDC51FAA2,BB006,A+,Platelets,DONATION,1.0,2024-02-13 18:31:00,DONATION1745,,,POSTED,
TXN051FA07210,BB011,A+,Plasma,DONATION,1.0,2024-02-14 09:32:00,DONATION0788,,,POSTED,
TXNFA1F619489,BB011,A+,RBC,DONATION,1.0,2024-02-14 09:37:00,DONATION0788,,,POSTED,
TXN41A107C626,BB016,O+,RBC,DONATION,1.0,2024-02-14 12:45:00,DONATION1451,,,POSTED,
TXNB89DF0E895,BB016,O+,Plasma,DONATION,1.0,2024-02-14 13:45:00,DONATION1451,,,POSTED,
TXNFFB1E74576,BB011,A+,Platelets,DONATION,1.0,2024-02-14 14:04:00,DONATION0788,,,POSTED,
TXN8D70B94ADA,BB016,O+,Platelets,DONATION,1.0,2024-02-14 14:05:00,DONATION1451,,,POSTED,
TXN8BE242E9F4,BB016,B+,Plasma,ISSUE,1.0,2024-02-16 13:35:00,,,,POSTED,ISSUE4F4DDF5D10
TXN2F60A3DF56,BB009,O+,Plasma,DONATION,1.0,2024-02-17 09:12:00,DONATION0575,,,POSTED,
TXN01F53E5170,BB009,O+,RBC,DONATION,1.0,2024-02-17 17:02:00,DONATION0575,,,POSTED,
TXNFEF3A02322,BB016,O+,RBC,ISSUE,2.0,2024-02-18 16:54:00,,,,POSTED,ISSUEE327479109
TXN222BFDD94C,BB016,O+,Plasma,ISSUE,3.0,2024-02-19 11:05:00,,,,POSTED,ISSUE5263359A8B
TXN816F125112,BB011,A+,RBC,ISSUE,1.0,2024-02-19 16:18:00,,,,POSTED,ISSUEA4D860E0B7
TXN842B9FBF58,BB011,O+,Plasma,ISSUE,3.0,2024-02-19 17:27:00,,,,POSTED,ISSUEDD4D7D48A8
TXNCD8E47D473,BB003,O+,RBC,DONATION,1.0,2024-02-20 11:19:00,DONATION0600,,,POSTED,
TXNE82ECC2BC2,BB018,A+,RBC,ISSUE,3.0,2024-02-20 17:43:00,,,,POSTED,ISSUEBE72926A88
TXN45AF09E3B0,BB003,O+,Plasma,DONATION,1.0,2024-02-20 18:52:00,DONATION0600,,,POSTED,
TXN6F0AA1D12D,BB007,B+,Plasma,DONATION,1.0,2024-02-21 08:13:00,DONATION1444,,,POSTED,
TXN9634B58AD8,BB014,O+,RBC,DONATION,1.0,2024-02-21 08:14:00,DONATION0018,,,POSTED,
TXN7F5719CC00,BB014,O+,Plasma,DONATION,1.0,2024-02-21 08:51:00,DONATION0018,,,POSTED,
TXN89EE1FBDF6,BB014,O+,Platelets,DONATION,1.0,2024-02-21 12:04:00,DONATION0018,,,POSTED,
TXN15375B79DA,BB007,B+,RBC,DONATION,1.0,2024-02-21 16:34:00,DONATION1444,,,POSTED,
TXN1AC90AC4CA,BB003,O+,Plasma,ISSUE,2.0,2024-02-22 17:44:00,,,,POSTED,ISSUE65926700B6
TXNF087D61B18,BB009,O+,Plasma,ISSUE,2.0,2024-02-23 14:10:00,,,,POSTED,ISSUE2F3B945F91
TXN9278F7127E,BB007,O-,Plasma,DONATION,3.0,2024-02-25 11:07:00,DONATION0184,,,POSTED,
TXN4056140A09,BB005,O+,Platelets,DONATION,1.0,2024-02-25 11:58:00,DONATION0219,,,POSTED,
TXNFF6B30F689,BB007,O-,RBC,DONATION,3.0,2024-02-25 12:05:00,DONATION0184,,,POSTED,
TXNC4C0848A24,BB005,O+,RBC,DONATION,1.0,2024-02-25 15:15:00,DONATION0219,,,POSTED,
TXNA1D8047B7B,BB005,O+,Plasma,DONATION,1.0,2024-02-25 15:35:00,DONATION0219,,,POSTED,
TXNE1DACBFEBF,BB015,O+,RBC,DONATION,1.0,2024-02-27 11:06:00,DONATION1617,,,POSTED,
TXN0F81D4E8A4,BB015,O+,Platelets,DONATION,1.0,2024-02-27 11:24:00,DONATION1617,,,POSTED,
TXN1082D59678,BB015,O+,Plasma,DONATION,1.0,2024-02-27 11:47:00,DONATION1617,,,POSTED,
TXN7B969850DC,BB008,B-,Plasma,DONATION,1.0,2024-02-28 17:14:00,DONATION0991,,,POSTED,
TXNA747787D88,BB008,B-,RBC,DONATION,1.0,2024-02-28 17:46:00,DONATION0991,,,POSTED,
TXND70BA4D396,BB012,AB+,Plasma,DONATION,1.0,2024-02-29 16:11:00,DONATION1414,,,POSTED,
TXN473D990616,BB014,O+,RBC,ISSUE,7.0,2024-02-29 16:46:00,,,,POSTED,ISSUE06244B840D
TXNC5D94F8A2C,BB012,AB+,RBC,DONATION,1.0,2024-02-29 17:36:00,DONATION1414,,,POSTED,
TXN44451675E9,BB009,AB+,Plasma,EXPIRY,1.0,2024-03-01 09:00:00,,,,POSTED,
TXNE4E3D3C655,BB015,O+,Platelets,ISSUE,1.0,2024-03-01 11:55:00,,,,POSTED,ISSUE4DEA9E9229
TXN9C0E325A29,BB014,O+,Platelets,ISSUE,2.0,2024-03-01 17:06:00,,,,POSTED,ISSUE6D59486E0D
TXN466E12289F,BB002,AB+,Plasma,DONATION,1.0,2024-03-02 17:04:00,DONATION0025,,,POSTED,
TXNA222E515DE,BB002,AB+,Platelets,DONATION,1.0,2024-03-02 17:29:00,DONATION0025,,,POSTED,
TXN9DD4B35856,BB002,AB+,RBC,DONATION,1.0,2024-03-02 18:27:00,DONATION0025,,,POSTED,
TXNEF81F47458,BB015,O+,RBC,ISSUE,2.0,2024-03-03 09:11:00,,,,POSTED,ISSUE5AB9E575FD
TXN2F98A114D5,BB004,A-,RBC,EXPIRY,1.0,2024-03-04 16:13:00,,,,POSTED,
TXNF61B738AC9,BB007,O-,RBC,ISSUE,1.0,2024-03-05 09:50:00,,,,POSTED,ISSUE700C31188B
TXNF61043F2C9,BB002,AB+,RBC,ISSUE,1.0,2024-03-05 10:20:00,,,,POSTED,ISSUE5A9B6811E1
TXN5B3A19E06D,BB018,AB+,Plasma,EXPIRY,1.0,2024-03-05 11:50:00,,,,POSTED,
TXN216F9FE9A0,BB007,O-,Plasma,ISSUE,2.0,2024-03-05 14:14:00,,,,POSTED,ISSUEFF9828A070
TXNA1C9CD092B,BB005,O+,Platelets,ISSUE,4.0,2024-03-05 18:11:00,,,,POSTED,ISSUE4B8A818B84
TXN92BCFEEB28,BB012,AB+,RBC,ISSUE,1.0,2024-03-07 17:51:00,,,,POSTED,ISSUED77E5ECCBB
TXN4A7F83B24A,BB008,B-,Plasma,ISSUE,1.0,2024-03-08 13:54:00,,,,POSTED,ISSUE1B3412AA84
TXN50E5324085,BB020,O+,RBC,DONATION,2.0,2024-03-09 11:28:00,DONATION0006,,,POSTED,
TXNA81C71392D,BB020,O+,Plasma,DONATION,2.0,2024-03-09 17:17:00,DONATION0006,,,POSTED,
TXN0BDA06267F,BB005,O-,RBC,DONATION,1.0,2024-03-11 08:13:00,DONATION0127,,,POSTED,
TXN368DF296EF,BB004,O+,RBC,DONATION,2.0,2024-03-11 09:06:00,DONATION1288,,,POSTED,
TXNF7A158C93D,BB004,O+,Platelets,DONATION,2.0,2024-03-11 10:11:00,DONATION1288,,,POSTED,
TXNA579FA6ED6,BB005,O-,Plasma,DONATION,1.0,2024-03-11 14:24:00,DONATION0127,,,POSTED,
TXNA709F71D36,BB020,O+,RBC,ISSUE,4.0,2024-03-11 14:49:00,,,,POSTED,ISSUE3E862FA28E
TXNC0BD4900E4,BB004,O+,Plasma,DONATION,2.0,2024-03-11 16:42:00,DONATION1288,,,POSTED,
TXN4C325378F8,BB002,AB+,Platelets,ISSUE,1.0,2024-03-11 18:41:00,,,,POSTED,ISSUE3CB66CC556
TXNDB565097BB,BB014,A+,RBC,DONATION,3.0,2024-03-12 10:44:00,DONATION1020,,,POSTED,
TXNBE2CEC3E0E,BB014,A+,Plasma,DONATION,3.0,2024-03-12 17:11:00,DONATION1020,,,POSTED,
TXN64719E291D,BB005,O-,RBC,ISSUE,1.0,2024-03-12 17:23:00,,,,POSTED,ISSUEF44EAFBE18
TXN293DB8244F,BB003,O-,RBC,DONATION,1.0,2024-03-13 13:03:00,DONATION0757,,,POSTED,
TXN102396B9AC,BB003,O-,Plasma,DONATION,1.0,2024-03-13 15:54:00,DONATION0757,,,POSTED,
TXN904AECCE48,BB008,A+,RBC,DONATION,2.0,2024-03-14 10:24:00,DONATION0738,,,POSTED,
TXNC77E520894,BB007,A-,RBC,EXPIRY,1.0,2024-03-14 12:55:00,,,,POSTED,
TXNAB68E9679F,BB008,A+,Plasma,DONATION,2.0,2024-03-14 17:26:00,DONATION0738,,,POSTED,
TXN5E5DD39C61,BB008,A+,Platelets,DONATION,2.0,2024-03-14 18:11:00,DONATION0738,,,POSTED,
TXN010AB787EF,BB009,O+,RBC,DONATION,2.0,2024-03-15 13:56:00,DONATION1865,,,POSTED,
TXN720ECABB42,BB020,O+,Plasma,ISSUE,7.0,2024-03-15 14:10:00,,,,POSTED,ISSUEEF805F63E6
TXNE06EE111CD,BB009,O+,Plasma,DONATION,2.0,2024-03-15 15:08:00,DONATION1865,,,POSTED,
TXN433A871F7F,BB005,O-,Plasma,DONATION,2.0,2024-03-15 15:56:00,DONATION1813,,,POSTED,
TXN5ACC1D7039,BB005,O-,RBC,DONATION,2.0,2024-03-15 16:16:00,DONATION1813,,,POSTED,
TXNB9FD39021F,BB009,O+,Platelets,DONATION,2.0,2024-03-15 16:27:00,DONATION1865,,,POSTED,
TXN3BFA3A99D3,BB005,O-,Platelets,DONATION,2.0,2024-03-15 17:07:00,DONATION1813,,,POSTED,
TXNA6176C19DB,BB002,A+,RBC,DONATION,2.0,2024-03-16 08:01:00,DONATION0003,,,POSTED,
TXNB41B007354,BB002,A+,Plasma,DONATION,2.0,2024-03-16 09:13:00,DONATION0003,,,POSTED,
TXN13E8F60304,BB002,A+,Platelets,DONATION,2.0,2024-03-16 17:01:00,DONATION0003,,,POSTED,
TXNBD415028A0,BB010,A+,Plasma,DONATION,1.0,2024-03-18 09:35:00,DONATION0770,,,POSTED,
TXN1EA6D9750E,BB009,A-,RBC,DONATION,2.0,2024-03-18 10:10:00,DONATION1413,,,POSTED,
TXN58054BA1E6,BB005,O-,Plasma,ISSUE,1.0,2024-03-18 10:52:00,,,,POSTED,ISSUEBFFB2C67EB
TXN1512CC27CB,BB010,A+,RBC,DONATION,1.0,2024-03-18 12:20:00,DONATION0770,,,POSTED,
TXN2C7F5D3D8B,BB010,A+,Platelets,DONATION,1.0,2024-03-18 13:12:00,DONATION0770,,,POSTED,
TXN13AD0F64FD,BB009,A-,Plasma,DONATION,2.0,2024-03-18 18:18:00,DONATION1413,,,POSTED,
TXNC4971A63B9,BB010,A+,RBC,ISSUE,2.0,2024-03-19 11:15:00,,,,POSTED,ISSUE04E5697FBB
TXN500D00DF0F,BB005,O-,Plasma,ISSUE,2.0,2024-03-19 13:27:00,,,,POSTED,ISSUE54A78FE713
TXN8EA4F791BE,BB010,A+,Platelets,ISSUE,1.0,2024-03-20 14:28:00,,,,POSTED,ISSUEC5B5045106
TXNC5D2A28CA9,BB007,A-,RBC,DONATION,2.0,2024-03-21 08:25:00,DONATION0382,,,POSTED,
TXNDE277846CE,BB007,A-,Platelets,DONATION,2.0,2024-03-21 09:23:00,DONATION0382,,,POSTED,
TXND52BA8BEA5,BB001,B+,RBC,DONATION,1.0,2024-03-21 11:28:00,DONATION0895,,,POSTED,
TXN4636D92ECD,BB009,O+,Plasma,ISSUE,1.0,2024-03-21 11:57:00,,,,POSTED,ISSUEB134581561
TXN815FBB1D30,BB001,B+,Plasma,DONATION,1.0,2024-03-21 11:58:00,DONATION0895,,,POSTED,
TXNB7650CB319,BB002,A+,Plasma,DONATION,1.0,2024-03-21 16:16:00,DONATION1133,,,POSTED,
TXN9FF0AF851F,BB007,A-,Plasma,DONATION,2.0,2024-03-21 16:23:00,DONATION0382,,,POSTED,
TXN0ACC45AC7F,BB002,A+,RBC,DONATION,1.0,2024-03-21 17:42:00,DONATION1133,,,POSTED,
TXN8512B129EE,BB002,A+,Platelets,DONATION,1.0,2024-03-21 18:21:00,DONATION1133,,,POSTED,
TXN0466AF4C72,BB003,O-,Plasma,ISSUE,1.0,2024-03-23 08:33:00,,,,POSTED,ISSUE8E6D0E14FA
TXN974081B086,BB008,A+,RBC,ISSUE,3.0,2024-03-23 14:09:00,,,,POSTED,ISSUE5159170BDC
TXN594821575C,BB002,A+,RBC,ISSUE,5.0,2024-03-24 08:58:00,,,,POSTED,ISSUE7F58C6E391
TXN560E06AEEA,BB011,A+,RBC,DONATION,1.0,2024-03-24 12:21:00,DONATION0525,,,POSTED,
TXN14ECD3B693,BB011,A+,Plasma,DONATION,1.0,2024-03-24 12:37:00,DONATION0525,,,POSTED,
TXN1A0F95E1CE,BB002,A+,Plasma,ISSUE,7.0,2024-03-24 15:14:00,,,,POSTED,ISSUE10842DD328
TXN3114378A5B,BB011,A+,Plasma,ISSUE,2.0,2024-03-25 15:37:00,,,,POSTED,ISSUE23537917D5
TXN30C0287A89,BB013,A+,RBC,DONATION,2.0,2024-03-26 10:02:00,DONATION1582,,,POSTED,
TXN71F70800B0,BB013,A+,Plasma,DONATION,2.0,2024-03-26 11:01:00,DONATION1582,,,POSTED,
TXN87C413FB72,BB001,B+,RBC,DONATION,1.0,2024-03-28 10:21:00,DONATION0207,,,POSTED,
TXNA805D72591,BB002,A+,Platelets,ISSUE,2.0,2024-03-28 12:35:00,,,,POSTED,ISSUE194F52FFF0
TXN4820A979BF,BB001,B+,Plasma,DONATION,1.0,2024-03-28 14:44:00,DONATION0207,,,POSTED,
TXN848ADE5658,BB013,A+,RBC,ISSUE,1.0,2024-03-28 16:06:00,,,,POSTED,ISSUE8F82019DBE
TXN065751AA7F,BB001,B+,Platelets,DONATION,1.0,2024-03-28 18:25:00,DONATION0207,,,POSTED,
TXN266BD3F433,BB011,O+,RBC,DONATION,1.0,2024-03-29 08:29:00,DONATION1349,,,POSTED,
TXN5C2E6738CD,BB007,A-,Plasma,ISSUE,1.0,2024-03-29 09:53:00,,,,POSTED,ISSUE3CFE7753EB
TXN72A055971D,BB017,O+,RBC,DONATION,1.0,2024-03-29 12:29:00,DONATION1803,,,POSTED,
TXN977C13A63D,BB017,O+,Plasma,DONATION,1.0,2024-03-29 15:35:00,DONATION1803,,,POSTED,
TXNC43E678E8A,BB011,O+,Plasma,DONATION,1.0,2024-03-29 18:00:00,DONATION1349,,,POSTED,
TXN1CB4D40172,BB011,O+,Platelets,DONATION,1.0,2024-03-29 18:17:00,DONATION1349,,,POSTED,
TXN5E98521B44,BB001,B+,Plasma,ISSUE,2.0,2024-03-30 13:45:00,,,,POSTED,ISSUE095A2B10F5
TXN72637FD871,BB007,A-,RBC,ISSUE,1.0,2024-03-30 15:56:00,,,,POSTED,ISSUE5CE1B07B9F
TXN947B557F5A,BB002,O+,RBC,DONATION,2.0,2024-03-31 08:35:00,DONATION1389,,,POSTED,
TXN3012DFFB92,BB002,O+,Plasma,DONATION,2.0,2024-03-31 14:33:00,DONATION1389,,,POSTED,
TXN16AE5A64A6,BB011,O-,Platelets,DONATION,1.0,2024-04-02 09:54:00,DONATION1874,,,POSTED,
TXN285ED43275,BB011,O-,RBC,DONATION,1.0,2024-04-02 15:22:00,DONATION1874,,,POSTED,
TXN02CB1854CE,BB011,O-,Plasma,DONATION,1.0,2024-04-02 16:31:00,DONATION1874,,,POSTED,
TXN8B1C138B9C,BB017,O+,Plasma,ISSUE,1.0,2024-04-05 08:07:00,,,,POSTED,ISSUED07F5434DB
TXN7A09BE992C,BB013,O-,Platelets,DONATION,1.0,2024-04-05 13:28:00,DONATION1055,,,POSTED,
TXN86CD576815,BB013,O-,RBC,DONATION,1.0,2024-04-05 15:35:00,DONATION1055,,,POSTED,
TXNF6A008C7CA,BB013,O-,Plasma,DONATION,1.0,2024-04-05 18:00:00,DONATION1055,,,POSTED,
TXN7668ECEA3C,BB008,AB+,Plasma,DONATION,1.0,2024-04-08 12:04:00,DONATION0469,,,POSTED,
TXN613A1EF1BD,BB008,AB+,RBC,DONATION,1.0,2024-04-08 13:35:00,DONATION0469,,,POSTED,
TXN8A69D4DD87,BB002,O+,RBC,ISSUE,1.0,2024-04-08 15:09:00,,,,POSTED,ISSUE5B58DB75E6
TXN7DB02F857D,BB008,AB+,Platelets,DONATION,1.0,2024-04-08 15:48:00,DONATION0469,,,POSTED,
TXNC2E0B4176E,BB001,A+,Platelets,DONATION,1.0,2024-04-09 09:46:00,DONATION1315,,,POSTED,
TXN541289F2E8,BB001,A+,RBC,DONATION,1.0,2024-04-09 17:25:00,DONATION1315,,,POSTED,
TXNC3C972A909,BB001,A+,Plasma,DONATION,1.0,2024-04-09 17:58:00,DONATION1315,,,POSTED,
TXN8541A1F3A2,BB020,A+,Plasma,DONATION,2.0,2024-04-10 09:46:00,DONATION1360,,,POSTED,
TXNC7B0F28644,BB020,A+,RBC,DONATION,2.0,2024-04-10 18:08:00,DONATION1360,,,POSTED,
TXNB7664836EA,BB020,A+,Platelets,DONATION,2.0,2024-04-10 18:39:00,DONATION1360,,,POSTED,
TXN5716F88AF0,BB001,O+,RBC,DONATION,1.0,2024-04-12 08:24:00,DONATION0957,,,POSTED,
TXN75796B2C73,BB001,O+,Plasma,DONATION,1.0,2024-04-12 18:16:00,DONATION0957,,,POSTED,
TXNC8DBD4A6ED,BB002,AB+,RBC,EXPIRY,1.0,2024-04-13 10:09:00,,,,POSTED,
TXNAF44D35553,BB003,A-,RBC,DONATION,1.0,2024-04-13 10:54:00,DONATION1154,,,POSTED,
TXN4DAB79BF47,BB003,A-,Plasma,DONATION,1.0,2024-04-13 18:07:00,DONATION1154,,,POSTED,
TXNF021BC9E4C,BB001,AB+,Plasma,DONATION,1.0,2024-04-14 08:24:00,DONATION0808,,,POSTED,
TXN6AB417B865,BB001,AB+,RBC,DONATION,1.0,2024-04-14 14:31:00,DONATION0808,,,POSTED,
TXN91CF584B5B,BB001,A+,Plasma,ISSUE,1.0,2024-04-14 14:52:00,,,,POSTED,ISSUEBBF41EA762
TXN4C94A46FB5,BB001,O+,RBC,ISSUE,3.0,2024-04-15 11:37:00,,,,POSTED,ISSUE8FF07F5383
TXNDB09698094,BB020,A+,Platelets,ISSUE,1.0,2024-04-16 09:41:00,,,,POSTED,ISSUE071290334A
TXNA25EDBFE48,BB020,A+,Plasma,ISSUE,2.0,2024-04-17 15:38:00,,,,POSTED,ISSUE36B0A76B25
TXND6EE9A81F9,BB011,A+,Plasma,DONATION,1.0,2024-04-18 08:15:00,DONATION0558,,,POSTED,
TXN3BD22F29E4,BB011,A+,Platelets,DONATION,1.0,2024-04-18 09:38:00,DONATION0558,,,POSTED,
TXN1B1B34382B,BB014,A+,Platelets,DONATION,1.0,2024-04-18 10:45:00,DONATION1244,,,POSTED,
TXNC594FC7485,BB011,A+,RBC,DONATION,1.0,2024-04-18 14:39:00,DONATION0558,,,POSTED,
TXN674AF8300A,BB014,A+,RBC,DONATION,1.0,2024-04-18 14:56:00,DONATION1244,,,POSTED,
TXNF18BAC38ED,BB014,A+,Plasma,DONATION,1.0,2024-04-18 16:27:00,DONATION1244,,,POSTED,
TXNAE14352D3C,BB001,AB+,RBC,ISSUE,1.0,2024-04-20 12:18:00,,,,POSTED,ISSUE135DE1E262
TXNB9013DDFDF,BB017,A+,Platelets,DONATION,1.0,2024-04-21 11:58:00,DONATION1142,,,POSTED,
TXNCE4FD554F1,BB017,A+,Plasma,DONATION,1.0,2024-04-21 14:08:00,DONATION1142,,,POSTED,
TXNBE8D764491,BB008,O+,Plasma,DONATION,1.0,2024-04-21 15:24:00,DONATION1583,,,POSTED,
TXN5AB12B0C7B,BB008,O+,Platelets,DONATION,1.0,2024-04-21 16:41:00,DONATION1583,,,POSTED,
TXN0FDE496745,BB017,A+,RBC,DONATION,1.0,2024-04-21 17:06:00,DONATION1142,,,POSTED,
TXN9CA1D9F5F3,BB008,O+,RBC,DONATION,1.0,2024-04-21 17:15:00,DONATION1583,,,POSTED,
TXNDCC8B0A408,BB005,B+,RBC,DONATION,2.0,2024-04-22 08:45:00,DONATION1850,,,POSTED,
TXNDA6A9AFB18,BB005,B+,Plasma,DONATION,2.0,2024-04-22 16:27:00,DONATION1850,,,POSTED,
TXN64AC04A570,BB001,B+,Plasma,EXPIRY,1.0,2024-04-23 08:22:00,,,,POSTED,
TXNDC68269A6A,BB007,A+,RBC,DONATION,1.0,2024-04-23 15:48:00,DONATION0533,,,POSTED,
TXN0CB83E448A,BB007,A+,Plasma,DONATION,1.0,2024-04-23 16:51:00,DONATION0533,,,POSTED,
TXN0282350A44,BB011,A+,Plasma,ISSUE,2.0,2024-04-24 17:15:00,,,,POSTED,ISSUE821B2395EC
TXND30EC87C51,BB017,A+,Plasma,ISSUE,1.0,2024-04-25 11:32:00,,,,POSTED,ISSUEF724DFF8FB
TXN618515C93D,BB014,A+,Plasma,ISSUE,2.0,2024-04-25 15:26:00,,,,POSTED,ISSUE818B552FB2
TXN39D5165722,BB004,O+,Plasma,DONATION,1.0,2024-04-29 11:12:00,DONATION1026,,,POSTED,
TXNB9FC5C31E2,BB009,A+,Plasma,DONATION,1.0,2024-04-29 11:31:00,DONATION1893,,,POSTED,
TXN4319569FE0,BB004,O+,Platelets,DONATION,1.0,2024-04-29 12:43:00,DONATION1026,,,POSTED,
TXN7F536950A0,BB009,A+,RBC,DONATION,1.0,2024-04-29 13:32:00,DONATION1893,,,POSTED,
TXN272B485956,BB009,A+,Platelets,DONATION,1.0,2024-04-29 14:30:00,DONATION1893,,,POSTED,
TXN8EDEC317F8,BB004,O+,RBC,DONATION,1.0,2024-04-29 16:40:00,DONATION1026,,,POSTED,
TXNEC25EDAC08,BB007,A+,RBC,ISSUE,5.0,2024-04-30 08:28:00,,,,POSTED,ISSUE2FEA975F54
TXN5A461882C3,BB015,A+,Plasma,DONATION,1.0,2024-04-30 08:32:00,DONATION1902,,,POSTED,
TXN81CD9F3775,BB015,A+,Platelets,DONATION,1.0,2024-04-30 14:26:00,DONATION1902,,,POSTED,
TXN86C1353012,BB015,A+,RBC,DONATION,1.0,2024-04-30 16:04:00,DONATION1902,,,POSTED,
TXN74D371EAB5,BB010,B+,RBC,DONATION,1.0,2024-05-01 13:30:00,DONATION0817,,,POSTED,
TXN26626ECF4A,BB010,B+,Plasma,DONATION,1.0,2024-05-01 16:50:00,DONATION0817,,,POSTED,
TXN49F73B72D5,BB010,B+,Platelets,DONATION,1.0,2024-05-01 17:32:00,DONATION0817,,,POSTED,
TXN4947793672,BB016,O+,Platelets,DONATION,1.0,2024-05-03 08:05:00,DONATION1471,,,POSTED,
TXNCFBA4908ED,BB013,O+,RBC,DONATION,1.0,2024-05-03 09:47:00,DONATION1066,,,POSTED,
TXNE076921627,BB013,O+,Platelets,DONATION,1.0,2024-05-03 13:02:00,DONATION1066,,,POSTED,
TXN48CDB2370E,BB016,O+,RBC,DONATION,1.0,2024-05-03 15:57:00,DONATION1471,,,POSTED,
TXN4CEC300032,BB009,A+,Platelets,ISSUE,2.0,2024-05-03 17:58:00,,,,POSTED,ISSUE1F7695951B
TXN77A9A17821,BB016,O+,Plasma,DONATION,1.0,2024-05-03 18:03:00,DONATION1471,,,POSTED,
TXN1FC2AC4B64,BB013,O+,Plasma,DONATION,1.0,2024-05-03 18:09:00,DONATION1066,,,POSTED,
TXNC6D03F4DBB,BB006,A+,Plasma,DONATION,2.0,2024-05-04 08:00:00,DONATION0719,,,POSTED,
TXN576C3686AB,BB014,A+,Plasma,DONATION,1.0,2024-05-04 10:41:00,DONATION0646,,,POSTED,
TXNBCF19F9D44,BB014,A+,RBC,DONATION,1.0,2024-05-04 18:22:00,DONATION0646,,,POSTED,
TXNDF2BE28497,BB006,A+,RBC,DONATION,2.0,2024-05-04 18:28:00,DONATION0719,,,POSTED,
TXN17810F173C,BB014,A+,RBC,ISSUE,2.0,2024-05-05 09:21:00,,,,POSTED,ISSUE94FEF4AAA6
TXN2A14547BA8,BB009,A+,Plasma,ISSUE,1.0,2024-05-05 16:20:00,,,,POSTED,ISSUE5C0D27A9A3
TXN9500268200,BB010,B+,Plasma,ISSUE,1.0,2024-05-06 09:01:00,,,,POSTED,ISSUED8BA8240CE
TXNCF13657726,BB016,O+,Platelets,ISSUE,1.0,2024-05-06 10:12:00,,,,POSTED,ISSUE1F7DB03E76
TXN2AF7F53EEA,BB006,O+,RBC,DONATION,2.0,2024-05-06 12:07:00,DONATION0335,,,POSTED,
TXND96DDDA1A9,BB006,O+,Plasma,DONATION,2.0,2024-05-06 14:01:00,DONATION0335,,,POSTED,
TXN0E979E3354,BB006,A+,Plasma,ISSUE,3.0,2024-05-07 12:24:00,,,,POSTED,ISSUE3BB12BEEDD
TXN385773DE68,BB016,O+,Plasma,ISSUE,2.0,2024-05-07 12:50:00,,,,POSTED,ISSUE97D2574D28
TXN0D47007F0C,BB004,O+,RBC,ISSUE,3.0,2024-05-07 14:03:00,,,,POSTED,ISSUE3803A467A0
TXN1312201849,BB007,A-,Plasma,DONATION,2.0,2024-05-08 10:19:00,DONATION1367,,,POSTED,
TXN1857B7FEF1,BB007,A-,RBC,DONATION,2.0,2024-05-08 11:55:00,DONATION1367,,,POSTED,
TXN8FE0088774,BB017,B+,RBC,DONATION,1.0,2024-05-08 12:26:00,DONATION0129,,,POSTED,
TXN6BC6FC4C65,BB017,B+,Platelets,DONATION,1.0,2024-05-08 13:11:00,DONATION0129,,,POSTED,
TXNB25847F8A5,BB017,B+,Plasma,DONATION,1.0,2024-05-08 15:00:00,DONATION0129,,,POSTED,
TXN8A85435D09,BB017,B+,RBC,DONATION,1.0,2024-05-08 17:24:00,DONATION0129,,,POSTED,
TXNA23FFF2C2A,BB017,B+,Plasma,DONATION,1.0,2024-05-08 18:10:00,DONATION0129,,,POSTED,
TXNB5FEF331E9,BB004,O+,Platelets,ISSUE,2.0,2024-05-08 18:20:00,,,,POSTED,ISSUE6FA162066D
TXN71316BB047,BB006,O+,Plasma,ISSUE,4.0,2024-05-09 18:49:00,,,,POSTED,ISSUEFCADC40A14
TXN192ABCC17B,BB016,O-,Platelets,DONATION,1.0,2024-05-10 11:52:00,DONATION1497,,,POSTED,
TXN248CD31168,BB011,B+,RBC,DONATION,2.0,2024-05-10 12:56:00,DONATION1223,,,POSTED,
TXN03018410F4,BB016,O-,RBC,DONATION,1.0,2024-05-10 13:31:00,DONATION1497,,,POSTED,
TXN762058BF76,BB011,B+,Plasma,DONATION,2.0,2024-05-10 15:49:00,DONATION1223,,,POSTED,
TXND6CD579C0B,BB016,O-,Plasma,DONATION,1.0,2024-05-10 18:42:00,DONATION1497,,,POSTED,
TXN67C4A5BA64,BB016,B+,Plasma,DONATION,2.0,2024-05-11 10:43:00,DONATION0615,,,POSTED,
TXNE2A2C81723,BB016,B+,RBC,DONATION,2.0,2024-05-11 14:27:00,DONATION0615,,,POSTED,
TXN5BD4EFD7D8,BB004,A+,Plasma,DONATION,1.0,2024-05-12 10:55:00,DONATION0712,,,POSTED,
TXN6DEAC2F736,BB003,B+,RBC,DONATION,2.0,2024-05-12 15:33:00,DONATION0670,,,POSTED,
TXNFEFFDB3C6D,BB004,A+,RBC,DONATION,1.0,2024-05-12 18:19:00,DONATION0712,,,POSTED,
TXNE5F43E9B4C,BB003,B+,Plasma,DONATION,2.0,2024-05-12 18:20:00,DONATION0670,,,POSTED,
TXN66AA69CC00,BB014,O+,RBC,DONATION,1.0,2024-05-13 08:47:00,DONATION0546,,,POSTED,
TXN8AB7A1D89F,BB014,O+,Plasma,DONATION,1.0,2024-05-13 11:37:00,DONATION0546,,,POSTED,
TXNACD6C70967,BB014,O+,Platelets,DONATION,1.0,2024-05-13 14:22:00,DONATION0546,,,POSTED,
TXN1580E13D83,BB017,B+,Platelets,ISSUE,2.0,2024-05-16 15:51:00,,,,POSTED,ISSUE2F0CDCA381
TXN997498D5BC,BB003,B+,Plasma,ISSUE,2.0,2024-05-18 15:56:00,,,,POSTED,ISSUE7C50122A4D
TXN7D45BF97EA,BB003,A+,RBC,DONATION,1.0,2024-05-19 12:49:00,DONATION0028,,,POSTED,
TXNC5EEB00338,BB016,O-,RBC,ISSUE,1.0,2024-05-19 12:59:00,,,,POSTED,ISSUEBAA6EE4361
TXNA75AA9F352,BB003,A+,Platelets,DONATION,1.0,2024-05-19 14:10:00,DONATION0028,,,POSTED,
TXN95FA18B2E0,BB003,A+,Plasma,DONATION,1.0,2024-05-19 18:21:00,DONATION0028,,,POSTED,
TXNBA92478F8A,BB007,O+,Plasma,DONATION,3.0,2024-05-20 13:46:00,DONATION1285,,,POSTED,
TXN8048AAC803,BB007,O+,Platelets,DONATION,3.0,2024-05-20 16:52:00,DONATION1285,,,POSTED,
TXNB77937F475,BB007,O+,RBC,DONATION,3.0,2024-05-20 17:15:00,DONATION1285,,,POSTED,
TXN875B82C751,BB012,O+,Plasma,DONATION,1.0,2024-05-21 08:30:00,DONATION1526,,,POSTED,
TXNB29DACDD9E,BB012,O+,Platelets,DONATION,1.0,2024-05-21 15:36:00,DONATION1526,,,POSTED,
TXN527A9177EC,BB012,O+,RBC,DONATION,1.0,2024-05-21 16:49:00,DONATION1526,,,POSTED,
TXNA9A6BCB51D,BB004,O+,Plasma,DONATION,1.0,2024-05-23 08:42:00,DONATION0092,,,POSTED,
TXN5AAD4C156F,BB004,O+,RBC,DONATION,1.0,2024-05-23 11:14:00,DONATION0092,,,POSTED,
TXNCCB6DBCC27,BB004,O+,Platelets,DONATION,1.0,2024-05-23 13:17:00,DONATION0092,,,POSTED,
TXND0593BFC4B,BB003,A+,RBC,DONATION,2.0,2024-05-25 13:35:00,DONATION0918,,,POSTED,
TXN4E7FF4894D,BB003,A+,Plasma,DONATION,2.0,2024-05-25 18:38:00,DONATION0918,,,POSTED,
TXNC012F2C89E,BB007,B+,RBC,DONATION,1.0,2024-05-28 14:12:00,DONATION1286,,,POSTED,
TXN194C8999E0,BB007,O+,Plasma,ISSUE,2.0,2024-05-28 14:15:00,,,,POSTED,ISSUEA21BDBC28B
TXNB00B26A526,BB003,A+,Platelets,ISSUE,2.0,2024-05-28 15:18:00,,,,POSTED,ISSUEF5A9319D40
TXNEDCF78DF7E,BB007,B+,Platelets,DONATION,1.0,2024-05-28 16:09:00,DONATION1286,,,POSTED,
TXNFB01F9CB58,BB007,B+,Plasma,DONATION,1.0,2024-05-28 16:43:00,DONATION1286,,,POSTED,
TXN114DB747C4,BB019,AB+,Plasma,DONATION,1.0,2024-05-29 08:52:00,DONATION1006,,,POSTED,
TXN78BAE6196C,BB003,O-,RBC,DONATION,1.0,2024-05-29 11:01:00,DONATION0949,,,POSTED,
TXNC5C9EACAE5,BB014,B-,Plasma,DONATION,1.0,2024-05-29 11:23:00,DONATION1452,,,POSTED,
TXNE6B1202125,BB014,B-,Platelets,DONATION,1.0,2024-05-29 12:13:00,DONATION1452,,,POSTED,
TXNB88ACE54DB,BB019,AB+,RBC,DONATION,1.0,2024-05-29 13:23:00,DONATION1006,,,POSTED,
TXND9F3C099F1,BB019,AB+,Platelets,DONATION,1.0,2024-05-29 15:21:00,DONATION1006,,,POSTED,
TXN53FC49EBD9,BB014,B-,RBC,DONATION,1.0,2024-05-29 15:56:00,DONATION1452,,,POSTED,
TXNB650DEA272,BB003,O-,Plasma,DONATION,1.0,2024-05-29 18:00:00,DONATION0949,,,POSTED,
TXN5D4D0FD5E8,BB017,AB+,Platelets,DONATION,2.0,2024-05-30 08:21:00,DONATION1255,,,POSTED,
TXN5DB514AF3B,BB017,AB+,RBC,DONATION,2.0,2024-05-30 14:19:00,DONATION1255,,,POSTED,
TXN93F7907D61,BB017,AB+,Plasma,DONATION,2.0,2024-05-30 15:23:00,DONATION1255,,,POSTED,
TXN10DBAB6CC7,BB003,O-,Plasma,ISSUE,2.0,2024-05-30 16:52:00,,,,POSTED,ISSUEB1165F5134
TXN03B29CEA23,BB011,A+,RBC,DONATION,1.0,2024-05-31 12:27:00,DONATION1787,,,POSTED,
TXN2C1AFFF896,BB011,B+,RBC,DONATION,1.0,2024-05-31 13:18:00,DONATION0516,,,POSTED,
TXN82EF9B8DCE,BB014,B-,Plasma,ISSUE,2.0,2024-05-31 13:54:00,,,,POSTED,ISSUE04702E508B
TXNCE6F09D621,BB011,A+,Platelets,DONATION,1.0,2024-05-31 14:25:00,DONATION1787,,,POSTED,
TXN7970885D52,BB011,B+,Plasma,DONATION,1.0,2024-05-31 15:41:00,DONATION0516,,,POSTED,
TXN2CAAA40A10,BB011,A+,Plasma,DONATION,1.0,2024-05-31 18:34:00,DONATION1787,,,POSTED,
TXN309205D06E,BB011,A+,Platelets,ISSUE,1.0,2024-06-01 11:25:00,,,,POSTED,ISSUE196F4B0BF0
TXN5882B80CA6,BB002,O-,RBC,DONATION,1.0,2024-06-02 09:57:00,DONATION0805,,,POSTED,
TXN6979E93BEA,BB015,B-,Plasma,DONATION,2.0,2024-06-02 10:55:00,DONATION0220,,,POSTED,
TXN40F5C6CBD5,BB002,B+,Plasma,DONATION,1.0,2024-06-02 12:16:00,DONATION0920,,,POSTED,
TXNECC8B0FDFA,BB002,O-,Plasma,DONATION,1.0,2024-06-02 13:07:00,DONATION0805,,,POSTED,
TXN41599E3764,BB002,B+,RBC,DONATION,1.0,2024-06-02 13:55:00,DONATION0920,,,POSTED,
TXNF18781A535,BB004,A+,Plasma,DONATION,1.0,2024-06-02 14:02:00,DONATION0226,,,POSTED,
TXN241B668D72,BB004,A+,RBC,DONATION,1.0,2024-06-02 14:14:00,DONATION0226,,,POSTED,
TXN4CE3767269,BB015,B-,Platelets,DONATION,2.0,2024-06-02 14:21:00,DONATION0220,,,POSTED,
TXN92F3493BA4,BB002,O-,Platelets,DONATION,1.0,2024-06-02 15:03:00,DONATION0805,,,POSTED,
TXN9C14AA76FE,BB004,A+,Platelets,DONATION,1.0,2024-06-02 15:45:00,DONATION0226,,,POSTED,
TXN3032BB6893,BB015,B-,RBC,DONATION,2.0,2024-06-02 17:32:00,DONATION0220,,,POSTED,
TXNFB4D763C7E,BB014,B-,Platelets,ISSUE,1.0,2024-06-03 09:08:00,,,,POSTED,ISSUE4892080D03
TXN325FBB0A02,BB002,A+,Plasma,DONATION,1.0,2024-06-04 08:47:00,DONATION1994,,,POSTED,
TXN940C42D59E,BB006,A+,RBC,DONATION,1.0,2024-06-04 14:35:00,DONATION1152,,,POSTED,
TXN3E08B6603E,BB002,A+,RBC,DONATION,1.0,2024-06-04 15:30:00,DONATION1994,,,POSTED,
TXN2BB02F1567,BB002,A+,Platelets,DONATION,1.0,2024-06-04 16:23:00,DONATION1994,,,POSTED,
TXNC8FD9F3E01,BB006,A+,Plasma,DONATION,1.0,2024-06-04 16:30:00,DONATION1152,,,POSTED,
TXNDC4797E7E3,BB006,A+,Platelets,DONATION,1.0,2024-06-04 16:35:00,DONATION1152,,,POSTED,
TXN67BA7FCBFF,BB014,O-,Plasma,DONATION,2.0,2024-06-05 12:35:00,DONATION1826,,,POSTED,
TXN72C62A4F2A,BB015,B-,Plasma,ISSUE,1.0,2024-06-05 18:09:00,,,,POSTED,ISSUE1D09F2138A
TXN7BE1049355,BB014,O-,RBC,DONATION,2.0,2024-06-05 18:15:00,DONATION1826,,,POSTED,
TXN2D665314F2,BB014,O-,Platelets,DONATION,2.0,2024-06-05 18:44:00,DONATION1826,,,POSTED,
TXNFD81D641EE,BB017,AB+,Platelets,ISSUE,1.0,2024-06-06 08:05:00,,,,POSTED,ISSUE62287B8F7B
TXN3CE051773A,BB013,O+,Plasma,DONATION,2.0,2024-06-06 09:39:00,DONATION0351,,,POSTED,
TXN3025995B8F,BB007,B+,Platelets,ISSUE,2.0,2024-06-06 18:43:00,,,,POSTED,ISSUEC4A1EE93DD
TXN4C5BBE36C8,BB013,O+,RBC,DONATION,2.0,2024-06-06 18:55:00,DONATION0351,,,POSTED,
TXNA8A03B9E53,BB014,O-,Plasma,ISSUE,1.0,2024-06-07 09:04:00,,,,POSTED,ISSUE03DE40048D
TXN0DF9B57255,BB002,O-,Platelets,EXPIRY,1.0,2024-06-07 11:02:00,,,,POSTED,
TXN4E21997BDF,BB015,B-,Platelets,EXPIRY,1.0,2024-06-07 11:07:00,,,,POSTED,
TXN32615FC432,BB014,O-,RBC,ISSUE,1.0,2024-06-07 16:59:00,,,,POSTED,ISSUEDA5D183135
TXN97791FC941,BB004,A+,Platelets,ISSUE,2.0,2024-06-08 08:49:00,,,,POSTED,ISSUE93B2BF5CAA
TXN5D79C8CD4D,BB014,B-,RBC,ISSUE,2.0,2024-06-08 09:03:00,,,,POSTED,ISSUEA6E0522B8B
TXN83CB1EDC7C,BB006,A+,RBC,DONATION,1.0,2024-06-09 08:11:00,DONATION0767,,,POSTED,
TXN621629D977,BB006,A+,Plasma,DONATION,1.0,2024-06-09 11:51:00,DONATION0767,,,POSTED,
TXN1BC8A290C3,BB006,A+,RBC,ISSUE,2.0,2024-06-10 15:00:00,,,,POSTED,ISSUECA236F725A
TXN6E93400A79,BB013,O+,RBC,ISSUE,4.0,2024-06-11 10:54:00,,,,POSTED,ISSUEE33FCCD1E5
TXN371AA8F859,BB017,O-,Plasma,DONATION,2.0,2024-06-11 13:46:00,DONATION0456,,,POSTED,
TXN95B9C99B28,BB017,O-,RBC,DONATION,2.0,2024-06-11 13:55:00,DONATION0456,,,POSTED,
TXN13CEFB4E88,BB020,A+,Plasma,DONATION,1.0,2024-06-12 11:00:00,DONATION0042,,,POSTED,
TXNA10F39A1E7,BB020,A+,RBC,DONATION,1.0,2024-06-12 11:37:00,DONATION0042,,,POSTED,
TXNB925A0BF3A,BB020,A+,Platelets,DONATION,1.0,2024-06-12 18:03:00,DONATION0042,,,POSTED,
TXN24118A346C,BB020,A+,Platelets,ISSUE,1.0,2024-06-13 11:21:00,,,,POSTED,ISSUE0AD8AE3182
TXNE3E41A7833,BB019,AB+,RBC,DONATION,2.0,2024-06-14 16:05:00,DONATION0446,,,POSTED,
TXN1AED615EE7,BB019,AB+,Plasma,DONATION,2.0,2024-06-14 16:41:00,DONATION0446,,,POSTED,
TXNB1ABAFE9CC,BB019,AB+,Platelets,DONATION,2.0,2024-06-14 17:09:00,DONATION0446,,,POSTED,
TXN0307A18A21,BB008,B+,Platelets,DONATION,1.0,2024-06-15 12:14:00,DONATION1174,,,POSTED,
TXN03A9C44BDA,BB008,B+,RBC,DONATION,1.0,2024-06-15 16:58:00,DONATION1174,,,POSTED,
TXN3519489204,BB008,B+,Plasma,DONATION,1.0,2024-06-15 17:22:00,DONATION1174,,,POSTED,
TXN0BB25FA60E,BB008,B+,RBC,ISSUE,2.0,2024-06-16 12:15:00,,,,POSTED,ISSUECF642FC527
TXN023DC96B1D,BB001,O-,RBC,DONATION,1.0,2024-06-16 13:00:00,DONATION0947,,,POSTED,
TXNCFB87CCF09,BB010,B-,RBC,DONATION,2.0,2024-06-16 13:05:00,DONATION1334,,,POSTED,
TXN6D08EF60FC,BB001,O-,Plasma,DONATION,1.0,2024-06-16 13:48:00,DONATION0947,,,POSTED,
TXN34DA052A0D,BB003,O+,Plasma,DONATION,1.0,2024-06-16 14:07:00,DONATION0794,,,POSTED,
TXN5A3FE0F551,BB010,B-,Platelets,DONATION,2.0,2024-06-16 14:27:00,DONATION1334,,,POSTED,
TXN073B5525C9,BB003,O+,RBC,DONATION,1.0,2024-06-16 15:20:00,DONATION0794,,,POSTED,
TXN787EB9A794,BB010,B-,Plasma,DONATION,2.0,2024-06-16 17:05:00,DONATION1334,,,POSTED,
TXN72A02434FF,BB010,B-,Plasma,DONATION,2.0,2024-06-16 17:42:00,DONATION1334,,,POSTED,
TXNA9EF8FE876,BB010,B-,RBC,DONATION,2.0,2024-06-16 18:59:00,DONATION1334,,,POSTED,
TXN18A8F385E1,BB019,O-,Plasma,DONATION,1.0,2024-06-17 10:12:00,DONATION0105,,,POSTED,
TXN3240147146,BB019,O-,RBC,DONATION,1.0,2024-06-17 12:35:00,DONATION0105,,,POSTED,
TXNC9BC861DDA,BB019,O-,Platelets,DONATION,1.0,2024-06-17 14:43:00,DONATION0105,,,POSTED,
TXN0287F52545,BB017,O-,Plasma,ISSUE,1.0,2024-06-17 14:50:00,,,,POSTED,ISSUEB0A7AD8361
TXN784D949DDA,BB010,O+,RBC,DONATION,1.0,2024-06-18 08:17:00,DONATION0699,,,POSTED,
TXNAA928AA827,BB017,B+,Plasma,DONATION,1.0,2024-06-18 09:53:00,DONATION0307,,,POSTED,
TXN07A9103788,BB017,B+,Platelets,DONATION,1.0,2024-06-18 14:06:00,DONATION0307,,,POSTED,
TXNA6C63598D2,BB017,B+,RBC,DONATION,1.0,2024-06-18 15:04:00,DONATION0307,,,POSTED,
TXN9FDF55C37B,BB010,O+,Plasma,DONATION,1.0,2024-06-18 18:08:00,DONATION0699,,,POSTED,
TXNA855F42796,BB001,O+,Plasma,DONATION,2.0,2024-06-19 08:06:00,DONATION0651,,,POSTED,
TXN2B17A1F560,BB007,A-,Platelets,DONATION,1.0,2024-06-19 11:13:00,DONATION0666,,,POSTED,
TXND1467298FA,BB007,A-,RBC,DONATION,1.0,2024-06-19 11:28:00,DONATION0666,,,POSTED,
TXN677335522A,BB003,B+,RBC,DONATION,1.0,2024-06-19 12:29:00,DONATION1899,,,POSTED,
TXN41F77EB33E,BB003,B+,Plasma,DONATION,1.0,2024-06-19 14:05:00,DONATION1899,,,POSTED,
TXNA96BF3FE20,BB001,O+,RBC,DONATION,2.0,2024-06-19 14:06:00,DONATION0651,,,POSTED,
TXNF995471DE9,BB010,B-,Plasma,ISSUE,1.0,2024-06-19 16:16:00,,,,POSTED,ISSUE03D6119D5C
TXN8CD8233F7D,BB001,O+,Platelets,DONATION,2.0,2024-06-19 16:47:00,DONATION0651,,,POSTED,
TXN55FA83AEFD,BB007,A-,Plasma,DONATION,1.0,2024-06-19 17:27:00,DONATION0666,,,POSTED,
TXND84CFE8F76,BB008,A+,RBC,DONATION,1.0,2024-06-20 08:02:00,DONATION1267,,,POSTED,
TXN7D57AD3789,BB006,O-,RBC,DONATION,1.0,2024-06-20 08:52:00,DONATION1696,,,POSTED,
TXNEB3BF03F17,BB002,B+,RBC,DONATION,1.0,2024-06-20 09:57:00,DONATION1353,,,POSTED,
TXNA72BD1D150,BB006,O-,Plasma,DONATION,1.0,2024-06-20 12:53:00,DONATION1696,,,POSTED,
TXNADA203665D,BB002,B+,Plasma,DONATION,1.0,2024-06-20 13:31:00,DONATION1353,,,POSTED,
TXN730F7465CB,BB001,O+,Platelets,ISSUE,2.0,2024-06-20 14:37:00,,,,POSTED,ISSUE4497FFB232
TXN3B51305E81,BB008,A+,Plasma,DONATION,1.0,2024-06-20 17:50:00,DONATION1267,,,POSTED,
TXNFDF606AD4E,BB010,B-,Platelets,EXPIRY,1.0,2024-06-21 09:34:00,,,,POSTED,
TXNBD5BB65AF3,BB019,B-,RBC,DONATION,1.0,2024-06-22 10:44:00,DONATION1598,,,POSTED,
TXNA305A25E09,BB019,B-,Platelets,DONATION,1.0,2024-06-22 11:59:00,DONATION1598,,,POSTED,
TXN2F70B88BDB,BB019,B-,Plasma,DONATION,1.0,2024-06-22 13:35:00,DONATION1598,,,POSTED,
TXN032EBB49C7,BB019,O-,Platelets,EXPIRY,1.0,2024-06-22 14:25:00,,,,POSTED,
TXN09FD8F6F8F,BB015,B+,Plasma,DONATION,1.0,2024-06-23 09:12:00,DONATION1654,,,POSTED,
TXN60375E2305,BB008,B+,RBC,DONATION,2.0,2024-06-23 14:19:00,DONATION1372,,,POSTED,
TXN478962741F,BB008,B+,Plasma,DONATION,2.0,2024-06-23 15:47:00,DONATION1372,,,POSTED,
TXNC2465B123A,BB002,B+,Plasma,ISSUE,1.0,2024-06-23 16:03:00,,,,POSTED,ISSUEAC9A00D62A
TXN5109ECE507,BB015,B+,RBC,DONATION,1.0,2024-06-23 18:44:00,DONATION1654,,,POSTED,
TXNF18278BBEF,BB013,A+,Plasma,DONATION,1.0,2024-06-24 09:25:00,DONATION1655,,,POSTED,
TXNCF139D47F0,BB007,B+,Platelets,DONATION,2.0,2024-06-24 10:56:00,DONATION1430,,,POSTED,
TXND0D3008FD3,BB019,O-,RBC,ISSUE,1.0,2024-06-24 11:15:00,,,,POSTED,ISSUEE27232B127
TXN2C33D58D52,BB013,A+,RBC,DONATION,1.0,2024-06-24 15:05:00,DONATION1655,,,POSTED,
TXN5B0422DC5F,BB007,B+,RBC,DONATION,2.0,2024-06-24 16:46:00,DONATION1430,,,POSTED,
TXND9C9B63552,BB007,B+,Plasma,DONATION,2.0,2024-06-24 18:31:00,DONATION1430,,,POSTED,
TXNB70DCC0A39,BB003,B+,Plasma,ISSUE,3.0,2024-06-24 18:43:00,,,,POSTED,ISSUED49594FC22
TXNDF643F6A35,BB001,O+,Platelets,DONATION,2.0,2024-06-25 08:20:00,DONATION1668,,,POSTED,
TXNDDF013243A,BB010,B-,RBC,ISSUE,2.0,2024-06-25 09:04:00,,,,POSTED,ISSUEFCB6943469
TXN1FCDFEB979,BB001,O-,Plasma,ISSUE,1.0,2024-06-25 09:06:00,,,,POSTED,ISSUE405BDCE002
TXNBFF55D72B2,BB001,O+,Plasma,DONATION,2.0,2024-06-25 10:10:00,DONATION1668,,,POSTED,
TXNB54192665C,BB006,O-,Plasma,ISSUE,1.0,2024-06-25 12:01:00,,,,POSTED,ISSUE9B9482138F
TXNE4D65CA6E6,BB001,O+,RBC,DONATION,2.0,2024-06-25 18:50:00,DONATION1668,,,POSTED,
TXND3CFBE19E5,BB006,B+,Platelets,DONATION,1.0,2024-06-26 12:16:00,DONATION1854,,,POSTED,
TXN7E8BFCA531,BB012,AB+,Plasma,DONATION,2.0,2024-06-26 12:21:00,DONATION1909,,,POSTED,
TXN5E47BA8C0D,BB006,B+,RBC,DONATION,1.0,2024-06-26 14:11:00,DONATION1854,,,POSTED,
TXN331CF5694A,BB006,B+,Plasma,DONATION,1.0,2024-06-26 14:50:00,DONATION1854,,,POSTED,
TXN186443C46D,BB012,AB+,RBC,DONATION,2.0,2024-06-26 17:51:00,DONATION1909,,,POSTED,
TXNC084671A81,BB012,AB+,Plasma,ISSUE,1.0,2024-06-28 15:48:00,,,,POSTED,ISSUE3CB0C8BE37
TXN00FB116DE7,BB012,AB+,RBC,ISSUE,1.0,2024-06-29 18:40:00,,,,POSTED,ISSUED8D18B3ED8
TXN808EC49512,BB007,B+,Plasma,ISSUE,1.0,2024-06-30 08:38:00,,,,POSTED,ISSUEF344C6FA5E
TXN240C47FAE1,BB020,O+,Plasma,DONATION,2.0,2024-06-30 12:03:00,DONATION1651,,,POSTED,
TXN4D2EAB1A25,BB020,O+,Platelets,DONATION,2.0,2024-06-30 13:28:00,DONATION1651,,,POSTED,
TXND2200E95E4,BB020,O+,RBC,DONATION,2.0,2024-06-30 18:27:00,DONATION1651,,,POSTED,
TXN83DEA1B551,BB006,B+,Platelets,EXPIRY,1.0,2024-07-01 08:09:00,,,,POSTED,
TXNA01C91A059,BB013,A+,Plasma,ISSUE,5.0,2024-07-01 10:28:00,,,,POSTED,ISSUECEE83122CB
TXN08334D5676,BB015,B+,Plasma,ISSUE,2.0,2024-07-01 13:56:00,,,,POSTED,ISSUE815F370E16
TXN75FA491926,BB002,B+,Platelets,DONATION,1.0,2024-07-01 15:08:00,DONATION1234,,,POSTED,
TXNB09C0BC0BE,BB019,B-,Platelets,ISSUE,1.0,2024-07-01 15:16:00,,,,POSTED,ISSUEED11179BF0
TXN75C0D0D286,BB002,B+,RBC,DONATION,1.0,2024-07-01 15:29:00,DONATION1234,,,POSTED,
TXNA11119907C,BB002,B+,Plasma,DONATION,1.0,2024-07-01 16:59:00,DONATION1234,,,POSTED,
TXNE48DD45B7A,BB002,B+,Plasma,ISSUE,2.0,2024-07-02 08:48:00,,,,POSTED,ISSUEDBB979C091
TXND1F953B995,BB006,B+,Plasma,ISSUE,1.0,2024-07-03 12:20:00,,,,POSTED,ISSUEC1C97D4A38
TXN9495EF48D5,BB020,O+,Platelets,ISSUE,3.0,2024-07-04 12:07:00,,,,POSTED,ISSUEF53F8EF417
TXNDDCD26DD7D,BB006,O+,RBC,DONATION,1.0,2024-07-05 11:04:00,DONATION0149,,,POSTED,
TXN5C075A9C5E,BB006,O+,Plasma,DONATION,1.0,2024-07-05 17:44:00,DONATION0149,,,POSTED,
TXN88FB5AF155,BB020,O+,RBC,ISSUE,2.0,2024-07-07 13:36:00,,,,POSTED,ISSUE6AA7AECBAB
TXN36B1671407,BB016,O-,RBC,DONATION,3.0,2024-07-08 10:49:00,DONATION1216,,,POSTED,
TXN6965B33A36,BB016,O-,Plasma,DONATION,3.0,2024-07-08 12:22:00,DONATION1216,,,POSTED,
TXNDC82092D8B,BB016,O-,Platelets,DONATION,3.0,2024-07-08 16:31:00,DONATION1216,,,POSTED,
TXN5E56D51AD1,BB019,B+,RBC,DONATION,3.0,2024-07-09 09:56:00,DONATION1581,,,POSTED,
TXNDC95CBDF05,BB008,A+,RBC,DONATION,1.0,2024-07-09 10:15:00,DONATION0435,,,POSTED,
TXN5D7654F3C5,BB008,A+,Plasma,DONATION,1.0,2024-07-09 15:01:00,DONATION0435,,,POSTED,
TXN27FB71BEBB,BB008,A+,Platelets,DONATION,1.0,2024-07-09 17:23:00,DONATION0435,,,POSTED,
TXN6FE28881E1,BB019,B+,Plasma,DONATION,3.0,2024-07-09 18:28:00,DONATION1581,,,POSTED,
TXNC3C64FF5B0,BB008,A+,Platelets,ISSUE,1.0,2024-07-10 14:06:00,,,,POSTED,ISSUEBCDA9A5E95
TXNDA0BCA75BD,BB013,A+,RBC,DONATION,1.0,2024-07-11 08:18:00,DONATION0853,,,POSTED,
TXN868B03AA1B,BB013,A+,Plasma,DONATION,1.0,2024-07-11 08:20:00,DONATION0853,,,POSTED,
TXN4C165F7EE0,BB013,A+,Platelets,DONATION,1.0,2024-07-11 09:04:00,DONATION0853,,,POSTED,
TXNCE6D42FCCE,BB017,AB+,RBC,DONATION,1.0,2024-07-11 09:05:00,DONATION1560,,,POSTED,
TXNA849DACBEB,BB016,O-,Plasma,ISSUE,1.0,2024-07-11 15:41:00,,,,POSTED,ISSUE7BE61F68DD
TXNDB24B78E4B,BB017,AB+,Plasma,DONATION,1.0,2024-07-11 17:08:00,DONATION1560,,,POSTED,
TXN4A43FEED63,BB017,AB+,Platelets,DONATION,1.0,2024-07-11 18:36:00,DONATION1560,,,POSTED,
TXN245181552D,BB013,A+,Plasma,ISSUE,3.0,2024-07-12 16:55:00,,,,POSTED,ISSUE0589A15A88
TXNE1986D8C15,BB013,A+,RBC,ISSUE,4.0,2024-07-13 11:25:00,,,,POSTED,ISSUEA4947AEBBC
TXNDDE8CE3A30,BB008,A+,RBC,ISSUE,4.0,2024-07-13 13:46:00,,,,POSTED,ISSUE88EFB95552
TXN963A0C09D6,BB008,A+,Plasma,ISSUE,4.0,2024-07-13 16:16:00,,,,POSTED,ISSUEF7B06C24EA
TXN47B375AEB9,BB016,O-,Platelets,ISSUE,1.0,2024-07-14 15:19:00,,,,POSTED,ISSUEB39EF54F9D
TXN0306C7D9CB,BB010,AB+,RBC,DONATION,1.0,2024-07-15 08:20:00,DONATION1778,,,POSTED,
TXN3D03DD7F4A,BB016,A+,Plasma,DONATION,1.0,2024-07-15 08:47:00,DONATION1673,,,POSTED,
TXN752B6DECF8,BB006,O+,RBC,ISSUE,6.0,2024-07-15 09:51:00,,,,POSTED,ISSUEF458C792B8
TXN07C5D3F1FF,BB008,O+,Plasma,DONATION,1.0,2024-07-15 10:12:00,DONATION1379,,,POSTED,
TXN1A794C7FB0,BB016,A+,RBC,DONATION,1.0,2024-07-15 13:09:00,DONATION1673,,,POSTED,
TXN9EC6961079,BB010,AB+,Plasma,DONATION,1.0,2024-07-15 14:36:00,DONATION1778,,,POSTED,
TXNB7F9822824,BB008,O+,Platelets,DONATION,1.0,2024-07-15 14:48:00,DONATION1379,,,POSTED,
TXN3DD1F6D178,BB008,O+,RBC,DONATION,1.0,2024-07-15 15:08:00,DONATION1379,,,POSTED,
TXNCF26491096,BB013,A+,Platelets,ISSUE,4.0,2024-07-15 15:29:00,,,,POSTED,ISSUEDEA2C667BD
TXND33A500BA2,BB010,AB+,Platelets,DONATION,1.0,2024-07-15 17:06:00,DONATION1778,,,POSTED,
TXNC6CED07903,BB019,B+,RBC,ISSUE,1.0,2024-07-15 18:40:00,,,,POSTED,ISSUE8F99F430FD
TXNA72B5A1970,BB008,O+,Platelets,ISSUE,1.0,2024-07-16 12:12:00,,,,POSTED,ISSUE9E70DD4660
TXN9F0EE120CF,BB016,O-,RBC,ISSUE,1.0,2024-07-16 16:52:00,,,,POSTED,ISSUE70C564050C
TXN7069FC2F92,BB017,AB+,Plasma,ISSUE,1.0,2024-07-16 18:57:00,,,,POSTED,ISSUE59D0D89215
TXNFC88EF091E,BB006,O+,Plasma,DONATION,2.0,2024-07-19 15:13:00,DONATION0499,,,POSTED,
TXN8149AB855D,BB006,O+,Platelets,DONATION,2.0,2024-07-19 16:17:00,DONATION0499,,,POSTED,
TXNBC33D2A5AD,BB006,O+,RBC,DONATION,2.0,2024-07-19 18:16:00,DONATION0499,,,POSTED,
TXNB1978FCF12,BB011,A+,RBC,DONATION,2.0,2024-07-20 08:01:00,DONATION1770,,,POSTED,
TXN270EE44EEE,BB011,A+,Platelets,DONATION,2.0,2024-07-20 13:22:00,DONATION1770,,,POSTED,
TXNA993EFF4C9,BB011,A+,Plasma,DONATION,2.0,2024-07-20 17:02:00,DONATION1770,,,POSTED,
TXNBDCE0A96AF,BB019,B+,Platelets,DONATION,2.0,2024-07-22 11:59:00,DONATION1816,,,POSTED,
TXN5053E476DE,BB019,B+,RBC,DONATION,2.0,2024-07-22 13:21:00,DONATION1816,,,POSTED,
TXNC1E0773763,BB019,B+,Plasma,DONATION,2.0,2024-07-22 17:47:00,DONATION1816,,,POSTED,
TXN87B598FB7C,BB006,O+,Platelets,ISSUE,1.0,2024-07-23 08:49:00,,,,POSTED,ISSUE47773E44E3
TXND5B0DBD497,BB006,O+,Plasma,ISSUE,1.0,2024-07-23 11:46:00,,,,POSTED,ISSUE276ACF124C
TXND5A5A60698,BB013,AB+,RBC,DONATION,2.0,2024-07-25 09:03:00,DONATION1558,,,POSTED,
TXN298CFEF3C8,BB012,O+,Plasma,DONATION,1.0,2024-07-25 12:37:00,DONATION1989,,,POSTED,
TXN3A8EC67368,BB012,O+,Platelets,DONATION,1.0,2024-07-25 14:28:00,DONATION1989,,,POSTED,
TXN3E65DBA32E,BB012,O+,RBC,DONATION,1.0,2024-07-25 14:55:00,DONATION1989,,,POSTED,
TXNBA2DD13CA3,BB020,B+,Plasma,DONATION,1.0,2024-07-25 16:02:00,DONATION0369,,,POSTED,
TXN58E36D9DF0,BB020,B+,RBC,DONATION,1.0,2024-07-25 16:53:00,DONATION0369,,,POSTED,
TXNC8B682BC42,BB013,AB+,Plasma,DONATION,2.0,2024-07-25 17:42:00,DONATION1558,,,POSTED,
TXNB03AFC0907,BB010,O+,Platelets,DONATION,1.0,2024-07-26 09:43:00,DONATION1190,,,POSTED,
TXN5149C9252E,BB010,O+,Plasma,DONATION,1.0,2024-07-26 10:49:00,DONATION1190,,,POSTED,
TXN2663F2EFCF,BB003,B+,Platelets,DONATION,2.0,2024-07-26 12:21:00,DONATION0165,,,POSTED,
TXN7F1372043D,BB003,B+,RBC,DONATION,2.0,2024-07-26 13:11:00,DONATION0165,,,POSTED,
TXNAFE4FF3AE8,BB003,B+,Plasma,DONATION,2.0,2024-07-26 15:13:00,DONATION0165,,,POSTED,
TXNCB4CD980B5,BB010,O+,RBC,DONATION,1.0,2024-07-26 17:22:00,DONATION1190,,,POSTED,
TXNF7113EDDBA,BB001,O+,Platelets,DONATION,1.0,2024-07-27 08:24:00,DONATION1070,,,POSTED,
TXND128AD8950,BB017,B-,Plasma,DONATION,1.0,2024-07-27 10:21:00,DONATION1359,,,POSTED,
TXN63A0F30553,BB017,B-,RBC,DONATION,1.0,2024-07-27 12:14:00,DONATION1359,,,POSTED,
TXN6D0634977A,BB001,O+,RBC,DONATION,1.0,2024-07-27 14:28:00,DONATION1070,,,POSTED,
TXNFEFA97B5C1,BB001,O+,Plasma,DONATION,1.0,2024-07-27 18:25:00,DONATION1070,,,POSTED,
TXNF838289671,BB020,B+,Plasma,ISSUE,1.0,2024-07-28 08:37:00,,,,POSTED,ISSUE51368E8DE9
TXN175BA1A0BF,BB018,AB-,RBC,DONATION,1.0,2024-07-28 08:40:00,DONATION0214,,,POSTED,
TXN9D0C536428,BB018,AB-,Platelets,DONATION,1.0,2024-07-28 10:19:00,DONATION0214,,,POSTED,
TXN7E6D6C28D1,BB018,AB-,Plasma,DONATION,1.0,2024-07-28 17:51:00,DONATION0214,,,POSTED,
TXN3F3BF2647B,BB011,O+,Plasma,DONATION,3.0,2024-07-29 09:21:00,DONATION0518,,,POSTED,
TXN231BB0DEB8,BB019,O-,RBC,EXPIRY,1.0,2024-07-29 10:14:00,,,,POSTED,
TXN5BA5A4E8AE,BB011,O+,RBC,DONATION,3.0,2024-07-29 12:12:00,DONATION0518,,,POSTED,
TXN2A30866215,BB005,O+,RBC,DONATION,1.0,2024-07-29 14:38:00,DONATION0185,,,POSTED,
TXNB7BC45320B,BB011,O+,Platelets,DONATION,3.0,2024-07-29 15:41:00,DONATION0518,,,POSTED,
TXN41E65B7B2B,BB011,A+,Platelets,ISSUE,2.0,2024-07-29 17:15:00,,,,POSTED,ISSUEF876AB677C
TXN5742F576B9,BB005,O+,Plasma,DONATION,1.0,2024-07-29 17:50:00,DONATION0185,,,POSTED,
TXN1AE49AA4A5,BB018,AB-,RBC,ISSUE,1.0,2024-07-30 15:46:00,,,,POSTED,ISSUE6B317B28AE
TXN930B581008,BB011,O+,Plasma,ISSUE,3.0,2024-07-30 18:37:00,,,,POSTED,ISSUE2FF9480DFE
TXNCC5EAACCD5,BB008,AB+,Plasma,DONATION,2.0,2024-07-31 10:59:00,DONATION1381,,,POSTED,
TXN1C4DB68FB5,BB008,AB+,RBC,DONATION,2.0,2024-07-31 11:04:00,DONATION1381,,,POSTED,
TXN8888142A32,BB019,O+,Plasma,DONATION,3.0,2024-07-31 11:53:00,DONATION1749,,,POSTED,
TXN4A38272355,BB019,O+,RBC,DONATION,3.0,2024-07-31 14:07:00,DONATION1749,,,POSTED,
TXN9C4F91B23C,BB019,B+,RBC,ISSUE,1.0,2024-07-31 14:31:00,,,,POSTED,ISSUE9E22AA1888
TXN0D728769C4,BB019,O+,Platelets,DONATION,3.0,2024-07-31 15:17:00,DONATION1749,,,POSTED,
TXN3063F48BAA,BB019,O+,Platelets,ISSUE,1.0,2024-08-01 09:16:00,,,,POSTED,ISSUE17B6398E6E
TXNAE0CDE3EE1,BB012,O+,RBC,ISSUE,1.0,2024-08-02 08:25:00,,,,POSTED,ISSUE8E89B3BCF8
TXNBEC50137AF,BB018,AB-,Platelets,EXPIRY,1.0,2024-08-02 10:25:00,,,,POSTED,
TXN0BB7FB85E0,BB008,B-,RBC,DONATION,2.0,2024-08-02 11:57:00,DONATION1056,,,POSTED,
TXN777116CEEB,BB019,A-,RBC,DONATION,1.0,2024-08-02 12:46:00,DONATION0930,,,POSTED,
TXN291823E176,BB019,A-,Plasma,DONATION,1.0,2024-08-02 16:48:00,DONATION0930,,,POSTED,
TXNC6FB06584F,BB008,B-,Plasma,DONATION,2.0,2024-08-02 18:39:00,DONATION1056,,,POSTED,
TXNAF9D23FF8E,BB016,A+,Plasma,EXPIRY,1.0,2024-08-03 11:52:00,,,,POSTED,
TXN482D11D44E,BB008,B-,RBC,ISSUE,1.0,2024-08-03 18:57:00,,,,POSTED,ISSUE3CF43019C0
TXNB95E84969E,BB017,O+,RBC,DONATION,1.0,2024-08-04 14:06:00,DONATION1556,,,POSTED,
TXN675739C6B2,BB017,O+,Plasma,DONATION,1.0,2024-08-04 16:06:00,DONATION1556,,,POSTED,
TXN230F71DFB0,BB003,AB+,Plasma,DONATION,1.0,2024-08-05 10:08:00,DONATION1024,,,POSTED,
TXN03FB653B9C,BB011,O+,RBC,ISSUE,2.0,2024-08-05 12:44:00,,,,POSTED,ISSUE80707004E3
TXN9B85BC52B5,BB016,B-,Plasma,DONATION,2.0,2024-08-05 14:05:00,DONATION0743,,,POSTED,
TXN295150FCBE,BB016,B-,RBC,DONATION,2.0,2024-08-05 14:27:00,DONATION0743,,,POSTED,
TXNEF9B2BFB41,BB003,AB+,RBC,DONATION,1.0,2024-08-05 15:51:00,DONATION1024,,,POSTED,
TXNB4A4F6FAF8,BB003,AB+,Platelets,DONATION,1.0,2024-08-05 16:19:00,DONATION1024,,,POSTED,
TXN68C6E44D6F,BB001,O+,RBC,ISSUE,3.0,2024-08-06 09:05:00,,,,POSTED,ISSUE07880850D1
TXNA9987E3374,BB015,A+,RBC,DONATION,1.0,2024-08-06 09:20:00,DONATION1822,,,POSTED,
TXN19BA721299,BB019,O+,Plasma,ISSUE,3.0,2024-08-06 09:35:00,,,,POSTED,ISSUE4E85AA6473
TXNFBC2975508,BB015,A+,Platelets,DONATION,1.0,2024-08-06 11:17:00,DONATION1822,,,POSTED,
TXND0A01349FC,BB019,A-,Plasma,ISSUE,1.0,2024-08-06 15:02:00,,,,POSTED,ISSUE1B670D3DB0
TXND2708E4259,BB015,A+,Plasma,DONATION,1.0,2024-08-06 16:27:00,DONATION1822,,,POSTED,
TXN8A6BA274A6,BB003,O+,Plasma,DONATION,1.0,2024-08-07 08:17:00,DONATION1833,,,POSTED,
TXN04B8C94F4C,BB003,AB+,RBC,ISSUE,1.0,2024-08-07 10:30:00,,,,POSTED,ISSUECDE5006EC2
TXN7CA275808B,BB003,AB+,Plasma,ISSUE,1.0,2024-08-07 12:10:00,,,,POSTED,ISSUEF8F1174823
TXNCDD499FBFC,BB003,O+,RBC,DONATION,1.0,2024-08-07 18:26:00,DONATION1833,,,POSTED,
TXN5C69A2BE5D,BB013,O+,Plasma,DONATION,1.0,2024-08-09 08:55:00,DONATION0933,,,POSTED,
TXNB67CF45ABE,BB013,O+,RBC,DONATION,1.0,2024-08-09 09:30:00,DONATION0933,,,POSTED,
TXN0730246026,BB017,AB-,RBC,DONATION,1.0,2024-08-10 15:55:00,DONATION1382,,,POSTED,
TXN7A34F99583,BB017,AB-,Plasma,DONATION,1.0,2024-08-10 17:31:00,DONATION1382,,,POSTED,
TXN27EEB9AAAB,BB016,B-,RBC,ISSUE,1.0,2024-08-12 09:58:00,,,,POSTED,ISSUEA824D89DC1
TXNCA838B6EFA,BB016,A-,Plasma,EXPIRY,1.0,2024-08-12 10:14:00,,,,POSTED,
TXN85375C0B41,BB015,A+,Plasma,ISSUE,1.0,2024-08-14 08:00:00,,,,POSTED,ISSUEB2A7C94680
TXN6541596220,BB015,B+,Plasma,DONATION,1.0,2024-08-14 13:05:00,DONATION0110,,,POSTED,
TXNB4FE22B551,BB015,B+,RBC,DONATION,1.0,2024-08-14 18:39:00,DONATION0110,,,POSTED,
TXN1C9D8AB753,BB013,O+,RBC,ISSUE,3.0,2024-08-17 09:15:00,,,,POSTED,ISSUE595F48581F
TXNA28C5DA465,BB010,O-,RBC,DONATION,1.0,2024-08-18 10:47:00,DONATION1876,,,POSTED,
TXN3049E67D4A,BB011,B+,Plasma,DONATION,1.0,2024-08-18 13:47:00,DONATION1642,,,POSTED,
TXN29D881D7A8,BB010,O+,Plasma,DONATION,1.0,2024-08-18 14:43:00,DONATION0683,,,POSTED,
TXN091864CC57,BB010,O+,Platelets,DONATION,1.0,2024-08-18 15:31:00,DONATION0683,,,POSTED,
TXN03FD89620C,BB010,O-,Plasma,DONATION,1.0,2024-08-18 16:52:00,DONATION1876,,,POSTED,
TXN2BE077E081,BB011,B+,RBC,DONATION,1.0,2024-08-18 17:56:00,DONATION1642,,,POSTED,
TXN0CEC2624DA,BB010,O+,RBC,DONATION,1.0,2024-08-18 18:31:00,DONATION0683,,,POSTED,
TXNB0BAD1EAAE,BB010,O-,Platelets,DONATION,1.0,2024-08-18 18:37:00,DONATION1876,,,POSTED,
TXN8AB8E39A77,BB005,A+,RBC,DONATION,1.0,2024-08-20 08:15:00,DONATION1408,,,POSTED,
TXN5EFE948006,BB011,B+,Plasma,ISSUE,2.0,2024-08-20 10:49:00,,,,POSTED,ISSUEABE0C49307
TXN23D1A08CEC,BB005,A+,Plasma,DONATION,1.0,2024-08-20 16:17:00,DONATION1408,,,POSTED,
TXN0C8AEB36F8,BB014,B+,Plasma,DONATION,1.0,2024-08-21 08:13:00,DONATION0577,,,POSTED,
TXNE43049EA57,BB014,B+,RBC,DONATION,1.0,2024-08-21 13:19:00,DONATION0577,,,POSTED,
TXN9E6D522C16,BB002,O+,Platelets,DONATION,1.0,2024-08-22 09:34:00,DONATION0276,,,POSTED,
TXN37D7607536,BB002,O+,Plasma,DONATION,1.0,2024-08-22 09:53:00,DONATION0276,,,POSTED,
TXN4BA238120E,BB002,O+,Plasma,DONATION,1.0,2024-08-22 12:05:00,DONATION0276,,,POSTED,
TXN4A415B524A,BB002,O+,RBC,DONATION,1.0,2024-08-22 13:24:00,DONATION0276,,,POSTED,
TXN0BD6A5BBFD,BB002,O+,Platelets,DONATION,1.0,2024-08-22 14:17:00,DONATION0276,,,POSTED,
TXNA0E3671A27,BB002,O+,RBC,DONATION,1.0,2024-08-22 14:41:00,DONATION0276,,,POSTED,
TXNCDB1F6D0E6,BB010,O+,Plasma,ISSUE,2.0,2024-08-22 15:50:00,,,,POSTED,ISSUE45C0AF724D
TXN3E3488F699,BB013,B+,Platelets,DONATION,2.0,2024-08-23 08:49:00,DONATION1946,,,POSTED,
TXNB4F0F2FE8B,BB008,O+,Plasma,DONATION,1.0,2024-08-23 10:40:00,DONATION0564,,,POSTED,
TXNDD236CFB30,BB013,B+,Plasma,DONATION,2.0,2024-08-23 13:50:00,DONATION1946,,,POSTED,
TXNEA79E7AFC6,BB013,B+,RBC,DONATION,2.0,2024-08-23 15:16:00,DONATION1946,,,POSTED,
TXNCE1EBEA0B8,BB008,O+,RBC,DONATION,1.0,2024-08-23 16:37:00,DONATION0564,,,POSTED,
TXNB7F913EB3C,BB013,A+,RBC,DONATION,2.0,2024-08-24 09:14:00,DONATION0202,,,POSTED,
TXN0A79353491,BB013,B+,RBC,ISSUE,2.0,2024-08-24 11:28:00,,,,POSTED,ISSUEA1D9BF1D3A
TXN62D47745E6,BB013,A+,Plasma,DONATION,2.0,2024-08-24 18:53:00,DONATION0202,,,POSTED,
TXND4E904E304,BB011,B+,RBC,ISSUE,2.0,2024-08-25 11:52:00,,,,POSTED,ISSUE612CD45C9A
TXNC47C05F89C,BB004,B-,Plasma,DONATION,2.0,2024-08-25 18:34:00,DONATION1767,,,POSTED,
TXNF58C1B8AC0,BB004,B-,RBC,DONATION,2.0,2024-08-25 18:35:00,DONATION1767,,,POSTED,
TXN8E2B03B7D3,BB015,O+,Plasma,DONATION,1.0,2024-08-26 08:36:00,DONATION0178,,,POSTED,
TXN27F827DB32,BB009,B+,RBC,DONATION,3.0,2024-08-26 11:14:00,DONATION0950,,,POSTED,
TXNFFC4970D46,BB010,AB+,RBC,EXPIRY,1.0,2024-08-26 12:36:00,,,,POSTED,
TXN6C9CFF7980,BB005,B+,RBC,DONATION,2.0,2024-08-26 12:48:00,DONATION0130,,,POSTED,
TXN4F03CDA2BB,BB009,B+,Plasma,DONATION,3.0,2024-08-26 13:19:00,DONATION0950,,,POSTED,
TXNFE1479B94B,BB002,O+,RBC,ISSUE,2.0,2024-08-26 14:17:00,,,,POSTED,ISSUECCB665866C
TXN0E52B2F4DA,BB009,B+,Platelets,DONATION,3.0,2024-08-26 14:32:00,DONATION0950,,,POSTED,
TXN07BF93AE29,BB005,B+,Plasma,DONATION,2.0,2024-08-26 14:54:00,DONATION0130,,,POSTED,
TXND6B2A48888,BB015,O+,RBC,DONATION,1.0,2024-08-26 15:06:00,DONATION0178,,,POSTED,
TXNC1B6B58213,BB015,O+,Platelets,DONATION,1.0,2024-08-26 15:28:00,DONATION0178,,,POSTED,
TXNE8CCF80570,BB002,O+,Plasma,ISSUE,2.0,2024-08-26 15:30:00,,,,POSTED,ISSUEEEB2019AD8
TXNE01186EA62,BB008,O+,Plasma,ISSUE,3.0,2024-08-28 12:14:00,,,,POSTED,ISSUE04DD48ABD6
TXNF2AF1340B9,BB008,O-,Platelets,DONATION,2.0,2024-08-29 11:17:00,DONATION0910,,,POSTED,
TXN6C344A51D1,BB010,O-,Platelets,DONATION,1.0,2024-08-29 11:33:00,DONATION0211,,,POSTED,
TXN7252B55866,BB008,O-,Plasma,DONATION,2.0,2024-08-29 11:41:00,DONATION0910,,,POSTED,
TXNE5E8F6FD4E,BB008,O-,RBC,DONATION,2.0,2024-08-29 11:54:00,DONATION0910,,,POSTED,
TXN0AB6CB1139,BB010,O-,Plasma,DONATION,1.0,2024-08-29 16:29:00,DONATION0211,,,POSTED,
TXN91C9C755DD,BB009,B+,RBC,ISSUE,2.0,2024-08-29 16:29:00,,,,POSTED,ISSUEF6FA38A4D5
TXNBD946AABDF,BB010,O-,RBC,DONATION,1.0,2024-08-29 18:55:00,DONATION0211,,,POSTED,
TXNA5ABA85589,BB018,A-,Plasma,DONATION,1.0,2024-08-30 10:12:00,DONATION1941,,,POSTED,
TXN07067B7A95,BB018,A-,Platelets,DONATION,1.0,2024-08-30 15:06:00,DONATION1941,,,POSTED,
TXN1F7B24443E,BB018,A-,RBC,DONATION,1.0,2024-08-30 15:08:00,DONATION1941,,,POSTED,
TXN6C5E453810,BB013,O+,RBC,DONATION,1.0,2024-08-30 16:16:00,DONATION0026,,,POSTED,
TXN21CF04FFE4,BB013,O+,Plasma,DONATION,1.0,2024-08-30 16:55:00,DONATION0026,,,POSTED,
TXNBDFB69EF60,BB006,A+,RBC,DONATION,2.0,2024-09-01 11:06:00,DONATION0151,,,POSTED,
TXNE02AF43950,BB009,A+,Plasma,DONATION,1.0,2024-09-01 12:40:00,DONATION1705,,,POSTED,
TXN24F4339B3C,BB006,A+,Plasma,DONATION,2.0,2024-09-01 12:54:00,DONATION0151,,,POSTED,
TXNF50C48BF4D,BB005,A+,Plasma,DONATION,3.0,2024-09-01 14:42:00,DONATION0994,,,POSTED,
TXN3F351D3DEA,BB009,A+,RBC,DONATION,1.0,2024-09-01 14:55:00,DONATION1705,,,POSTED,
TXN76CB81344E,BB005,AB+,Plasma,DONATION,2.0,2024-09-01 15:19:00,DONATION1915,,,POSTED,
TXNBEAF7EADB0,BB005,A+,RBC,DONATION,3.0,2024-09-01 17:06:00,DONATION0994,,,POSTED,
TXN32425D9BAD,BB005,AB+,RBC,DONATION,2.0,2024-09-01 17:46:00,DONATION1915,,,POSTED,
TXN8873EC9D67,BB005,O+,Plasma,DONATION,2.0,2024-09-02 08:03:00,DONATION0801,,,POSTED,
TXNC8EE9899F5,BB009,B+,Plasma,DONATION,1.0,2024-09-02 10:07:00,DONATION0751,,,POSTED,
TXN355ED23668,BB005,O+,RBC,DONATION,2.0,2024-09-02 10:07:00,DONATION0801,,,POSTED,
TXNE8B32E1830,BB009,B+,Platelets,DONATION,1.0,2024-09-02 10:44:00,DONATION0751,,,POSTED,
TXNFEE09E4CBD,BB008,O-,Plasma,ISSUE,1.0,2024-09-02 12:18:00,,,,POSTED,ISSUE6085D33824
TXNA51CE353FB,BB019,B-,Plasma,DONATION,1.0,2024-09-02 14:16:00,DONATION0139,,,POSTED,
TXNF97C04E8FD,BB019,B-,RBC,DONATION,1.0,2024-09-02 14:17:00,DONATION0139,,,POSTED,
TXN32E79EC12B,BB013,B+,Platelets,ISSUE,1.0,2024-09-02 16:50:00,,,,POSTED,ISSUEB9FD6A74B2
TXND4DC854401,BB009,B+,RBC,DONATION,1.0,2024-09-02 18:47:00,DONATION0751,,,POSTED,
TXN7EB7831367,BB008,O-,Platelets,EXPIRY,1.0,2024-09-03 10:07:00,,,,POSTED,
TXN3528C73EF5,BB013,O+,RBC,ISSUE,4.0,2024-09-03 11:31:00,,,,POSTED,ISSUED6ADF73F77
TXN9DF4C28721,BB014,A+,Plasma,DONATION,1.0,2024-09-03 16:27:00,DONATION0119,,,POSTED,
TXND050801C5F,BB014,A+,RBC,DONATION,1.0,2024-09-03 17:52:00,DONATION0119,,,POSTED,
TXN1FA8020419,BB010,O-,Plasma,ISSUE,1.0,2024-09-04 08:52:00,,,,POSTED,ISSUE17642879F9
TXN053038C071,BB013,O+,Plasma,ISSUE,4.0,2024-09-04 11:22:00,,,,POSTED,ISSUE66CC512E34
TXN9B287AA691,BB018,A-,Platelets,ISSUE,1.0,2024-09-04 11:57:00,,,,POSTED,ISSUE4AA52E3D69
TXN230AC4AA45,BB014,A+,Plasma,ISSUE,2.0,2024-09-05 10:52:00,,,,POSTED,ISSUEC419A766AD
TXN184437B3C2,BB010,B+,Plasma,EXPIRY,1.0,2024-09-05 18:36:00,,,,POSTED,
TXN75882FD4F6,BB002,B+,Platelets,DONATION,1.0,2024-09-07 14:22:00,DONATION1771,,,POSTED,
TXNEFA19CA115,BB002,B+,RBC,DONATION,1.0,2024-09-07 17:01:00,DONATION1771,,,POSTED,
TXNF7FEB0AD7D,BB017,B-,RBC,EXPIRY,1.0,2024-09-07 17:20:00,,,,POSTED,
TXN351105BC41,BB002,B+,Plasma,DONATION,1.0,2024-09-07 18:21:00,DONATION1771,,,POSTED,
TXN891E40754B,BB006,O+,Platelets,DONATION,1.0,2024-09-08 09:29:00,DONATION0215,,,POSTED,
TXNA98B3E2828,BB019,B-,RBC,ISSUE,1.0,2024-09-08 12:16:00,,,,POSTED,ISSUE3D5D7B45C8
TXN722E756B42,BB006,O+,RBC,DONATION,1.0,2024-09-08 16:00:00,DONATION0215,,,POSTED,
TXNA54E803C57,BB006,O+,Plasma,DONATION,1.0,2024-09-08 16:26:00,DONATION0215,,,POSTED,
TXN0FDBB7600E,BB007,O+,RBC,DONATION,1.0,2024-09-08 16:38:00,DONATION1948,,,POSTED,
TXNEDA4441383,BB007,O+,Plasma,DONATION,1.0,2024-09-08 18:06:00,DONATION1948,,,POSTED,
TXN28D92E3B0B,BB020,B-,Platelets,DONATION,1.0,2024-09-09 09:23:00,DONATION0627,,,POSTED,
TXNE9BAA5FECF,BB006,O+,RBC,ISSUE,4.0,2024-09-09 09:31:00,,,,POSTED,ISSUEB735F4FBED
TXN83B0804BCB,BB020,B-,RBC,DONATION,1.0,2024-09-09 10:27:00,DONATION0627,,,POSTED,
TXN2328E361BE,BB018,O+,Plasma,DONATION,1.0,2024-09-09 10:54:00,DONATION1226,,,POSTED,
TXN3CBF1BED9C,BB018,O+,Platelets,DONATION,1.0,2024-09-09 11:42:00,DONATION1226,,,POSTED,
TXN5C6423201D,BB020,B-,Plasma,DONATION,1.0,2024-09-09 12:26:00,DONATION0627,,,POSTED,
TXN57BCE5E941,BB018,O+,RBC,DONATION,1.0,2024-09-09 14:10:00,DONATION1226,,,POSTED,
TXN7170B266CE,BB014,A+,RBC,ISSUE,2.0,2024-09-10 08:29:00,,,,POSTED,ISSUE82771DC55A
TXNECDAB98D04,BB002,AB+,Plasma,DONATION,1.0,2024-09-10 09:26:00,DONATION1907,,,POSTED,
TXNA88BD9E229,BB019,B-,Plasma,ISSUE,1.0,2024-09-10 09:46:00,,,,POSTED,ISSUE121E02E9E9
TXN34FC6502CB,BB005,A+,RBC,ISSUE,2.0,2024-09-10 13:34:00,,,,POSTED,ISSUEE19543F747
TXN3CC8CA047C,BB002,AB+,RBC,DONATION,1.0,2024-09-10 14:02:00,DONATION1907,,,POSTED,
TXN1664700EDD,BB009,A+,Plasma,ISSUE,1.0,2024-09-10 14:30:00,,,,POSTED,ISSUE07483E30AC
TXN0EA2EBC5A4,BB009,B+,RBC,ISSUE,1.0,2024-09-10 18:49:00,,,,POSTED,ISSUEB5AF30FD0F
TXN792D1F260F,BB012,B+,RBC,DONATION,1.0,2024-09-11 09:52:00,DONATION1951,,,POSTED,
TXN247A67CB76,BB011,B-,Platelets,DONATION,1.0,2024-09-11 10:01:00,DONATION1470,,,POSTED,
TXNE02B192638,BB006,A+,Plasma,ISSUE,2.0,2024-09-11 10:49:00,,,,POSTED,ISSUE8979427156
TXN1947D9E754,BB011,B-,Plasma,DONATION,1.0,2024-09-11 13:34:00,DONATION1470,,,POSTED,
TXN2871BA9B9D,BB004,A-,Plasma,DONATION,1.0,2024-09-11 15:09:00,DONATION0701,,,POSTED,
TXNBCA1581E55,BB014,O+,Plasma,DONATION,3.0,2024-09-11 15:22:00,DONATION0223,,,POSTED,
TXN89DDD2DCB5,BB014,O+,RBC,DONATION,3.0,2024-09-11 15:34:00,DONATION0223,,,POSTED,
TXN7C9BE6C68C,BB012,B+,Plasma,DONATION,1.0,2024-09-11 16:02:00,DONATION1951,,,POSTED,
TXNFA943682CE,BB014,O+,Platelets,DONATION,3.0,2024-09-11 16:24:00,DONATION0223,,,POSTED,
TXNAB55E74593,BB011,B-,RBC,DONATION,1.0,2024-09-11 17:57:00,DONATION1470,,,POSTED,
TXN03D035EEAA,BB004,A-,RBC,DONATION,1.0,2024-09-11 18:25:00,DONATION0701,,,POSTED,
TXN7E2FEDC85C,BB014,O+,Platelets,ISSUE,3.0,2024-09-12 08:08:00,,,,POSTED,ISSUE9792C4BFF5
TXNC1A3E4BB5E,BB020,A+,Plasma,DONATION,1.0,2024-09-12 09:53:00,DONATION0286,,,POSTED,
TXN805FDAF427,BB019,O+,Platelets,DONATION,1.0,2024-09-12 10:49:00,DONATION0549,,,POSTED,
TXN97690E2991,BB001,B+,RBC,DONATION,1.0,2024-09-12 10:49:00,DONATION0344,,,POSTED,
TXND291FD28A5,BB019,O+,Plasma,DONATION,1.0,2024-09-12 12:26:00,DONATION0549,,,POSTED,
TXN9E521593B1,BB005,O+,RBC,ISSUE,3.0,2024-09-12 14:01:00,,,,POSTED,ISSUEF9A2EF1598
TXN155E6585BC,BB019,O+,RBC,DONATION,1.0,2024-09-12 15:02:00,DONATION0549,,,POSTED,
TXN71C32C956F,BB020,A+,RBC,DONATION,1.0,2024-09-12 17:13:00,DONATION0286,,,POSTED,
TXNC48DE5E107,BB001,B+,Platelets,DONATION,1.0,2024-09-12 17:48:00,DONATION0344,,,POSTED,
TXNEF001CCC21,BB001,B+,Plasma,DONATION,1.0,2024-09-12 18:31:00,DONATION0344,,,POSTED,
TXN7847E6B0B2,BB002,B+,RBC,ISSUE,1.0,2024-09-13 11:45:00,,,,POSTED,ISSUE7F42C406D0
TXNFE81B8CCDA,BB004,A-,Plasma,ISSUE,1.0,2024-09-13 12:17:00,,,,POSTED,ISSUE603B72D58E
TXN44FB426868,BB016,O+,Plasma,DONATION,1.0,2024-09-13 13:01:00,DONATION1879,,,POSTED,
TXNDB2EB10D6A,BB019,B+,Plasma,DONATION,1.0,2024-09-13 13:31:00,DONATION1663,,,POSTED,
TXNA25A914012,BB016,O+,RBC,DONATION,1.0,2024-09-13 18:06:00,DONATION1879,,,POSTED,
TXNB09A4A0217,BB016,O+,Platelets,DONATION,1.0,2024-09-13 18:07:00,DONATION1879,,,POSTED,
TXNFE03D8F61B,BB014,O+,Plasma,ISSUE,2.0,2024-09-13 18:38:00,,,,POSTED,ISSUEFCA4738E0E
TXN9271BC6BCF,BB019,B+,RBC,DONATION,1.0,2024-09-13 18:41:00,DONATION1663,,,POSTED,
TXN6FC82C4DA0,BB020,B-,RBC,ISSUE,1.0,2024-09-14 10:18:00,,,,POSTED,ISSUED0F26E4EA7
TXN0DD51B2E1E,BB002,B+,Plasma,ISSUE,1.0,2024-09-14 11:26:00,,,,POSTED,ISSUE641F6A69DB
TXNE914A74BB0,BB018,O+,Platelets,ISSUE,2.0,2024-09-14 17:27:00,,,,POSTED,ISSUE1E84820FC7
TXN135B656B21,BB020,B-,Platelets,EXPIRY,1.0,2024-09-14 17:39:00,,,,POSTED,
TXN3415827C56,BB002,B+,Platelets,ISSUE,2.0,2024-09-15 11:01:00,,,,POSTED,ISSUE971311E8FE
TXN3CBC634FE1,BB007,O+,Plasma,ISSUE,1.0,2024-09-15 15:47:00,,,,POSTED,ISSUEA45FC2E11A
TXN1C61DE3135,BB007,A+,Plasma,DONATION,2.0,2024-09-15 17:49:00,DONATION1496,,,POSTED,
TXNFBDB445A2A,BB007,A+,RBC,DONATION,2.0,2024-09-15 18:52:00,DONATION1496,,,POSTED,
TXN20F490F8A9,BB001,A+,Plasma,DONATION,1.0,2024-09-16 08:06:00,DONATION0503,,,POSTED,
TXND660D41855,BB012,A+,Plasma,DONATION,1.0,2024-09-16 09:06:00,DONATION0722,,,POSTED,
TXN8C4A4E605C,BB012,A+,Platelets,DONATION,1.0,2024-09-16 12:08:00,DONATION0722,,,POSTED,
TXN11ADDBB2F5,BB012,A+,RBC,DONATION,1.0,2024-09-16 14:05:00,DONATION0722,,,POSTED,
TXNE2BDF27F3D,BB001,A+,Platelets,DONATION,1.0,2024-09-16 15:06:00,DONATION0503,,,POSTED,
TXN9DBE971C5A,BB001,A+,RBC,DONATION,1.0,2024-09-16 18:14:00,DONATION0503,,,POSTED,
TXN117883F71D,BB018,O+,Platelets,DONATION,1.0,2024-09-17 08:05:00,DONATION0620,,,POSTED,
TXN97D1D123CE,BB017,O+,Plasma,DONATION,1.0,2024-09-17 09:40:00,DONATION1562,,,POSTED,
TXN93C46DE63C,BB017,AB+,RBC,DONATION,2.0,2024-09-17 12:25:00,DONATION1863,,,POSTED,
TXND95D654F53,BB017,O+,Platelets,DONATION,1.0,2024-09-17 12:49:00,DONATION1562,,,POSTED,
TXN08C82EAE7C,BB018,O+,RBC,DONATION,1.0,2024-09-17 15:35:00,DONATION0620,,,POSTED,
TXNE45BD1E0DF,BB017,AB+,Platelets,DONATION,2.0,2024-09-17 16:02:00,DONATION1863,,,POSTED,
TXND4F56B8EF9,BB018,O+,Plasma,DONATION,1.0,2024-09-17 16:32:00,DONATION0620,,,POSTED,
TXN90270A5DCD,BB011,B-,RBC,ISSUE,1.0,2024-09-17 16:42:00,,,,POSTED,ISSUE25DA3FB4C1
TXNF0342D6A50,BB017,AB+,Plasma,DONATION,2.0,2024-09-17 18:23:00,DONATION1863,,,POSTED,
TXNCB43DA4ED5,BB017,O+,RBC,DONATION,1.0,2024-09-17 18:59:00,DONATION1562,,,POSTED,
TXNBC555BE287,BB020,B-,Plasma,ISSUE,1.0,2024-09-18 08:31:00,,,,POSTED,ISSUE6903D81921
TXNDD9DA28218,BB017,O+,RBC,ISSUE,2.0,2024-09-18 10:50:00,,,,POSTED,ISSUE8AA798F9F2
TXNFC384B2F27,BB002,AB+,Plasma,ISSUE,1.0,2024-09-18 12:45:00,,,,POSTED,ISSUE4712653AF6
TXN34C07DDF1F,BB006,O+,Plasma,ISSUE,5.0,2024-09-18 12:53:00,,,,POSTED,ISSUE6DE9057CAA
TXN2590EA2735,BB017,AB+,Plasma,ISSUE,1.0,2024-09-18 14:38:00,,,,POSTED,ISSUE00A290FB81
TXND875E8271C,BB001,A+,RBC,ISSUE,1.0,2024-09-18 17:34:00,,,,POSTED,ISSUE5409AABD93
TXN85BAD76AB4,BB017,O+,Platelets,ISSUE,1.0,2024-09-19 15:37:00,,,,POSTED,ISSUE2068605146
TXN2A0B00FCEF,BB012,A+,Plasma,ISSUE,2.0,2024-09-19 17:24:00,,,,POSTED,ISSUE4418533F05
TXN2685707833,BB007,A+,RBC,DONATION,1.0,2024-09-20 11:03:00,DONATION0890,,,POSTED,
TXN1AD7311EDA,BB007,A+,Platelets,DONATION,1.0,2024-09-20 13:01:00,DONATION0890,,,POSTED,
TXN9AC8281A0B,BB007,A+,Plasma,DONATION,1.0,2024-09-20 15:58:00,DONATION0890,,,POSTED,
TXNB3F1A04C01,BB020,O+,Plasma,DONATION,1.0,2024-09-21 08:27:00,DONATION0711,,,POSTED,
TXNC22D03BEF2,BB020,O+,Platelets,DONATION,1.0,2024-09-21 10:56:00,DONATION0711,,,POSTED,
TXNB31450E7F5,BB020,O+,RBC,DONATION,1.0,2024-09-21 15:29:00,DONATION0711,,,POSTED,
TXN7FC8C7F7CE,BB001,A+,Platelets,ISSUE,2.0,2024-09-22 18:20:00,,,,POSTED,ISSUE8EDF546CC9
TXNE1196A1D19,BB014,O+,Plasma,DONATION,1.0,2024-09-23 08:58:00,DONATION1318,,,POSTED,
TXNFDBA4FA69B,BB014,O+,RBC,DONATION,1.0,2024-09-23 09:49:00,DONATION1318,,,POSTED,
TXN33F48E1BA7,BB007,A+,Platelets,ISSUE,2.0,2024-09-23 18:42:00,,,,POSTED,ISSUE382EFBEBC3
TXN049CEBD033,BB007,A+,RBC,ISSUE,1.0,2024-09-24 09:11:00,,,,POSTED,ISSUE0FDE406AF5
TXN3720E1E02C,BB003,O-,RBC,DONATION,1.0,2024-09-24 11:28:00,DONATION1955,,,POSTED,
TXNE6C944855F,BB003,O-,Plasma,DONATION,1.0,2024-09-24 14:49:00,DONATION1955,,,POSTED,
TXNA7E2C7E415,BB006,O-,Platelets,DONATION,2.0,2024-09-24 15:39:00,DONATION0671,,,POSTED,
TXN9A71D2775E,BB006,O-,Plasma,DONATION,2.0,2024-09-24 17:07:00,DONATION0671,,,POSTED,
TXNDE0FA32B36,BB006,O-,RBC,DONATION,2.0,2024-09-24 17:25:00,DONATION0671,,,POSTED,
TXNB9A4DDF52B,BB001,B+,RBC,DONATION,1.0,2024-09-25 14:39:00,DONATION1500,,,POSTED,
TXN9C3BC047DD,BB001,B+,Plasma,DONATION,1.0,2024-09-25 17:28:00,DONATION1500,,,POSTED,
TXN3ECD78D668,BB001,B+,Platelets,DONATION,1.0,2024-09-25 18:56:00,DONATION1500,,,POSTED,
TXN651EA6836F,BB014,B+,RBC,DONATION,1.0,2024-09-26 10:19:00,DONATION0632,,,POSTED,
TXNB7D46D5607,BB015,O+,Plasma,DONATION,1.0,2024-09-26 12:36:00,DONATION0314,,,POSTED,
TXN21938325A0,BB015,O+,RBC,DONATION,1.0,2024-09-26 13:07:00,DONATION0314,,,POSTED,
TXNFBC3DA9930,BB018,O+,Plasma,ISSUE,4.0,2024-09-26 13:08:00,,,,POSTED,ISSUEB68647C405
TXNB6E9CAD393,BB014,B+,Plasma,DONATION,1.0,2024-09-26 13:38:00,DONATION0632,,,POSTED,
TXN8A7A38AA8F,BB015,O+,Platelets,DONATION,1.0,2024-09-26 14:54:00,DONATION0314,,,POSTED,
TXN4D8EE543D5,BB007,A+,RBC,ISSUE,3.0,2024-09-26 17:46:00,,,,POSTED,ISSUEFD3C5B6F1E
TXN5D25128E62,BB016,B+,RBC,DONATION,1.0,2024-09-27 13:42:00,DONATION0430,,,POSTED,
TXN3DEA08F6A5,BB016,B+,Plasma,DONATION,1.0,2024-09-27 13:45:00,DONATION0430,,,POSTED,
TXN2AA2931B4D,BB018,A-,Plasma,DONATION,1.0,2024-09-27 14:52:00,DONATION1485,,,POSTED,
TXN64C6AC6BE8,BB018,A-,RBC,DONATION,1.0,2024-09-27 16:06:00,DONATION1485,,,POSTED,
TXNF302E29A29,BB016,B+,Platelets,DONATION,1.0,2024-09-27 16:18:00,DONATION0430,,,POSTED,
TXN271FE476F0,BB016,A+,Plasma,DONATION,1.0,2024-09-28 08:22:00,DONATION1270,,,POSTED,
TXNE6D4C88542,BB018,A-,Plasma,ISSUE,1.0,2024-09-28 08:45:00,,,,POSTED,ISSUE4A6EEE9F19
TXND9D234F304,BB012,B+,Plasma,DONATION,1.0,2024-09-28 09:15:00,DONATION0843,,,POSTED,
TXN45EE8BE018,BB012,B+,Platelets,DONATION,1.0,2024-09-28 13:10:00,DONATION0843,,,POSTED,
TXN25BF7B9830,BB012,B+,RBC,DONATION,1.0,2024-09-28 13:47:00,DONATION0843,,,POSTED,
TXNF13C912F5A,BB016,A+,RBC,DONATION,1.0,2024-09-28 18:03:00,DONATION1270,,,POSTED,
TXNF936A86B08,BB012,B-,Platelets,DONATION,1.0,2024-09-30 08:16:00,DONATION1175,,,POSTED,
TXNE40A6E674A,BB012,B-,Plasma,DONATION,1.0,2024-09-30 15:59:00,DONATION1175,,,POSTED,
TXN99F8DFB7AA,BB015,O+,Platelets,ISSUE,2.0,2024-09-30 17:00:00,,,,POSTED,ISSUE7E00D0FB73
TXN704E36B5EB,BB012,B-,RBC,DONATION,1.0,2024-09-30 17:12:00,DONATION1175,,,POSTED,
TXNE89C3E2F5E,BB016,B+,Plasma,ISSUE,2.0,2024-10-01 08:21:00,,,,POSTED,ISSUEBA31568348
TXN209293BBCE,BB003,O-,RBC,ISSUE,2.0,2024-10-01 17:14:00,,,,POSTED,ISSUEA17A7BDF26
TXND7C86C2C71,BB016,A+,RBC,ISSUE,1.0,2024-10-02 08:56:00,,,,POSTED,ISSUE2EDF941668
TXNF30EFA2BA5,BB017,B+,RBC,DONATION,1.0,2024-10-02 10:30:00,DONATION1921,,,POSTED,
TXN91F0DC2B6C,BB017,B+,Platelets,DONATION,1.0,2024-10-02 10:47:00,DONATION1921,,,POSTED,
TXN996A7E6BCC,BB017,B+,Plasma,DONATION,1.0,2024-10-02 14:01:00,DONATION1921,,,POSTED,
TXN78BD90BF76,BB016,A+,Plasma,ISSUE,1.0,2024-10-02 16:29:00,,,,POSTED,ISSUE08452DF6DD
TXN3353D8D7E0,BB016,B+,RBC,ISSUE,1.0,2024-10-02 17:57:00,,,,POSTED,ISSUEEEFE7CC19A
TXN3BB1333F9E,BB009,O+,Platelets,DONATION,1.0,2024-10-03 10:30:00,DONATION1439,,,POSTED,
TXN3EA206FB92,BB008,B+,Platelets,DONATION,2.0,2024-10-03 10:47:00,DONATION1796,,,POSTED,
TXNE2DFE1CFC6,BB008,B+,Plasma,DONATION,2.0,2024-10-03 13:29:00,DONATION1796,,,POSTED,
TXN9D7FA86254,BB009,O+,Plasma,DONATION,1.0,2024-10-03 15:51:00,DONATION1439,,,POSTED,
TXNEDA6EC8E87,BB008,B+,RBC,DONATION,2.0,2024-10-03 16:12:00,DONATION1796,,,POSTED,
TXN5EC0D1DF86,BB009,O+,RBC,DONATION,1.0,2024-10-03 18:30:00,DONATION1439,,,POSTED,
TXN66B295F05C,BB006,O-,RBC,ISSUE,1.0,2024-10-04 08:18:00,,,,POSTED,ISSUE38829FC447
TXN99213688F4,BB017,B+,Plasma,ISSUE,1.0,2024-10-05 09:11:00,,,,POSTED,ISSUE4894549915
TXN4AECB9C1B4,BB004,B-,RBC,EXPIRY,1.0,2024-10-06 08:02:00,,,,POSTED,
TXN066303DBBC,BB014,O+,Plasma,DONATION,2.0,2024-10-06 08:32:00,DONATION0060,,,POSTED,
TXN4A4C6DEAAD,BB014,O+,Platelets,DONATION,2.0,2024-10-06 10:04:00,DONATION0060,,,POSTED,
TXNCE678EBEA7,BB012,B+,Platelets,ISSUE,1.0,2024-10-06 14:39:00,,,,POSTED,ISSUEA1D6A8C701
TXN100B3ADF45,BB014,O+,RBC,DONATION,2.0,2024-10-06 16:10:00,DONATION0060,,,POSTED,
TXN0D8B950D5C,BB012,B-,RBC,ISSUE,1.0,2024-10-07 09:27:00,,,,POSTED,ISSUE7B6389139F
TXN516C1E1279,BB020,B+,RBC,DONATION,2.0,2024-10-07 12:43:00,DONATION1742,,,POSTED,
TXN362448AFE6,BB020,B+,Plasma,DONATION,2.0,2024-10-07 15:14:00,DONATION1742,,,POSTED,
TXNF321E31EAB,BB016,B+,Platelets,ISSUE,1.0,2024-10-07 15:48:00,,,,POSTED,ISSUE85C15BB4C0
TXND08A5EF961,BB009,O+,Platelets,ISSUE,3.0,2024-10-08 13:38:00,,,,POSTED,ISSUEB70EBB712A
TXNA48F3F1B05,BB008,B+,Platelets,ISSUE,1.0,2024-10-08 14:33:00,,,,POSTED,ISSUE87D76452ED
TXNFD43792183,BB009,O+,Plasma,ISSUE,2.0,2024-10-08 18:19:00,,,,POSTED,ISSUECBCF960EB5
TXN5D509380C2,BB014,O+,RBC,ISSUE,2.0,2024-10-09 12:57:00,,,,POSTED,ISSUE0D7963DB4D
TXN480F02DE39,BB009,O+,RBC,ISSUE,4.0,2024-10-09 17:48:00,,,,POSTED,ISSUEE88BD422B9
TXN55F5CF3C2F,BB003,B-,Plasma,DONATION,1.0,2024-10-10 08:45:00,DONATION1506,,,POSTED,
TXNB2E4B68813,BB003,B-,RBC,DONATION,1.0,2024-10-10 16:03:00,DONATION1506,,,POSTED,
TXN21C7DE0051,BB003,B+,Platelets,DONATION,1.0,2024-10-11 08:00:00,DONATION1912,,,POSTED,
TXN6AFC58A743,BB014,A+,Plasma,DONATION,1.0,2024-10-11 09:51:00,DONATION0581,,,POSTED,
TXN1DD06AB23E,BB001,O+,RBC,DONATION,1.0,2024-10-11 10:34:00,DONATION1302,,,POSTED,
TXNCACF3D4596,BB020,B+,Plasma,DONATION,1.0,2024-10-11 13:56:00,DONATION1095,,,POSTED,
TXN0A2F6CEE5B,BB020,B+,Platelets,DONATION,1.0,2024-10-11 15:22:00,DONATION1095,,,POSTED,
TXN25A0F4322D,BB014,A+,RBC,DONATION,1.0,2024-10-11 15:29:00,DONATION0581,,,POSTED,
TXN899B6AFA8C,BB003,B+,RBC,DONATION,1.0,2024-10-11 17:16:00,DONATION1912,,,POSTED,
TXN59CF7D6705,BB001,O+,Plasma,DONATION,1.0,2024-10-11 17:28:00,DONATION1302,,,POSTED,
TXN26BE05C23E,BB003,B+,Plasma,DONATION,1.0,2024-10-11 18:06:00,DONATION1912,,,POSTED,
TXNE29F850161,BB020,B+,RBC,DONATION,1.0,2024-10-11 18:46:00,DONATION1095,,,POSTED,
TXNF848B0E20E,BB017,B+,RBC,ISSUE,1.0,2024-10-12 08:19:00,,,,POSTED,ISSUE7168093BF2
TXN39D19E0A03,BB010,O-,Plasma,DONATION,1.0,2024-10-13 08:17:00,DONATION0685,,,POSTED,
TXN210AE40712,BB014,O-,Plasma,DONATION,1.0,2024-10-13 08:26:00,DONATION0591,,,POSTED,
TXN14BBDEB779,BB008,A+,Plasma,DONATION,1.0,2024-10-13 08:40:00,DONATION1789,,,POSTED,
TXN9AC251BA38,BB007,O+,Plasma,DONATION,1.0,2024-10-13 09:52:00,DONATION1835,,,POSTED,
TXNC00E85E880,BB010,O-,RBC,DONATION,1.0,2024-10-13 11:18:00,DONATION0685,,,POSTED,
TXN7E0958AFBB,BB010,O-,Platelets,DONATION,1.0,2024-10-13 12:10:00,DONATION0685,,,POSTED,
TXNCF36CE7EB9,BB007,O+,Platelets,DONATION,1.0,2024-10-13 12:32:00,DONATION1835,,,POSTED,
TXN2EB2FB9C2E,BB007,O+,RBC,DONATION,1.0,2024-10-13 14:56:00,DONATION1835,,,POSTED,
TXN0EACF5C0BC,BB003,B-,Plasma,ISSUE,1.0,2024-10-13 15:51:00,,,,POSTED,ISSUE962E161270
TXN6BE9D0DC19,BB008,A+,RBC,DONATION,1.0,2024-10-13 16:11:00,DONATION1789,,,POSTED,
TXN195308F54D,BB014,O-,RBC,DONATION,1.0,2024-10-13 18:03:00,DONATION0591,,,POSTED,
TXNF48DC4CF46,BB014,O-,Platelets,DONATION,1.0,2024-10-13 18:14:00,DONATION0591,,,POSTED,
TXN44945FFFBE,BB010,A-,Platelets,DONATION,1.0,2024-10-14 09:55:00,DONATION1290,,,POSTED,
TXN9E44BABDFE,BB003,B+,RBC,ISSUE,3.0,2024-10-14 11:29:00,,,,POSTED,ISSUED7C99DB273
TXN5AB5AA5FA4,BB004,B+,RBC,DONATION,2.0,2024-10-14 13:22:00,DONATION1357,,,POSTED,
TXN21851E1671,BB010,A-,Plasma,DONATION,1.0,2024-10-14 14:42:00,DONATION1290,,,POSTED,
TXN4C1426FD5B,BB020,B+,RBC,ISSUE,1.0,2024-10-14 14:49:00,,,,POSTED,ISSUECF2BA73B8C
TXN0C52B06F99,BB010,A-,Plasma,DONATION,1.0,2024-10-14 15:47:00,DONATION1290,,,POSTED,
TXN64C2C81816,BB017,O+,RBC,DONATION,1.0,2024-10-14 16:16:00,DONATION1104,,,POSTED,
TXN08E092FF0D,BB004,B+,Platelets,DONATION,2.0,2024-10-14 16:17:00,DONATION1357,,,POSTED,
TXN1C4C24E103,BB017,O+,Plasma,DONATION,1.0,2024-10-14 16:57:00,DONATION1104,,,POSTED,
TXN1A32F07A0E,BB010,A-,Platelets,DONATION,1.0,2024-10-14 17:44:00,DONATION1290,,,POSTED,
TXN3E21E88E94,BB004,B+,Plasma,DONATION,2.0,2024-10-14 18:19:00,DONATION1357,,,POSTED,
TXN68A94059D3,BB010,A-,RBC,DONATION,1.0,2024-10-14 18:53:00,DONATION1290,,,POSTED,
TXN12F5F4BE69,BB010,A-,RBC,DONATION,1.0,2024-10-14 18:56:00,DONATION1290,,,POSTED,
TXN6944CBDF44,BB008,A+,Plasma,DONATION,2.0,2024-10-15 11:46:00,DONATION1687,,,POSTED,
TXN0086567865,BB008,A+,RBC,DONATION,2.0,2024-10-15 16:05:00,DONATION1687,,,POSTED,
TXND8C0568B29,BB003,B+,RBC,DONATION,2.0,2024-10-15 17:03:00,DONATION1532,,,POSTED,
TXND530987EC1,BB003,B+,Plasma,DONATION,2.0,2024-10-15 18:18:00,DONATION1532,,,POSTED,
TXN20FC99DFC7,BB011,O+,Platelets,DONATION,1.0,2024-10-17 13:01:00,DONATION0366,,,POSTED,
TXN9BEBA9E03C,BB011,O+,RBC,DONATION,1.0,2024-10-17 16:05:00,DONATION0366,,,POSTED,
TXNF89B8C62FF,BB011,O+,Plasma,DONATION,1.0,2024-10-17 18:42:00,DONATION0366,,,POSTED,
TXN457A47FA04,BB020,B+,Platelets,ISSUE,2.0,2024-10-18 13:00:00,,,,POSTED,ISSUE6BED84AAD1
TXN8C17B8E0C9,BB003,B+,Plasma,ISSUE,3.0,2024-10-18 15:11:00,,,,POSTED,ISSUEC7BE7A4D2E
TXN3497EC374D,BB010,O-,RBC,ISSUE,1.0,2024-10-18 17:33:00,,,,POSTED,ISSUE447832F3F2
TXN8A2E1E9B31,BB004,B+,Platelets,EXPIRY,2.0,2024-10-19 12:23:00,,,,POSTED,
TXN39321B1E70,BB010,A-,Platelets,EXPIRY,1.0,2024-10-19 14:23:00,,,,POSTED,
TXN293BC8E89F,BB010,O-,Platelets,ISSUE,1.0,2024-10-19 16:12:00,,,,POSTED,ISSUE480F653411
TXN93483CF322,BB017,A-,RBC,DONATION,1.0,2024-10-20 10:06:00,DONATION0471,,,POSTED,
TXN5129A84E76,BB017,A-,Plasma,DONATION,1.0,2024-10-20 14:23:00,DONATION0471,,,POSTED,
TXN54CBF580D0,BB013,B+,Plasma,DONATION,2.0,2024-10-20 15:07:00,DONATION1729,,,POSTED,
TXN0C22C086A6,BB013,B+,RBC,DONATION,2.0,2024-10-20 17:03:00,DONATION1729,,,POSTED,
TXNBF2C43304D,BB008,A+,Plasma,ISSUE,2.0,2024-10-20 18:12:00,,,,POSTED,ISSUE121740568B
TXNE20EC8E607,BB013,B+,RBC,ISSUE,2.0,2024-10-21 15:22:00,,,,POSTED,ISSUE960353E7B2
TXNEFBB8D0222,BB010,A-,RBC,ISSUE,1.0,2024-10-22 10:15:00,,,,POSTED,ISSUE4A7CA035CB
TXNC78E8AE11E,BB007,O+,Plasma,DONATION,1.0,2024-10-22 10:32:00,DONATION1768,,,POSTED,
TXN17DCBC24FF,BB003,B+,Plasma,DONATION,2.0,2024-10-22 12:24:00,DONATION0568,,,POSTED,
TXNFD9DFF5FA6,BB007,O+,Platelets,DONATION,1.0,2024-10-22 12:31:00,DONATION1768,,,POSTED,
TXNA157A5BEF2,BB003,B+,RBC,ISSUE,1.0,2024-10-22 12:51:00,,,,POSTED,ISSUEE132554E67
TXN95E096BBA2,BB003,B+,RBC,DONATION,2.0,2024-10-22 14:09:00,DONATION0568,,,POSTED,
TXNB045D6A78D,BB007,O+,RBC,DONATION,1.0,2024-10-22 15:35:00,DONATION1768,,,POSTED,
TXN0EE2AA5F5E,BB003,B+,Platelets,DONATION,2.0,2024-10-22 16:30:00,DONATION0568,,,POSTED,
TXN210655A80A,BB008,O-,RBC,DONATION,1.0,2024-10-23 08:48:00,DONATION1371,,,POSTED,
TXND3C5204A2E,BB011,O+,Platelets,ISSUE,1.0,2024-10-23 08:51:00,,,,POSTED,ISSUE2719AF5F77
TXNC795D5A05C,BB008,O-,Plasma,DONATION,1.0,2024-10-23 13:56:00,DONATION1371,,,POSTED,
TXNA32F3EA020,BB011,O+,Plasma,ISSUE,2.0,2024-10-23 15:31:00,,,,POSTED,ISSUE469E9B7892
TXNDB32EA373A,BB010,A-,RBC,ISSUE,1.0,2024-10-24 08:38:00,,,,POSTED,ISSUE938F813F34
TXN42C48D0297,BB018,A+,RBC,DONATION,1.0,2024-10-24 14:41:00,DONATION0887,,,POSTED,
TXN0E4BCAEFD1,BB018,A+,Plasma,DONATION,1.0,2024-10-24 15:36:00,DONATION0887,,,POSTED,
TXNEFAF3844F0,BB004,B-,Plasma,DONATION,1.0,2024-10-25 09:54:00,DONATION0831,,,POSTED,
TXNA1B44FD165,BB004,B-,RBC,DONATION,1.0,2024-10-25 10:49:00,DONATION0831,,,POSTED,
TXN528EC7392B,BB003,A+,Plasma,EXPIRY,3.0,2024-10-25 14:29:00,,,,POSTED,
TXN492FAAF755,BB006,A+,Plasma,DONATION,1.0,2024-10-26 10:35:00,DONATION0678,,,POSTED,
TXN950A6753DE,BB006,A+,Platelets,DONATION,1.0,2024-10-26 12:08:00,DONATION0678,,,POSTED,
TXN244C7E851E,BB006,A+,RBC,DONATION,1.0,2024-10-26 18:59:00,DONATION0678,,,POSTED,
TXNC5358B70D5,BB015,B+,RBC,DONATION,1.0,2024-10-27 10:34:00,DONATION0412,,,POSTED,
TXN2BF732161A,BB015,B+,Plasma,DONATION,1.0,2024-10-27 12:20:00,DONATION0412,,,POSTED,
TXN89EBC75219,BB013,B+,Plasma,ISSUE,2.0,2024-10-27 13:35:00,,,,POSTED,ISSUE9AB78B8719
TXNF32FF58761,BB015,B+,Platelets,DONATION,1.0,2024-10-27 13:42:00,DONATION0412,,,POSTED,
TXN354C20A90B,BB004,B-,RBC,ISSUE,1.0,2024-10-27 18:35:00,,,,POSTED,ISSUE764C4DD198
TXNCE05D2044B,BB017,A-,Plasma,EXPIRY,1.0,2024-10-28 08:07:00,,,,POSTED,
TXN9939395320,BB019,O+,RBC,DONATION,2.0,2024-10-29 14:26:00,DONATION1938,,,POSTED,
TXN1B398823DA,BB019,O+,Plasma,DONATION,2.0,2024-10-29 18:41:00,DONATION1938,,,POSTED,
TXNFDE84CFAE3,BB020,A+,Platelets,DONATION,1.0,2024-10-30 10:42:00,DONATION0064,,,POSTED,
TXNF43868D605,BB020,A+,Plasma,DONATION,1.0,2024-10-30 13:15:00,DONATION0064,,,POSTED,
TXN99A228C3E6,BB006,A+,Plasma,ISSUE,2.0,2024-10-30 14:05:00,,,,POSTED,ISSUE99FB0AD385
TXNA89C97BB89,BB008,O-,Plasma,ISSUE,1.0,2024-10-30 16:35:00,,,,POSTED,ISSUE802367E96B
TXN9D959B1731,BB020,A+,RBC,DONATION,1.0,2024-10-30 18:45:00,DONATION0064,,,POSTED,
TXN7ABE71D638,BB008,A+,Plasma,DONATION,2.0,2024-10-31 12:01:00,DONATION0250,,,POSTED,
TXN0C2791F555,BB006,A+,RBC,ISSUE,4.0,2024-10-31 16:12:00,,,,POSTED,ISSUE11F5CB7571
TXNB98E47BCF8,BB008,A+,RBC,DONATION,2.0,2024-10-31 17:18:00,DONATION0250,,,POSTED,
TXNF0820FE40A,BB015,B+,Platelets,EXPIRY,1.0,2024-11-01 11:36:00,,,,POSTED,
TXN1670F854BF,BB014,O-,Plasma,DONATION,1.0,2024-11-02 08:54:00,DONATION0128,,,POSTED,
TXNE79FF183A9,BB014,O-,RBC,DONATION,1.0,2024-11-02 17:44:00,DONATION0128,,,POSTED,
TXNDE0B064291,BB006,O+,Plasma,DONATION,1.0,2024-11-03 08:10:00,DONATION1170,,,POSTED,
TXN8412BB6612,BB016,A+,Plasma,DONATION,1.0,2024-11-03 09:06:00,DONATION0047,,,POSTED,
TXN61F023E3F7,BB006,O+,RBC,DONATION,1.0,2024-11-03 11:41:00,DONATION1170,,,POSTED,
TXN558CBFA5F3,BB006,O+,Platelets,DONATION,1.0,2024-11-03 12:49:00,DONATION1170,,,POSTED,
TXNC96CD5496D,BB016,A+,RBC,DONATION,1.0,2024-11-03 14:12:00,DONATION0047,,,POSTED,
TXN459BD1C812,BB008,O+,Plasma,DONATION,1.0,2024-11-03 14:28:00,DONATION1746,,,POSTED,
TXNF333586DD1,BB018,A+,Plasma,ISSUE,3.0,2024-11-03 14:40:00,,,,POSTED,ISSUEE2F9488041
TXN22BB1B981A,BB019,O+,Plasma,ISSUE,3.0,2024-11-03 15:54:00,,,,POSTED,ISSUE38C070E6B1
TXN0D0EE0E747,BB008,O+,RBC,DONATION,1.0,2024-11-03 18:06:00,DONATION1746,,,POSTED,
TXNAB36F29344,BB019,O+,RBC,ISSUE,2.0,2024-11-04 09:00:00,,,,POSTED,ISSUE468C41D5DB
TXN3E7A0CA814,BB007,B+,RBC,DONATION,2.0,2024-11-04 09:02:00,DONATION0785,,,POSTED,
TXN0AFA55F103,BB007,B+,Plasma,DONATION,2.0,2024-11-04 11:57:00,DONATION0785,,,POSTED,
TXN97FFC7026B,BB001,AB-,RBC,DONATION,2.0,2024-11-04 16:18:00,DONATION1078,,,POSTED,
TXN932CC9961C,BB001,AB-,Plasma,DONATION,2.0,2024-11-04 18:09:00,DONATION1078,,,POSTED,
TXNC64D67B254,BB001,AB-,Platelets,DONATION,2.0,2024-11-04 18:23:00,DONATION1078,,,POSTED,
TXN345A9340CF,BB008,O+,Plasma,ISSUE,1.0,2024-11-05 12:06:00,,,,POSTED,ISSUE81DC86BEF7
TXNA273DB03FC,BB015,B+,Plasma,ISSUE,3.0,2024-11-05 12:44:00,,,,POSTED,ISSUE889D87D506
TXNFC145E3DD3,BB001,AB-,Platelets,ISSUE,1.0,2024-11-05 13:58:00,,,,POSTED,ISSUE7468CCBAFA
TXNC53AE56C26,BB012,B-,RBC,DONATION,1.0,2024-11-07 08:45:00,DONATION0990,,,POSTED,
TXNC2B7FB5B22,BB012,B-,Plasma,DONATION,1.0,2024-11-07 18:33:00,DONATION0990,,,POSTED,
TXNB2C59A5834,BB007,B+,Plasma,ISSUE,2.0,2024-11-08 16:47:00,,,,POSTED,ISSUE83B6FFB101
TXN277B37E2B4,BB012,A+,Plasma,EXPIRY,2.0,2024-11-09 08:38:00,,,,POSTED,
TXND39C6E06D6,BB006,O+,Platelets,ISSUE,1.0,2024-11-09 13:21:00,,,,POSTED,ISSUECC2E7D1028
TXN3B6ACE797F,BB001,AB-,Platelets,EXPIRY,1.0,2024-11-09 13:25:00,,,,POSTED,
TXNC83A5D855C,BB016,A+,RBC,ISSUE,3.0,2024-11-09 14:55:00,,,,POSTED,ISSUE8777EBBD0E
TXN306B229928,BB019,A+,Plasma,DONATION,1.0,2024-11-10 08:25:00,DONATION1839,,,POSTED,
TXN931AA69138,BB006,O+,RBC,ISSUE,1.0,2024-11-10 10:50:00,,,,POSTED,ISSUE7BE8571D85
TXN8638AF0CCD,BB019,A+,Platelets,DONATION,1.0,2024-11-10 12:20:00,DONATION1839,,,POSTED,
TXN4D52A2385C,BB008,A+,RBC,ISSUE,5.0,2024-11-10 12:29:00,,,,POSTED,ISSUE436073A70B
TXN29B72AF522,BB003,A+,Plasma,DONATION,1.0,2024-11-10 15:32:00,DONATION0301,,,POSTED,
TXN2171E7EB21,BB003,A+,RBC,DONATION,1.0,2024-11-10 16:18:00,DONATION0301,,,POSTED,
TXN4178DACA68,BB019,A+,RBC,DONATION,1.0,2024-11-10 18:08:00,DONATION1839,,,POSTED,
TXN33174A403F,BB019,A+,RBC,ISSUE,1.0,2024-11-12 09:21:00,,,,POSTED,ISSUE6BD1D1F83E
TXN3D2AC4DC24,BB017,O+,Platelets,DONATION,1.0,2024-11-12 13:15:00,DONATION1093,,,POSTED,
TXN9183526700,BB017,O+,Plasma,DONATION,1.0,2024-11-12 13:27:00,DONATION1093,,,POSTED,
TXNF50101D5D7,BB017,O+,RBC,DONATION,1.0,2024-11-12 13:51:00,DONATION1093,,,POSTED,
TXNC6F8929115,BB011,B-,Plasma,EXPIRY,1.0,2024-11-14 10:52:00,,,,POSTED,
TXNFE2AEC29C9,BB017,O+,Plasma,ISSUE,3.0,2024-11-14 11:55:00,,,,POSTED,ISSUEFE5C7E0B46
TXN64D4E5286A,BB014,B+,RBC,DONATION,1.0,2024-11-15 08:48:00,DONATION1499,,,POSTED,
TXN5D0D28F23C,BB009,O+,Plasma,DONATION,2.0,2024-11-15 10:13:00,DONATION0367,,,POSTED,
TXN103D469A5C,BB014,B+,Plasma,DONATION,1.0,2024-11-15 10:42:00,DONATION1499,,,POSTED,
TXND53353AAB1,BB009,O+,RBC,DONATION,2.0,2024-11-15 13:19:00,DONATION0367,,,POSTED,
TXN396CC00F3E,BB012,B-,RBC,ISSUE,1.0,2024-11-15 13:24:00,,,,POSTED,ISSUE105F573CC4
TXNB823EDC246,BB009,O+,Platelets,DONATION,2.0,2024-11-15 15:12:00,DONATION0367,,,POSTED,
TXN4E3AF61505,BB014,B+,Platelets,DONATION,1.0,2024-11-15 16:18:00,DONATION1499,,,POSTED,
TXNF7FE71CD22,BB019,A+,RBC,DONATION,1.0,2024-11-15 16:38:00,DONATION0732,,,POSTED,
TXN02A0238D9B,BB019,A+,Plasma,DONATION,1.0,2024-11-15 17:46:00,DONATION0732,,,POSTED,
TXNEE1E4EF4A2,BB014,B-,RBC,DONATION,1.0,2024-11-16 08:12:00,DONATION1871,,,POSTED,
TXNBBAA2CE841,BB014,B-,Platelets,DONATION,1.0,2024-11-16 08:30:00,DONATION1871,,,POSTED,
TXNDABD5B0985,BB014,B-,Plasma,DONATION,1.0,2024-11-16 10:03:00,DONATION1871,,,POSTED,
TXNDE035CCD9B,BB014,B+,Platelets,ISSUE,1.0,2024-11-16 14:37:00,,,,POSTED,ISSUE735819CF94
TXN27D6D354C1,BB018,A-,Platelets,DONATION,1.0,2024-11-16 17:35:00,DONATION1050,,,POSTED,
TXN199310D845,BB018,A-,Plasma,DONATION,1.0,2024-11-16 18:19:00,DONATION1050,,,POSTED,
TXN56DE130DF0,BB018,A-,RBC,DONATION,1.0,2024-11-16 18:39:00,DONATION1050,,,POSTED,
TXN21F6E505FC,BB014,B-,RBC,ISSUE,1.0,2024-11-18 14:52:00,,,,POSTED,ISSUEE14D5135C6
TXN8ADFD50CDF,BB015,A+,Plasma,DONATION,1.0,2024-11-19 09:17:00,DONATION0814,,,POSTED,
TXN1788EDFC88,BB017,O+,Platelets,ISSUE,2.0,2024-11-19 10:05:00,,,,POSTED,ISSUEA0798947DA
TXN20911448B3,BB015,A+,Platelets,DONATION,1.0,2024-11-19 14:12:00,DONATION0814,,,POSTED,
TXN3D7ABF0B54,BB015,A+,RBC,DONATION,1.0,2024-11-19 15:03:00,DONATION0814,,,POSTED,
TXNC748148B95,BB015,A+,RBC,ISSUE,4.0,2024-11-20 12:15:00,,,,POSTED,ISSUEC29A75426A
TXNC4EC86780D,BB018,A-,Platelets,ISSUE,1.0,2024-11-21 09:26:00,,,,POSTED,ISSUE287C2D6451
TXN2583561BD4,BB015,O+,Plasma,DONATION,2.0,2024-11-22 13:30:00,DONATION1752,,,POSTED,
TXNC7F3B98111,BB015,O+,RBC,DONATION,2.0,2024-11-22 18:25:00,DONATION1752,,,POSTED,
TXND7E3CDC67B,BB018,A-,RBC,ISSUE,1.0,2024-11-23 11:19:00,,,,POSTED,ISSUE27D90CAC42
TXN4857EB55E8,BB020,A+,Plasma,DONATION,1.0,2024-11-23 13:34:00,DONATION1491,,,POSTED,
TXN40A7A299C8,BB020,A+,RBC,DONATION,1.0,2024-11-23 14:36:00,DONATION1491,,,POSTED,
TXNDB3DDDF2EF,BB009,B-,Plasma,DONATION,1.0,2024-11-24 08:26:00,DONATION1628,,,POSTED,
TXN6526E24825,BB018,A-,Plasma,ISSUE,1.0,2024-11-24 16:44:00,,,,POSTED,ISSUECD302AF45E
TXN436C6675AE,BB009,B-,RBC,DONATION,1.0,2024-11-24 17:57:00,DONATION1628,,,POSTED,
TXN769A7C079C,BB014,B-,Platelets,ISSUE,1.0,2024-11-25 08:30:00,,,,POSTED,ISSUEB5ABE5B6CB
TXNDC3C29548A,BB020,A+,RBC,ISSUE,1.0,2024-11-26 15:18:00,,,,POSTED,ISSUE73B96FE64B
TXN6090F44DCC,BB016,A+,Plasma,DONATION,1.0,2024-11-28 10:59:00,DONATION0086,,,POSTED,
TXN46FCAEE9AF,BB009,B+,RBC,DONATION,2.0,2024-11-28 11:01:00,DONATION0383,,,POSTED,
TXNDE5FF7D340,BB009,B+,Plasma,DONATION,2.0,2024-11-28 13:59:00,DONATION0383,,,POSTED,
TXN0F08FBC6E6,BB020,A+,Plasma,ISSUE,1.0,2024-11-28 14:03:00,,,,POSTED,ISSUEDC6E17AD3F
TXND0AB921D9A,BB008,O-,Plasma,EXPIRY,1.0,2024-11-28 17:24:00,,,,POSTED,
TXN09FAB10F69,BB016,A+,RBC,DONATION,1.0,2024-11-28 17:47:00,DONATION0086,,,POSTED,
TXN214F8C9E39,BB009,B+,Platelets,DONATION,2.0,2024-11-28 18:21:00,DONATION0383,,,POSTED,
TXNE61D680458,BB011,A+,RBC,DONATION,1.0,2024-11-29 15:43:00,DONATION1683,,,POSTED,
TXN68E29C7336,BB011,A+,Plasma,DONATION,1.0,2024-11-29 18:05:00,DONATION1683,,,POSTED,
TXNACE61812DC,BB017,AB+,Plasma,EXPIRY,1.0,2024-11-29 18:21:00,,,,POSTED,
TXND4DB33D0FE,BB004,B+,RBC,DONATION,1.0,2024-12-01 10:05:00,DONATION0684,,,POSTED,
TXN5C41EA882B,BB009,B+,Plasma,ISSUE,3.0,2024-12-01 11:53:00,,,,POSTED,ISSUE3F23B0D3B3
TXN78F5B7AA34,BB006,A+,RBC,DONATION,1.0,2024-12-01 12:39:00,DONATION1788,,,POSTED,
TXNB07896F9F7,BB006,A+,Plasma,DONATION,1.0,2024-12-01 16:29:00,DONATION1788,,,POSTED,
TXN5A6A095071,BB004,B+,Plasma,DONATION,1.0,2024-12-01 17:01:00,DONATION0684,,,POSTED,
TXNDA6F8E7CB7,BB004,B-,Platelets,DONATION,1.0,2024-12-02 08:39:00,DONATION1557,,,POSTED,
TXN4B498E7645,BB004,B+,RBC,ISSUE,3.0,2024-12-02 09:59:00,,,,POSTED,ISSUE2CCEB586EE
TXND4574454A6,BB004,B-,Plasma,DONATION,1.0,2024-12-02 12:16:00,DONATION1557,,,POSTED,
TXN6A8DFB987C,BB004,B-,RBC,DONATION,1.0,2024-12-02 13:14:00,DONATION1557,,,POSTED,
TXN16BF1D3AA8,BB002,O+,Plasma,DONATION,1.0,2024-12-02 14:59:00,DONATION1834,,,POSTED,
TXNB0467D0955,BB002,O+,RBC,DONATION,1.0,2024-12-02 15:30:00,DONATION1834,,,POSTED,
TXN71ADEE1EC1,BB016,A+,RBC,ISSUE,1.0,2024-12-02 15:32:00,,,,POSTED,ISSUEDCC76F06BA
TXN1F0AC07285,BB001,B+,RBC,DONATION,1.0,2024-12-04 16:54:00,DONATION1870,,,POSTED,
TXN9BE6E65E22,BB001,B+,Plasma,DONATION,1.0,2024-12-04 18:40:00,DONATION1870,,,POSTED,
TXN1E9383BC6B,BB012,B+,RBC,DONATION,2.0,2024-12-07 10:56:00,DONATION1498,,,POSTED,
TXNEEF7E82865,BB016,A+,Plasma,ISSUE,3.0,2024-12-07 13:33:00,,,,POSTED,ISSUE57C674D670
TXN9C8691AF7E,BB012,B+,Plasma,DONATION,2.0,2024-12-07 17:57:00,DONATION1498,,,POSTED,
TXNC87157D198,BB011,A+,Plasma,ISSUE,1.0,2024-12-08 13:13:00,,,,POSTED,ISSUE61639C6E44
TXN1055CE6175,BB005,A+,Platelets,DONATION,1.0,2024-12-09 08:34:00,DONATION1972,,,POSTED,
TXNE9D7F07B34,BB019,A+,RBC,DONATION,1.0,2024-12-09 11:28:00,DONATION1680,,,POSTED,
TXN97D9C9426C,BB005,A+,Plasma,DONATION,1.0,2024-12-09 11:56:00,DONATION1972,,,POSTED,
TXN636A52EE17,BB019,A+,Plasma,DONATION,1.0,2024-12-09 13:05:00,DONATION1680,,,POSTED,
TXN3236C1B846,BB019,A+,Platelets,DONATION,1.0,2024-12-09 17:41:00,DONATION1680,,,POSTED,
TXN92351E63F1,BB005,A+,RBC,DONATION,1.0,2024-12-09 18:25:00,DONATION1972,,,POSTED,
TXN283AEBE560,BB006,A+,Plasma,ISSUE,3.0,2024-12-10 10:27:00,,,,POSTED,ISSUEE233715482
TXNA484A654BE,BB008,A+,RBC,DONATION,2.0,2024-12-10 16:21:00,DONATION1975,,,POSTED,
TXNA76013535D,BB008,A+,Platelets,DONATION,2.0,2024-12-10 16:37:00,DONATION1975,,,POSTED,
TXN7EE5AA5E1B,BB008,A+,Plasma,DONATION,2.0,2024-12-10 18:10:00,DONATION1975,,,POSTED,
TXN25675ADD56,BB007,O+,Platelets,DONATION,1.0,2024-12-12 08:59:00,DONATION1612,,,POSTED,
TXN039C1C4E98,BB007,O+,RBC,DONATION,1.0,2024-12-12 13:39:00,DONATION1612,,,POSTED,
TXNA5D233D9CB,BB014,B-,Platelets,DONATION,1.0,2024-12-12 13:58:00,DONATION0840,,,POSTED,
TXN8EB1B85C0C,BB014,B-,RBC,DONATION,1.0,2024-12-12 14:54:00,DONATION0840,,,POSTED,
TXNFDBF80D677,BB007,O+,Plasma,DONATION,1.0,2024-12-12 15:02:00,DONATION1612,,,POSTED,
TXN4436BA248A,BB014,B-,Plasma,DONATION,1.0,2024-12-12 17:02:00,DONATION0840,,,POSTED,
TXN37E7F5C0A3,BB017,B-,RBC,DONATION,1.0,2024-12-13 09:05:00,DONATION0617,,,POSTED,
TXNDF1C64E653,BB017,B-,Plasma,DONATION,1.0,2024-12-13 12:09:00,DONATION0617,,,POSTED,
TXNBC54835A8E,BB017,B-,Platelets,DONATION,1.0,2024-12-13 18:09:00,DONATION0617,,,POSTED,
TXN486C091561,BB005,A+,RBC,ISSUE,2.0,2024-12-14 15:17:00,,,,POSTED,ISSUE9B80228777
TXN254DDD4473,BB001,B+,Plasma,ISSUE,1.0,2024-12-14 18:52:00,,,,POSTED,ISSUEA4A736E5C0
TXN8CD023CFE2,BB012,A-,RBC,DONATION,1.0,2024-12-15 08:39:00,DONATION1405,,,POSTED,
TXN7CEF4DF495,BB012,A-,Plasma,DONATION,1.0,2024-12-15 12:00:00,DONATION1405,,,POSTED,
TXN58FE41C0DA,BB012,A-,Platelets,DONATION,1.0,2024-12-15 15:34:00,DONATION1405,,,POSTED,
TXN0CD3413838,BB002,A-,RBC,DONATION,1.0,2024-12-16 08:42:00,DONATION0527,,,POSTED,
TXN50B0763A0B,BB002,A-,Plasma,DONATION,1.0,2024-12-16 09:29:00,DONATION0527,,,POSTED,
TXN3AC8690C8D,BB001,AB-,RBC,EXPIRY,1.0,2024-12-16 10:39:00,,,,POSTED,
TXN34949C1D18,BB017,B-,Platelets,ISSUE,1.0,2024-12-16 11:48:00,,,,POSTED,ISSUEA16E00CEC8
TXND98666E50F,BB002,A-,Platelets,DONATION,1.0,2024-12-16 14:43:00,DONATION0527,,,POSTED,
TXNA07EC34B01,BB010,O+,Plasma,DONATION,1.0,2024-12-17 12:26:00,DONATION0964,,,POSTED,
TXN824AF46A5F,BB010,O+,RBC,DONATION,1.0,2024-12-17 18:00:00,DONATION0964,,,POSTED,
TXN90B2A5A0BF,BB017,B-,Platelets,EXPIRY,1.0,2024-12-18 10:01:00,,,,POSTED,
TXN381BFF2BAD,BB020,B+,Platelets,DONATION,1.0,2024-12-19 08:31:00,DONATION0328,,,POSTED,
TXNC1E3FC3B67,BB007,O+,Plasma,ISSUE,2.0,2024-12-19 09:42:00,,,,POSTED,ISSUEE591DC764F
TXN813F30E6E1,BB020,B+,RBC,DONATION,1.0,2024-12-19 10:48:00,DONATION0328,,,POSTED,
TXN94D308E5CE,BB020,B+,Plasma,DONATION,1.0,2024-12-19 12:18:00,DONATION0328,,,POSTED,
TXN914952FBF2,BB006,A+,Plasma,DONATION,1.0,2024-12-19 12:33:00,DONATION1325,,,POSTED,
TXN9C3C33FE92,BB006,A+,RBC,DONATION,1.0,2024-12-19 14:03:00,DONATION1325,,,POSTED,
TXN84E7C8030B,BB006,A+,Platelets,DONATION,1.0,2024-12-19 16:36:00,DONATION1325,,,POSTED,
TXN3F4C4E5617,BB012,A-,Platelets,EXPIRY,1.0,2024-12-20 11:53:00,,,,POSTED,
TXN4F04CD517A,BB018,AB+,Plasma,DONATION,1.0,2024-12-20 14:18:00,DONATION0734,,,POSTED,
TXN82EDBE5035,BB018,AB+,RBC,DONATION,1.0,2024-12-20 16:12:00,DONATION0734,,,POSTED,
TXN497138DCBE,BB010,O+,RBC,ISSUE,4.0,2024-12-20 16:54:00,,,,POSTED,ISSUE19E56364B3
TXN4266E99307,BB007,O+,RBC,DONATION,1.0,2024-12-21 11:58:00,DONATION0019,,,POSTED,
TXN4DCD3BE650,BB002,A-,Platelets,EXPIRY,1.0,2024-12-21 16:22:00,,,,POSTED,
TXND95CF7C70E,BB007,O+,Plasma,DONATION,1.0,2024-12-21 17:56:00,DONATION0019,,,POSTED,
TXNBCBC02DEB0,BB009,B-,RBC,DONATION,1.0,2024-12-22 08:36:00,DONATION0583,,,POSTED,
TXNB761E51660,BB009,B-,Plasma,DONATION,1.0,2024-12-22 11:47:00,DONATION0583,,,POSTED,
TXND1CBF9229D,BB009,B-,Platelets,DONATION,1.0,2024-12-22 12:35:00,DONATION0583,,,POSTED,
TXN6AA4588DB2,BB008,B+,Plasma,DONATION,3.0,2024-12-22 12:49:00,DONATION0426,,,POSTED,
TXND39DA88F26,BB008,B+,Platelets,DONATION,3.0,2024-12-22 15:13:00,DONATION0426,,,POSTED,
TXNC409E362F2,BB008,B+,RBC,DONATION,3.0,2024-12-22 16:07:00,DONATION0426,,,POSTED,
TXN4D02DBDFAA,BB005,AB+,RBC,DONATION,1.0,2024-12-23 09:01:00,DONATION1135,,,POSTED,
TXN3D4C1CB03C,BB014,A+,Plasma,DONATION,2.0,2024-12-23 10:50:00,DONATION0089,,,POSTED,
TXN7A0D5A6E00,BB014,A+,RBC,DONATION,2.0,2024-12-23 11:17:00,DONATION0089,,,POSTED,
TXN430CB8D2BB,BB005,AB+,Plasma,DONATION,1.0,2024-12-23 11:33:00,DONATION1135,,,POSTED,
TXNF3CA84868D,BB007,O+,RBC,ISSUE,2.0,2024-12-23 13:04:00,,,,POSTED,ISSUE525F5151CA
TXN5D4DA9362D,BB008,A+,Plasma,DONATION,1.0,2024-12-24 08:24:00,DONATION0908,,,POSTED,
TXNBE4E3287E4,BB008,A+,RBC,DONATION,1.0,2024-12-24 09:18:00,DONATION0908,,,POSTED,
TXNED26A0804A,BB009,B-,RBC,ISSUE,2.0,2024-12-24 10:17:00,,,,POSTED,ISSUE55E4DD28CA
TXN3E07A1E3D2,BB018,AB+,Plasma,ISSUE,1.0,2024-12-24 14:34:00,,,,POSTED,ISSUE1520EA50DA
TXND37BC9314C,BB008,A+,Platelets,DONATION,1.0,2024-12-24 17:49:00,DONATION0908,,,POSTED,
TXN5884B56009,BB012,B-,Plasma,EXPIRY,1.0,2024-12-24 18:31:00,,,,POSTED,
TXN29C48D690C,BB020,O+,Plasma,DONATION,1.0,2024-12-25 10:00:00,DONATION0505,,,POSTED,
TXN9FB4FC479A,BB014,A+,Plasma,ISSUE,3.0,2024-12-25 15:25:00,,,,POSTED,ISSUE8BC2AC17C1
TXNE9A13D36CF,BB020,O+,RBC,DONATION,1.0,2024-12-25 18:49:00,DONATION0505,,,POSTED,
TXN410DF722A1,BB020,B+,Platelets,ISSUE,2.0,2024-12-26 08:23:00,,,,POSTED,ISSUE4D4FC30E03
TXN90DD8A77AB,BB014,A+,RBC,DONATION,2.0,2024-12-26 08:43:00,DONATION0049,,,POSTED,
TXNACD0A71186,BB019,B+,Platelets,DONATION,1.0,2024-12-26 09:26:00,DONATION0062,,,POSTED,
TXN1909AED7E0,BB007,A+,Plasma,DONATION,3.0,2024-12-26 10:11:00,DONATION1084,,,POSTED,
TXND47F986FAA,BB008,A+,Plasma,ISSUE,2.0,2024-12-26 11:02:00,,,,POSTED,ISSUE57E4623030
TXND23AB00F5C,BB007,A+,Platelets,DONATION,3.0,2024-12-26 12:12:00,DONATION1084,,,POSTED,
TXN5D114DB376,BB014,A+,Platelets,DONATION,2.0,2024-12-26 14:46:00,DONATION0049,,,POSTED,
TXN50C5B0CBC9,BB007,A+,RBC,DONATION,3.0,2024-12-26 16:09:00,DONATION1084,,,POSTED,
TXN70A76352F2,BB019,B+,RBC,DONATION,1.0,2024-12-26 17:15:00,DONATION0062,,,POSTED,
TXN8A2651C91C,BB019,B+,Plasma,DONATION,1.0,2024-12-26 17:38:00,DONATION0062,,,POSTED,
TXN50927081FF,BB014,A+,Plasma,DONATION,2.0,2024-12-26 18:41:00,DONATION0049,,,POSTED,
TXN1677A29401,BB018,O+,RBC,DONATION,1.0,2024-12-27 08:54:00,DONATION1101,,,POSTED,
TXNABF10E5F3B,BB007,AB+,Plasma,EXPIRY,1.0,2024-12-27 14:15:00,,,,POSTED,
TXND3C300B52E,BB009,B-,Platelets,EXPIRY,1.0,2024-12-27 15:21:00,,,,POSTED,
TXNF859CDDE5A,BB018,O+,Plasma,DONATION,1.0,2024-12-27 16:40:00,DONATION1101,,,POSTED,
TXN2AC65874AE,BB018,O+,Platelets,DONATION,1.0,2024-12-27 17:37:00,DONATION1101,,,POSTED,
TXN2282AA1E35,BB001,AB+,RBC,DONATION,1.0,2024-12-28 15:22:00,DONATION0995,,,POSTED,
TXNB12B2FE0F1,BB020,O+,Plasma,ISSUE,2.0,2024-12-28 17:51:00,,,,POSTED,ISSUE56129F8281
TXN814D31E5DD,BB001,AB+,Plasma,DONATION,1.0,2024-12-28 18:43:00,DONATION0995,,,POSTED,
TXND8A617ABDA,BB002,O-,RBC,DONATION,1.0,2024-12-29 09:57:00,DONATION0977,,,POSTED,
TXN41E047DE7E,BB005,A+,Plasma,DONATION,1.0,2024-12-29 10:47:00,DONATION1111,,,POSTED,
TXNB986083122,BB010,O-,RBC,DONATION,1.0,2024-12-29 11:45:00,DONATION0039,,,POSTED,
TXNEF33531534,BB007,A+,Plasma,ISSUE,3.0,2024-12-29 12:11:00,,,,POSTED,ISSUE972BD28EDF
TXNF0A06036C8,BB002,O-,Platelets,DONATION,1.0,2024-12-29 12:16:00,DONATION0977,,,POSTED,
TXN427E962D5D,BB010,O-,Plasma,DONATION,1.0,2024-12-29 12:25:00,DONATION0039,,,POSTED,
TXNFECEFBBDDE,BB002,O-,Plasma,DONATION,1.0,2024-12-29 12:41:00,DONATION0977,,,POSTED,
TXN32A1181094,BB006,A+,Plasma,ISSUE,2.0,2024-12-29 15:00:00,,,,POSTED,ISSUE9E51F29F19
TXN3CDFA381B6,BB013,O+,RBC,DONATION,1.0,2024-12-29 17:03:00,DONATION0958,,,POSTED,
TXNE5B133B98A,BB013,O+,Plasma,DONATION,1.0,2024-12-29 17:03:00,DONATION0958,,,POSTED,
TXN148E264857,BB005,A+,RBC,DONATION,1.0,2024-12-29 18:55:00,DONATION1111,,,POSTED,
TXN0C6045B1B9,BB007,A+,Platelets,ISSUE,2.0,2024-12-30 10:23:00,,,,POSTED,ISSUE4D259354AA
TXN9CE629BCE1,BB014,A+,RBC,ISSUE,4.0,2024-12-30 10:39:00,,,,POSTED,ISSUE3B5BEED694
TXNBF51510683,BB018,O+,Platelets,ISSUE,1.0,2024-12-30 13:32:00,,,,POSTED,ISSUE8F8052A0A5
TXN9E056080E1,BB008,A+,Plasma,DONATION,1.0,2024-12-30 16:08:00,DONATION1016,,,POSTED,
TXND59E2C278C,BB008,A+,Platelets,ISSUE,2.0,2024-12-30 16:17:00,,,,POSTED,ISSUE897C68EC1D
TXN5DACB8501C,BB008,A+,RBC,DONATION,1.0,2024-12-30 18:37:00,DONATION1016,,,POSTED,
TXN8D9B7C93B4,BB007,B+,RBC,DONATION,2.0,2024-12-31 12:26:00,DONATION0932,,,POSTED,
TXN95D47B3A5A,BB007,B+,Platelets,DONATION,2.0,2024-12-31 12:29:00,DONATION0932,,,POSTED,
TXN98092A4A34,BB007,B+,Plasma,DONATION,2.0,2024-12-31 13:23:00,DONATION0932,,,POSTED,
TXNC5F1B2D0FA,BB002,O-,RBC,ISSUE,1.0,2024-12-31 16:22:00,,,,POSTED,ISSUE97A6329B33
TXN909262FECF,BB001,AB+,Plasma,ISSUE,1.0,2024-12-31 17:17:00,,,,POSTED,ISSUE69815F2E03
TXN091E5AA507,BB008,B+,Platelets,ISSUE,1.0,2024-12-31 17:34:00,,,,POSTED,ISSUEDF93D9262F
TXNCAADF1F060,BB009,B-,Platelets,ISSUE,1.0,2024-12-31 17:37:00,,,,POSTED,ISSUEC3E993D7CD
TXND4D8DBA06D,BB008,B+,RBC,ISSUE,3.0,2025-01-01 14:24:00,,,,POSTED,ISSUE784EBE3AD1
TXN4E2509C965,BB018,O+,Plasma,ISSUE,2.0,2025-01-02 09:46:00,,,,POSTED,ISSUED243AA4DBE
TXN3F439B1DD7,BB002,O-,Plasma,ISSUE,1.0,2025-01-02 12:19:00,,,,POSTED,ISSUE4936DFA369
TXNAD1F825709,BB005,A+,Plasma,ISSUE,3.0,2025-01-04 08:14:00,,,,POSTED,ISSUE05168B4944
TXN3E4D5F8B20,BB017,B+,Platelets,DONATION,1.0,2025-01-04 09:26:00,DONATION1412,,,POSTED,
TXN391129BC87,BB017,B+,Plasma,DONATION,1.0,2025-01-04 13:58:00,DONATION1412,,,POSTED,
TXN4942D9870A,BB007,B+,RBC,ISSUE,2.0,2025-01-04 17:05:00,,,,POSTED,ISSUE689E5D218E
TXN03C671D09C,BB017,B+,RBC,DONATION,1.0,2025-01-04 17:19:00,DONATION1412,,,POSTED,
TXN2A9F2034AD,BB002,O-,Platelets,DONATION,1.0,2025-01-05 12:44:00,DONATION0014,,,POSTED,
TXN7469902C36,BB002,O-,RBC,DONATION,1.0,2025-01-05 13:10:00,DONATION0014,,,POSTED,
TXNB022B80B7F,BB002,O-,Plasma,DONATION,1.0,2025-01-05 13:22:00,DONATION0014,,,POSTED,
TXN803D9B2D8C,BB002,O-,Platelets,ISSUE,1.0,2025-01-06 14:13:00,,,,POSTED,ISSUEEA721C6973
TXNB7BEC6EB9F,BB016,O+,Platelets,DONATION,2.0,2025-01-07 13:13:00,DONATION0857,,,POSTED,
TXN926440A63A,BB016,O+,Plasma,DONATION,2.0,2025-01-07 14:10:00,DONATION0857,,,POSTED,
TXN146C575409,BB016,O+,RBC,DONATION,2.0,2025-01-07 17:56:00,DONATION0857,,,POSTED,
TXN31CEA57CF0,BB018,O+,RBC,DONATION,1.0,2025-01-09 10:16:00,DONATION0037,,,POSTED,
TXN7323A97FD1,BB018,O+,Plasma,DONATION,1.0,2025-01-09 16:55:00,DONATION0037,,,POSTED,
TXN7D1BE6CCB7,BB019,B-,Plasma,DONATION,2.0,2025-01-10 10:08:00,DONATION0939,,,POSTED,
TXN180EE7ABF5,BB019,B-,RBC,DONATION,2.0,2025-01-10 12:35:00,DONATION0939,,,POSTED,
TXN8DBB88FD8F,BB019,B-,RBC,DONATION,2.0,2025-01-10 14:03:00,DONATION0939,,,POSTED,
TXN8ECAF2732A,BB019,B-,Plasma,DONATION,2.0,2025-01-10 18:07:00,DONATION0939,,,POSTED,
TXN17DE367D7D,BB014,O-,RBC,DONATION,1.0,2025-01-11 09:20:00,DONATION1487,,,POSTED,
TXN67AAE2C5D5,BB005,AB+,Plasma,DONATION,1.0,2025-01-11 09:38:00,DONATION0015,,,POSTED,
TXN42C3EF3F43,BB001,O-,Platelets,DONATION,1.0,2025-01-11 09:56:00,DONATION0061,,,POSTED,
TXNB3208ECBD6,BB014,O-,Platelets,DONATION,1.0,2025-01-11 12:34:00,DONATION1487,,,POSTED,
TXN0D050071EA,BB014,O-,Plasma,DONATION,1.0,2025-01-11 16:41:00,DONATION1487,,,POSTED,
TXN117197FC54,BB001,O-,RBC,DONATION,1.0,2025-01-11 17:04:00,DONATION0061,,,POSTED,
TXN9118DF5DAC,BB007,B+,RBC,DONATION,1.0,2025-01-11 17:55:00,DONATION1036,,,POSTED,
TXNBBD908A19A,BB005,AB+,RBC,DONATION,1.0,2025-01-11 18:41:00,DONATION0015,,,POSTED,
TXN91DBCEE0B2,BB007,B+,Plasma,DONATION,1.0,2025-01-11 18:47:00,DONATION1036,,,POSTED,
TXNE8EBE31F4C,BB001,O-,Plasma,DONATION,1.0,2025-01-11 18:55:00,DONATION0061,,,POSTED,
TXN0DBDA97A3D,BB018,O-,RBC,DONATION,1.0,2025-01-12 10:52:00,DONATION1944,,,POSTED,
TXNFD627CE0D6,BB005,AB+,Plasma,ISSUE,1.0,2025-01-12 12:22:00,,,,POSTED,ISSUEE0C1704673
TXNBF0CE41A19,BB007,B+,Plasma,ISSUE,1.0,2025-01-12 13:39:00,,,,POSTED,ISSUE2F03485B81
TXNDF7B1FD34C,BB018,O-,Plasma,DONATION,1.0,2025-01-12 16:02:00,DONATION1944,,,POSTED,
TXNCA59B81E31,BB017,B+,RBC,ISSUE,2.0,2025-01-13 08:31:00,,,,POSTED,ISSUEE61ADB422B
TXN9B95DFB4A2,BB002,A+,Plasma,DONATION,1.0,2025-01-14 16:36:00,DONATION1734,,,POSTED,
TXN24B0A7F3CF,BB002,A+,RBC,DONATION,1.0,2025-01-14 17:15:00,DONATION1734,,,POSTED,
TXN06CE135AE6,BB002,A+,Platelets,DONATION,1.0,2025-01-14 17:48:00,DONATION1734,,,POSTED,
TXN4BA5329E50,BB018,B-,Platelets,DONATION,1.0,2025-01-15 11:35:00,DONATION1488,,,POSTED,
TXNA2629F8BD1,BB016,B-,Plasma,DONATION,1.0,2025-01-15 13:17:00,DONATION0598,,,POSTED,
TXN7CE1B2DFC4,BB018,B-,RBC,DONATION,1.0,2025-01-15 15:25:00,DONATION1488,,,POSTED,
TXN998070F543,BB016,B-,RBC,DONATION,1.0,2025-01-15 16:16:00,DONATION0598,,,POSTED,
TXN50B077DBBD,BB016,O+,RBC,ISSUE,2.0,2025-01-15 16:41:00,,,,POSTED,ISSUE89DF82CAA9
TXN3ADA419B27,BB018,B-,Plasma,DONATION,1.0,2025-01-15 17:26:00,DONATION1488,,,POSTED,
TXN9714059C19,BB001,O-,RBC,ISSUE,1.0,2025-01-17 08:09:00,,,,POSTED,ISSUE4409161723
TXNCB98F934B6,BB002,A+,RBC,ISSUE,1.0,2025-01-18 08:27:00,,,,POSTED,ISSUECFDDECC9AE
TXN32EE59B0B6,BB013,O+,RBC,DONATION,1.0,2025-01-18 10:22:00,DONATION1241,,,POSTED,
TXN8B756EECCA,BB016,B-,Plasma,ISSUE,1.0,2025-01-18 11:32:00,,,,POSTED,ISSUE54911D1684
TXN0FFF422370,BB009,AB+,Plasma,DONATION,1.0,2025-01-18 12:08:00,DONATION0501,,,POSTED,
TXNAB6832569A,BB013,O+,Plasma,DONATION,1.0,2025-01-18 12:30:00,DONATION1241,,,POSTED,
TXN741D3E4E00,BB009,AB+,RBC,DONATION,1.0,2025-01-18 16:44:00,DONATION0501,,,POSTED,
TXN510C5558EB,BB009,AB+,Platelets,DONATION,1.0,2025-01-18 17:15:00,DONATION0501,,,POSTED,
TXN742BB1AD1E,BB011,B-,RBC,DONATION,1.0,2025-01-20 09:50:00,DONATION1052,,,POSTED,
TXNC68B8DFC72,BB003,O+,RBC,DONATION,1.0,2025-01-20 09:50:00,DONATION1950,,,POSTED,
TXN52DE7849BB,BB006,A+,RBC,DONATION,1.0,2025-01-20 10:35:00,DONATION0387,,,POSTED,
TXN7D13C22F77,BB014,O-,Plasma,ISSUE,3.0,2025-01-20 10:58:00,,,,POSTED,ISSUE998141B5D9
TXN83C8C997FE,BB006,A+,Platelets,DONATION,1.0,2025-01-20 12:15:00,DONATION0387,,,POSTED,
TXN67E760EB51,BB011,B-,Plasma,DONATION,1.0,2025-01-20 16:10:00,DONATION1052,,,POSTED,
TXNFE74CE7632,BB011,B-,Platelets,DONATION,1.0,2025-01-20 16:25:00,DONATION1052,,,POSTED,
TXN5A52C8C236,BB006,A+,Plasma,DONATION,1.0,2025-01-20 17:33:00,DONATION0387,,,POSTED,
TXN09207DA30A,BB003,O+,Plasma,DONATION,1.0,2025-01-20 17:39:00,DONATION1950,,,POSTED,
TXN76CE8D5D0B,BB004,A+,RBC,DONATION,2.0,2025-01-21 08:10:00,DONATION1158,,,POSTED,
TXN0131A3F4BE,BB004,A+,Platelets,DONATION,2.0,2025-01-21 09:52:00,DONATION1158,,,POSTED,
TXNA40123B3E9,BB004,A-,Plasma,EXPIRY,1.0,2025-01-21 12:15:00,,,,POSTED,
TXND98A10CA90,BB004,A+,Plasma,DONATION,2.0,2025-01-21 14:40:00,DONATION1158,,,POSTED,
TXNDC210CAAC2,BB002,A+,Plasma,ISSUE,1.0,2025-01-23 13:15:00,,,,POSTED,ISSUE03F9187799
TXN46174968B4,BB004,B+,Plasma,DONATION,3.0,2025-01-24 08:45:00,DONATION0098,,,POSTED,
TXNDAADAFF811,BB006,A+,RBC,ISSUE,5.0,2025-01-24 09:26:00,,,,POSTED,ISSUE21E3F76EF9
TXN4E317C3D27,BB004,B+,RBC,DONATION,3.0,2025-01-24 11:16:00,DONATION0098,,,POSTED,
TXNEFC806B6B2,BB011,B-,Platelets,ISSUE,1.0,2025-01-24 12:25:00,,,,POSTED,ISSUE943EDA5AD5
TXN6E0133B73A,BB004,B+,Platelets,DONATION,3.0,2025-01-24 16:59:00,DONATION0098,,,POSTED,
TXN1C89B2BDB6,BB011,A+,Plasma,DONATION,2.0,2025-01-25 10:00:00,DONATION0519,,,POSTED,
TXNFDDE4F6B82,BB011,A+,RBC,DONATION,2.0,2025-01-25 12:45:00,DONATION0519,,,POSTED,
TXNCDB363114D,BB009,AB+,Platelets,ISSUE,1.0,2025-01-27 17:33:00,,,,POSTED,ISSUE9469A09630
TXN76EA5A8F9E,BB004,A+,Platelets,ISSUE,1.0,2025-01-28 08:26:00,,,,POSTED,ISSUEC2A920961C
TXND54C045338,BB003,B-,Plasma,DONATION,1.0,2025-01-28 10:57:00,DONATION1098,,,POSTED,
TXN9ACDE75760,BB003,B-,RBC,DONATION,1.0,2025-01-28 12:54:00,DONATION1098,,,POSTED,
TXN9417562F2B,BB011,A+,Plasma,ISSUE,2.0,2025-01-28 18:03:00,,,,POSTED,ISSUE27B136BB7C
TXNB2599299AF,BB017,B-,Plasma,DONATION,1.0,2025-01-29 08:39:00,DONATION0393,,,POSTED,
TXN6DC72AA39A,BB002,O+,Plasma,DONATION,1.0,2025-01-29 10:16:00,DONATION0021,,,POSTED,
TXNBEE2A6CA4D,BB017,B-,RBC,DONATION,1.0,2025-01-29 12:27:00,DONATION0393,,,POSTED,
TXN50857D25F0,BB004,A+,Plasma,ISSUE,3.0,2025-01-29 14:04:00,,,,POSTED,ISSUE20B8A05A66
TXN22BE797C37,BB002,O+,Platelets,DONATION,1.0,2025-01-29 16:34:00,DONATION0021,,,POSTED,
TXNE4739A7D6B,BB017,B-,Platelets,DONATION,1.0,2025-01-29 17:26:00,DONATION0393,,,POSTED,
TXN6EB61755DC,BB002,O+,RBC,DONATION,1.0,2025-01-29 18:29:00,DONATION0021,,,POSTED,
TXN77353CBD99,BB017,B-,Plasma,DONATION,1.0,2025-01-30 08:44:00,DONATION0839,,,POSTED,
TXN4C10004162,BB014,B+,RBC,DONATION,2.0,2025-01-30 09:46:00,DONATION0705,,,POSTED,
TXN306BFB6C97,BB017,B-,RBC,DONATION,1.0,2025-01-30 10:11:00,DONATION0839,,,POSTED,
TXN6D0E4D6B86,BB014,B+,Plasma,DONATION,2.0,2025-01-30 15:40:00,DONATION0705,,,POSTED,
TXN1F078C1730,BB017,B-,Platelets,ISSUE,1.0,2025-01-30 18:06:00,,,,POSTED,ISSUE56CF74A84D
TXN0A3EE5FBC7,BB003,O+,Plasma,DONATION,1.0,2025-01-31 10:54:00,DONATION0517,,,POSTED,
TXN040A57DFA6,BB003,O+,RBC,DONATION,1.0,2025-01-31 15:56:00,DONATION0517,,,POSTED,
TXNAEB9612DFD,BB019,A+,RBC,DONATION,2.0,2025-02-01 08:27:00,DONATION0862,,,POSTED,
TXNFA937950CA,BB019,A+,Plasma,DONATION,2.0,2025-02-01 09:18:00,DONATION0862,,,POSTED,
TXNAAAF7A2C6C,BB013,B+,Platelets,DONATION,2.0,2025-02-01 09:24:00,DONATION1057,,,POSTED,
TXND0BC8F7360,BB017,B-,Plasma,ISSUE,1.0,2025-02-01 09:49:00,,,,POSTED,ISSUE5DC8CDE3C9
TXN68E55B617D,BB020,A+,Platelets,DONATION,1.0,2025-02-01 10:04:00,DONATION0404,,,POSTED,
TXN80375A2B22,BB013,B+,RBC,DONATION,2.0,2025-02-01 11:02:00,DONATION1057,,,POSTED,
TXN27ED1EDDEB,BB002,O+,Plasma,ISSUE,2.0,2025-02-01 12:25:00,,,,POSTED,ISSUEE5E44E11FB
TXN2CD89A24D7,BB011,A+,RBC,ISSUE,5.0,2025-02-01 12:54:00,,,,POSTED,ISSUE059AC10C55
TXNB84F57BF5D,BB020,A+,Plasma,DONATION,1.0,2025-02-01 15:40:00,DONATION0404,,,POSTED,
TXN9D95D8447C,BB020,A+,RBC,DONATION,1.0,2025-02-01 18:29:00,DONATION0404,,,POSTED,
TXN455F22034D,BB013,B+,Plasma,DONATION,2.0,2025-02-01 18:56:00,DONATION1057,,,POSTED,
TXN7B38A415ED,BB013,B+,Plasma,ISSUE,3.0,2025-02-02 11:43:00,,,,POSTED,ISSUEBC1A83A208
TXNF6994371EE,BB013,B+,RBC,ISSUE,2.0,2025-02-02 12:07:00,,,,POSTED,ISSUED794B3716C
TXN2A08516A52,BB009,O+,RBC,DONATION,1.0,2025-02-02 12:37:00,DONATION1116,,,POSTED,
TXN0C24D938D6,BB002,A-,RBC,DONATION,1.0,2025-02-02 13:31:00,DONATION1091,,,POSTED,
TXNFF07A00F95,BB002,A-,Plasma,DONATION,1.0,2025-02-02 15:21:00,DONATION1091,,,POSTED,
TXNCFDAC7A3AA,BB009,O+,Plasma,DONATION,1.0,2025-02-02 16:36:00,DONATION1116,,,POSTED,
TXN564A81BA67,BB009,O+,Platelets,DONATION,1.0,2025-02-02 18:24:00,DONATION1116,,,POSTED,
TXNFD21E58B7A,BB016,AB-,RBC,DONATION,1.0,2025-02-03 13:02:00,DONATION1884,,,POSTED,
TXN141C4B269C,BB020,A+,Platelets,ISSUE,2.0,2025-02-03 17:21:00,,,,POSTED,ISSUEE0698F8EB5
TXN1E878D5B70,BB016,AB-,Plasma,DONATION,1.0,2025-02-03 18:39:00,DONATION1884,,,POSTED,
TXN7988E6FC23,BB007,A+,Plasma,DONATION,1.0,2025-02-04 11:18:00,DONATION1923,,,POSTED,
TXN31DBC178AD,BB007,A+,RBC,DONATION,1.0,2025-02-04 17:15:00,DONATION1923,,,POSTED,
TXN5FE73EA67C,BB017,B-,Plasma,DONATION,2.0,2025-02-05 09:28:00,DONATION0239,,,POSTED,
TXN868504AA57,BB002,A-,RBC,ISSUE,1.0,2025-02-05 09:39:00,,,,POSTED,ISSUE42B27C609A
TXNC3DCE19C79,BB003,O+,RBC,DONATION,1.0,2025-02-05 12:49:00,DONATION1484,,,POSTED,
TXN426F32FD67,BB017,B-,Platelets,DONATION,2.0,2025-02-05 12:57:00,DONATION0239,,,POSTED,
TXN8B6B79CC67,BB003,O+,Plasma,DONATION,1.0,2025-02-05 13:38:00,DONATION1484,,,POSTED,
TXN490C3A7A4E,BB017,B-,RBC,DONATION,2.0,2025-02-05 18:45:00,DONATION0239,,,POSTED,
TXN6FD3F4A6DE,BB009,O+,Platelets,ISSUE,2.0,2025-02-06 13:22:00,,,,POSTED,ISSUE90130B2D0D
TXN7EBBE52AED,BB002,A+,Plasma,DONATION,3.0,2025-02-07 08:21:00,DONATION1343,,,POSTED,
TXN978D5402E5,BB004,A-,RBC,DONATION,1.0,2025-02-07 08:32:00,DONATION0875,,,POSTED,
TXNED932F9439,BB003,O+,Plasma,DONATION,1.0,2025-02-07 11:20:00,DONATION1335,,,POSTED,
TXN2926EAE697,BB017,B-,Plasma,ISSUE,1.0,2025-02-07 13:22:00,,,,POSTED,ISSUEC28F9A3630
TXN013C5E4E81,BB003,O+,RBC,DONATION,1.0,2025-02-07 13:22:00,DONATION1335,,,POSTED,
TXNF6B5D8EEAB,BB002,A+,RBC,DONATION,3.0,2025-02-07 15:30:00,DONATION1343,,,POSTED,
TXND742B132EC,BB002,A+,Platelets,DONATION,3.0,2025-02-07 16:13:00,DONATION1343,,,POSTED,
TXN6978781AB4,BB004,A-,Plasma,DONATION,1.0,2025-02-07 17:57:00,DONATION0875,,,POSTED,
TXN776D1CD7D8,BB003,O+,Platelets,DONATION,1.0,2025-02-07 18:01:00,DONATION1335,,,POSTED,
TXNCAC2ECC990,BB019,O+,Plasma,DONATION,2.0,2025-02-08 12:38:00,DONATION1221,,,POSTED,
TXN5545533130,BB019,O+,RBC,DONATION,2.0,2025-02-08 12:45:00,DONATION1221,,,POSTED,
TXN559F1B1F37,BB017,B-,RBC,ISSUE,1.0,2025-02-08 15:46:00,,,,POSTED,ISSUE9B44684247
TXN8474AFEEC3,BB019,A+,RBC,ISSUE,4.0,2025-02-09 09:42:00,,,,POSTED,ISSUE1261068C41
TXN4B4E6E1CA6,BB016,AB-,RBC,ISSUE,1.0,2025-02-09 17:01:00,,,,POSTED,ISSUE8B9C7B9049
TXN1A89EA4618,BB003,O+,RBC,ISSUE,2.0,2025-02-10 18:35:00,,,,POSTED,ISSUE006A240967
TXN2025A26AAC,BB003,A+,Platelets,DONATION,1.0,2025-02-11 08:01:00,DONATION1942,,,POSTED,
TXNFBDC3816E7,BB002,A-,Plasma,ISSUE,1.0,2025-02-11 08:04:00,,,,POSTED,ISSUED4575FAC36
TXN23D5563DC5,BB003,A+,Plasma,DONATION,1.0,2025-02-11 12:15:00,DONATION1942,,,POSTED,
TXNBA14E79024,BB019,O+,RBC,ISSUE,5.0,2025-02-11 12:37:00,,,,POSTED,ISSUE09D233D89A
TXN93C251912A,BB003,A+,RBC,DONATION,1.0,2025-02-11 14:31:00,DONATION1942,,,POSTED,
TXNB3383FA388,BB016,A-,Plasma,DONATION,1.0,2025-02-12 08:09:00,DONATION0322,,,POSTED,
TXN7CD054CE58,BB016,A-,RBC,DONATION,1.0,2025-02-12 09:56:00,DONATION0322,,,POSTED,
TXN2ADF33DEA1,BB016,A-,Platelets,DONATION,1.0,2025-02-12 17:03:00,DONATION0322,,,POSTED,
TXNF51F1AAF01,BB003,O+,Plasma,ISSUE,2.0,2025-02-12 18:40:00,,,,POSTED,ISSUEB2D05E4309
TXNEF26F61625,BB013,A+,RBC,DONATION,3.0,2025-02-13 08:57:00,DONATION1139,,,POSTED,
TXN06D600DD5B,BB019,AB-,Plasma,DONATION,1.0,2025-02-13 09:09:00,DONATION1520,,,POSTED,
TXN796F95A1D3,BB012,A+,RBC,DONATION,1.0,2025-02-13 09:40:00,DONATION1798,,,POSTED,
TXN450EA870FB,BB018,B+,RBC,DONATION,1.0,2025-02-13 09:49:00,DONATION0402,,,POSTED,
TXN4DDF4EDBCF,BB012,A+,Plasma,DONATION,1.0,2025-02-13 11:54:00,DONATION1798,,,POSTED,
TXN7ED95950DD,BB012,A+,Platelets,DONATION,1.0,2025-02-13 12:41:00,DONATION1798,,,POSTED,
TXN975E6BFE7E,BB013,A+,Platelets,DONATION,3.0,2025-02-13 14:23:00,DONATION1139,,,POSTED,
TXN854EB8F1E4,BB004,O-,Plasma,DONATION,1.0,2025-02-13 14:39:00,DONATION1548,,,POSTED,
TXNB6AF3EE185,BB017,B-,RBC,ISSUE,1.0,2025-02-13 14:48:00,,,,POSTED,ISSUEE4A18C8061
TXND60871868E,BB019,AB-,RBC,DONATION,1.0,2025-02-13 17:30:00,DONATION1520,,,POSTED,
TXN90654AD142,BB004,A-,RBC,ISSUE,2.0,2025-02-13 17:38:00,,,,POSTED,ISSUEED3425813F
TXNF7242A3193,BB003,O+,Platelets,ISSUE,1.0,2025-02-13 17:44:00,,,,POSTED,ISSUEB2D62DFBB4
TXN470B722B05,BB018,B+,Plasma,DONATION,1.0,2025-02-13 17:47:00,DONATION0402,,,POSTED,
TXN6C708D963B,BB004,O-,RBC,DONATION,1.0,2025-02-13 18:22:00,DONATION1548,,,POSTED,
TXN37DCD94051,BB013,A+,Plasma,DONATION,3.0,2025-02-13 18:41:00,DONATION1139,,,POSTED,
TXN26CAE54C16,BB005,B+,Plasma,DONATION,1.0,2025-02-14 10:31:00,DONATION0461,,,POSTED,
TXN20C214AE6C,BB005,B+,RBC,DONATION,1.0,2025-02-14 13:12:00,DONATION0461,,,POSTED,
TXN04EE0F672B,BB007,AB+,Platelets,DONATION,1.0,2025-02-15 09:38:00,DONATION0199,,,POSTED,
TXNF93D5B69FE,BB007,AB+,RBC,DONATION,1.0,2025-02-15 14:17:00,DONATION0199,,,POSTED,
TXN63E6528DCB,BB014,B-,RBC,DONATION,2.0,2025-02-15 15:04:00,DONATION1704,,,POSTED,
TXN2159BBAFB4,BB014,B-,Platelets,DONATION,2.0,2025-02-15 15:36:00,DONATION1704,,,POSTED,
TXN65A00957F3,BB007,AB+,Plasma,DONATION,1.0,2025-02-15 16:34:00,DONATION0199,,,POSTED,
TXNB2E4DC9945,BB014,B-,Plasma,DONATION,2.0,2025-02-15 17:47:00,DONATION1704,,,POSTED,
TXN241411E5AA,BB016,A-,Platelets,ISSUE,1.0,2025-02-18 15:08:00,,,,POSTED,ISSUE9F5F0406CD
TXNCADE70776A,BB013,A+,RBC,ISSUE,2.0,2025-02-19 08:15:00,,,,POSTED,ISSUE269B2BA1B7
TXN8AE6DE1135,BB018,O+,Plasma,DONATION,2.0,2025-02-19 09:11:00,DONATION1370,,,POSTED,
TXNB562435B54,BB018,O+,Platelets,DONATION,2.0,2025-02-19 10:46:00,DONATION1370,,,POSTED,
TXNE3EFD45AF2,BB001,A+,RBC,DONATION,1.0,2025-02-19 13:39:00,DONATION0100,,,POSTED,
TXN16F023B68F,BB001,A+,Plasma,DONATION,1.0,2025-02-19 13:42:00,DONATION0100,,,POSTED,
TXN65D15FB046,BB018,O+,RBC,DONATION,2.0,2025-02-19 16:46:00,DONATION1370,,,POSTED,
TXN2C47392FEA,BB002,A+,RBC,DONATION,1.0,2025-02-20 12:41:00,DONATION1551,,,POSTED,
TXNE13A7BD82E,BB002,A+,Plasma,DONATION,1.0,2025-02-20 17:25:00,DONATION1551,,,POSTED,
TXNA91271D2DC,BB002,A+,Platelets,DONATION,1.0,2025-02-20 18:47:00,DONATION1551,,,POSTED,
TXN510E42A9AC,BB020,O+,RBC,DONATION,2.0,2025-02-21 08:00:00,DONATION0078,,,POSTED,
TXN0D1C2CDAA9,BB007,AB+,Plasma,ISSUE,1.0,2025-02-21 10:25:00,,,,POSTED,ISSUE50F708F246
TXNA4459A53D3,BB020,O+,Platelets,DONATION,2.0,2025-02-21 12:10:00,DONATION0078,,,POSTED,
TXNC4959DB674,BB020,O+,Plasma,DONATION,2.0,2025-02-21 13:49:00,DONATION0078,,,POSTED,
TXN2014F53DA2,BB005,O+,Plasma,DONATION,1.0,2025-02-23 11:04:00,DONATION1333,,,POSTED,
TXN7C27F0F1ED,BB005,O+,Platelets,DONATION,1.0,2025-02-23 14:20:00,DONATION1333,,,POSTED,
TXN1330B9D377,BB005,O+,RBC,DONATION,1.0,2025-02-23 16:15:00,DONATION1333,,,POSTED,
TXNB76BC69D53,BB011,B-,RBC,DONATION,1.0,2025-02-24 11:54:00,DONATION1828,,,POSTED,
TXNB695A87508,BB009,AB-,Plasma,DONATION,2.0,2025-02-24 13:03:00,DONATION1773,,,POSTED,
TXNFC8327E73A,BB009,AB-,RBC,DONATION,2.0,2025-02-24 13:26:00,DONATION1773,,,POSTED,
TXN43EA62EE2B,BB013,A+,Plasma,DONATION,2.0,2025-02-24 14:14:00,DONATION1194,,,POSTED,
TXNDDF1A1D668,BB018,A-,RBC,DONATION,1.0,2025-02-24 14:23:00,DONATION1880,,,POSTED,
TXNEB18620B1D,BB011,B-,Platelets,DONATION,1.0,2025-02-24 14:59:00,DONATION1828,,,POSTED,
TXND16B9B7846,BB011,B-,Plasma,DONATION,1.0,2025-02-24 15:24:00,DONATION1828,,,POSTED,
TXN147D3480CF,BB013,A+,RBC,DONATION,2.0,2025-02-24 16:17:00,DONATION1194,,,POSTED,
TXN894CB06601,BB018,A-,Plasma,DONATION,1.0,2025-02-24 17:59:00,DONATION1880,,,POSTED,
TXN009B59476F,BB004,A+,RBC,DONATION,1.0,2025-02-25 08:11:00,DONATION1591,,,POSTED,
TXNC1FCE8D801,BB001,A+,RBC,ISSUE,2.0,2025-02-25 12:40:00,,,,POSTED,ISSUE0B22285E7B
TXN349504FE13,BB004,A+,Plasma,DONATION,1.0,2025-02-25 18:03:00,DONATION1591,,,POSTED,
TXN35FD969778,BB005,O+,RBC,ISSUE,2.0,2025-02-26 09:01:00,,,,POSTED,ISSUEB820534488
TXN78C32481C7,BB016,B-,Plasma,DONATION,1.0,2025-02-27 11:52:00,DONATION0680,,,POSTED,
TXNB4929A5936,BB016,B-,RBC,DONATION,1.0,2025-02-27 15:08:00,DONATION0680,,,POSTED,
TXNCF7F3C0E30,BB016,B-,Platelets,DONATION,1.0,2025-02-27 16:32:00,DONATION0680,,,POSTED,
TXN72ACB73F06,BB009,AB-,RBC,ISSUE,1.0,2025-02-28 12:44:00,,,,POSTED,ISSUE95D43F8904
TXN87A1F29B6A,BB014,O-,Plasma,DONATION,1.0,2025-02-28 13:36:00,DONATION0825,,,POSTED,
TXN9A83918BD2,BB020,O+,Plasma,ISSUE,4.0,2025-02-28 14:57:00,,,,POSTED,ISSUE2268BBB978
TXNB53EC0303A,BB011,B-,RBC,DONATION,1.0,2025-02-28 15:20:00,DONATION1494,,,POSTED,
TXN8013005CF2,BB011,B-,Plasma,DONATION,1.0,2025-02-28 16:06:00,DONATION1494,,,POSTED,
TXN2301505587,BB014,O-,RBC,DONATION,1.0,2025-02-28 17:01:00,DONATION0825,,,POSTED,
TXNA1E9B9F0A4,BB018,A-,RBC,ISSUE,1.0,2025-03-01 08:27:00,,,,POSTED,ISSUE217310BD98
TXNA388B1AD6D,BB020,AB-,Plasma,DONATION,1.0,2025-03-02 08:05:00,DONATION1416,,,POSTED,
TXN9793535E6A,BB005,O+,Plasma,ISSUE,5.0,2025-03-02 09:22:00,,,,POSTED,ISSUE0D9DBC6347
TXNE5D8FC5459,BB002,B+,RBC,DONATION,2.0,2025-03-02 12:22:00,DONATION1905,,,POSTED,
TXN929488F530,BB002,B+,Plasma,DONATION,2.0,2025-03-02 12:37:00,DONATION1905,,,POSTED,
TXN284E00F27B,BB016,B-,RBC,ISSUE,3.0,2025-03-02 12:54:00,,,,POSTED,ISSUE56C3DED316
TXN8EA7AAED79,BB002,B+,Platelets,DONATION,2.0,2025-03-02 16:01:00,DONATION1905,,,POSTED,
TXN526645DA69,BB005,O+,Platelets,ISSUE,2.0,2025-03-02 16:10:00,,,,POSTED,ISSUE5FC3F11172
TXNEC70E04B66,BB020,AB-,RBC,DONATION,1.0,2025-03-02 17:23:00,DONATION1416,,,POSTED,
TXN51FC4B0AA1,BB018,A+,RBC,DONATION,2.0,2025-03-03 08:36:00,DONATION1146,,,POSTED,
TXNCC1E9DDB77,BB015,O+,RBC,DONATION,2.0,2025-03-03 11:26:00,DONATION0858,,,POSTED,
TXNE99E2DFBEF,BB011,B-,Plasma,ISSUE,1.0,2025-03-03 14:55:00,,,,POSTED,ISSUE0FBFA2480B
TXNA47288F700,BB018,A+,Plasma,DONATION,2.0,2025-03-03 16:07:00,DONATION1146,,,POSTED,
TXNDC1019DFF8,BB015,O+,Plasma,DONATION,2.0,2025-03-03 16:46:00,DONATION0858,,,POSTED,
TXNE678DC58C6,BB016,B-,Plasma,ISSUE,1.0,2025-03-04 08:02:00,,,,POSTED,ISSUE6E06DE7B41
TXN6368440860,BB019,O+,Plasma,DONATION,1.0,2025-03-04 10:10:00,DONATION1610,,,POSTED,
TXN7CF81AD347,BB008,O-,RBC,DONATION,2.0,2025-03-04 12:44:00,DONATION0194,,,POSTED,
TXNE66599B406,BB002,B+,Platelets,ISSUE,1.0,2025-03-04 12:52:00,,,,POSTED,ISSUE8222519E46
TXN6C05896535,BB014,A+,Plasma,DONATION,2.0,2025-03-04 14:22:00,DONATION0730,,,POSTED,
TXN7E5688D2EF,BB006,A+,Plasma,DONATION,1.0,2025-03-04 14:57:00,DONATION1638,,,POSTED,
TXNA0A7FAB9AE,BB008,O-,Plasma,DONATION,2.0,2025-03-04 15:04:00,DONATION0194,,,POSTED,
TXN2AAC740F2A,BB019,O+,RBC,DONATION,1.0,2025-03-04 15:31:00,DONATION1610,,,POSTED,
TXN318B5536E8,BB014,A+,RBC,DONATION,2.0,2025-03-04 17:46:00,DONATION0730,,,POSTED,
TXN9DB06A7056,BB006,A+,RBC,DONATION,1.0,2025-03-04 18:04:00,DONATION1638,,,POSTED,
TXNF2FF87970C,BB002,A+,Plasma,DONATION,1.0,2025-03-05 11:29:00,DONATION0668,,,POSTED,
TXN58DFA3E55D,BB011,B-,Plasma,ISSUE,1.0,2025-03-05 12:11:00,,,,POSTED,ISSUE2A7BBAD182
TXNB36275A147,BB002,A+,RBC,DONATION,1.0,2025-03-05 13:20:00,DONATION0668,,,POSTED,
TXN77498D0E68,BB019,O+,Plasma,ISSUE,1.0,2025-03-05 14:46:00,,,,POSTED,ISSUE3C93CBE6ED
TXN296667AFA5,BB018,A-,Plasma,ISSUE,1.0,2025-03-05 17:28:00,,,,POSTED,ISSUE7484800748
TXN4F286ADF45,BB002,A+,Platelets,DONATION,1.0,2025-03-05 18:55:00,DONATION0668,,,POSTED,
TXN2F765CAE37,BB006,B+,RBC,DONATION,1.0,2025-03-06 09:36:00,DONATION0766,,,POSTED,
TXN2B0422CD1F,BB019,O+,RBC,DONATION,1.0,2025-03-06 11:30:00,DONATION0633,,,POSTED,
TXNAADCC88950,BB018,A+,RBC,DONATION,1.0,2025-03-06 12:10:00,DONATION0070,,,POSTED,
TXNF685056B2C,BB006,B+,Plasma,DONATION,1.0,2025-03-06 13:07:00,DONATION0766,,,POSTED,
TXN7164F4DB37,BB019,O+,Plasma,DONATION,1.0,2025-03-06 13:11:00,DONATION0633,,,POSTED,
TXNB197FF3BBF,BB018,A+,Plasma,DONATION,1.0,2025-03-06 15:53:00,DONATION0070,,,POSTED,
TXN5108A9F457,BB006,O+,RBC,DONATION,1.0,2025-03-09 09:04:00,DONATION0068,,,POSTED,
TXNF03B72AA8C,BB019,A+,Plasma,DONATION,1.0,2025-03-09 09:42:00,DONATION1759,,,POSTED,
TXN6C268F0397,BB011,O+,Platelets,DONATION,1.0,2025-03-09 11:38:00,DONATION1852,,,POSTED,
TXN4C888EF989,BB011,O+,RBC,DONATION,1.0,2025-03-09 12:18:00,DONATION1852,,,POSTED,
TXN200CB83E21,BB011,O+,Plasma,DONATION,1.0,2025-03-09 15:24:00,DONATION1852,,,POSTED,
TXN265095BA22,BB006,O+,Plasma,DONATION,1.0,2025-03-09 16:13:00,DONATION0068,,,POSTED,
TXN1C1AD52DDC,BB019,A+,RBC,DONATION,1.0,2025-03-09 17:06:00,DONATION1759,,,POSTED,
TXN727393ADB8,BB006,A+,Plasma,ISSUE,2.0,2025-03-09 17:51:00,,,,POSTED,ISSUEEA15AF5450
TXND6E7454605,BB012,B-,Plasma,DONATION,2.0,2025-03-11 09:55:00,DONATION1450,,,POSTED,
TXN7B732DBBDC,BB012,B-,RBC,DONATION,2.0,2025-03-11 10:38:00,DONATION1450,,,POSTED,
TXN2832363FEC,BB013,AB+,RBC,DONATION,2.0,2025-03-11 13:21:00,DONATION1576,,,POSTED,
TXN3A7EB7F4D0,BB002,A+,Platelets,ISSUE,3.0,2025-03-11 15:30:00,,,,POSTED,ISSUE0E75E98C06
TXN5150367801,BB013,AB+,Plasma,DONATION,2.0,2025-03-11 18:19:00,DONATION1576,,,POSTED,
TXNBE4F0403EE,BB020,AB-,RBC,ISSUE,1.0,2025-03-11 18:27:00,,,,POSTED,ISSUE468406D1E3
TXN659A3AFB7F,BB013,AB+,Platelets,DONATION,2.0,2025-03-11 18:41:00,DONATION1576,,,POSTED,
TXN400BFC6687,BB006,A+,RBC,ISSUE,1.0,2025-03-12 11:48:00,,,,POSTED,ISSUEC68289EDA1
TXNC8F53471D6,BB012,B-,RBC,ISSUE,1.0,2025-03-12 18:16:00,,,,POSTED,ISSUE5F4F3A7B75
TXNBAAE4E4662,BB002,A+,RBC,ISSUE,1.0,2025-03-14 15:46:00,,,,POSTED,ISSUEBCF77C7C77
TXN36800D4A96,BB013,B-,RBC,DONATION,1.0,2025-03-15 17:36:00,DONATION1982,,,POSTED,
TXNFFC787DB9A,BB013,B-,Plasma,DONATION,1.0,2025-03-15 18:42:00,DONATION1982,,,POSTED,
TXN394E61EBB9,BB005,O+,Plasma,DONATION,1.0,2025-03-16 08:40:00,DONATION1062,,,POSTED,
TXN85014FB345,BB013,A+,Plasma,DONATION,1.0,2025-03-16 08:47:00,DONATION0665,,,POSTED,
TXN81E406EB59,BB018,O+,Platelets,DONATION,1.0,2025-03-16 08:55:00,DONATION0407,,,POSTED,
TXNA0804C5CFD,BB010,O+,Plasma,DONATION,2.0,2025-03-16 10:43:00,DONATION0637,,,POSTED,
TXN7802CA64B1,BB011,B+,Plasma,DONATION,2.0,2025-03-16 11:18:00,DONATION1045,,,POSTED,
TXN7CC332C07B,BB011,B+,RBC,DONATION,2.0,2025-03-16 11:49:00,DONATION1045,,,POSTED,
TXNF3C6586503,BB018,O+,RBC,DONATION,1.0,2025-03-16 12:02:00,DONATION0407,,,POSTED,
TXNCB4299C1C6,BB014,B+,RBC,DONATION,1.0,2025-03-16 12:56:00,DONATION0166,,,POSTED,
TXNDCF0F951B1,BB013,A+,RBC,DONATION,1.0,2025-03-16 14:25:00,DONATION0665,,,POSTED,
TXN274802C307,BB009,B+,Plasma,DONATION,1.0,2025-03-16 15:54:00,DONATION0573,,,POSTED,
TXN340483943D,BB005,O+,RBC,DONATION,1.0,2025-03-16 16:34:00,DONATION1062,,,POSTED,
TXN9F259D9273,BB009,B+,Platelets,DONATION,1.0,2025-03-16 16:46:00,DONATION0573,,,POSTED,
TXNE09524BA3E,BB010,O+,RBC,DONATION,2.0,2025-03-16 17:34:00,DONATION0637,,,POSTED,
TXN878B1D6771,BB014,B+,Plasma,DONATION,1.0,2025-03-16 17:44:00,DONATION0166,,,POSTED,
TXN2B89CB66A1,BB011,B+,Platelets,DONATION,2.0,2025-03-16 18:04:00,DONATION1045,,,POSTED,
TXN2D477A153B,BB009,B+,RBC,DONATION,1.0,2025-03-16 18:05:00,DONATION0573,,,POSTED,
TXN50F7E41FA0,BB018,O+,Plasma,DONATION,1.0,2025-03-16 18:12:00,DONATION0407,,,POSTED,
TXN0788FA3F03,BB005,O+,Platelets,DONATION,1.0,2025-03-16 18:40:00,DONATION1062,,,POSTED,
TXN78AF61FFDF,BB005,O+,Platelets,ISSUE,1.0,2025-03-17 08:47:00,,,,POSTED,ISSUED59351C3CD
TXN1BDFAC2CA4,BB012,B+,Platelets,DONATION,1.0,2025-03-17 13:44:00,DONATION0643,,,POSTED,
TXND9585293DC,BB012,B+,Plasma,DONATION,1.0,2025-03-17 14:34:00,DONATION0643,,,POSTED,
TXN5EA1C977D8,BB020,B+,RBC,DONATION,1.0,2025-03-17 14:55:00,DONATION0210,,,POSTED,
TXN365A02C5AD,BB011,O+,RBC,ISSUE,1.0,2025-03-17 15:36:00,,,,POSTED,ISSUE6DB47C9DE5
TXNE3896E996D,BB020,B+,Plasma,DONATION,1.0,2025-03-17 16:52:00,DONATION0210,,,POSTED,
TXN58AE45BE44,BB012,B+,RBC,DONATION,1.0,2025-03-17 16:59:00,DONATION0643,,,POSTED,
TXNB4462A2211,BB010,O+,Plasma,ISSUE,4.0,2025-03-17 18:44:00,,,,POSTED,ISSUECDF28BBA44
TXN0C402AFE48,BB014,B+,Plasma,ISSUE,1.0,2025-03-18 14:11:00,,,,POSTED,ISSUEEEACBEB1EA
TXNF826F1903F,BB012,B+,Plasma,ISSUE,2.0,2025-03-18 14:27:00,,,,POSTED,ISSUE3A42B638A2
TXN588399F44E,BB004,O-,RBC,DONATION,2.0,2025-03-19 09:28:00,DONATION0693,,,POSTED,
TXNC647269BDA,BB004,O-,Plasma,DONATION,2.0,2025-03-19 09:49:00,DONATION0693,,,POSTED,
TXN0CE9D73161,BB013,AB+,Plasma,DONATION,3.0,2025-03-19 12:01:00,DONATION1058,,,POSTED,
TXN18E6425477,BB013,AB+,RBC,DONATION,3.0,2025-03-19 12:34:00,DONATION1058,,,POSTED,
TXNF7470E9CC4,BB004,AB+,RBC,DONATION,1.0,2025-03-19 13:02:00,DONATION1776,,,POSTED,
TXN44D43EAE26,BB004,AB+,Plasma,DONATION,1.0,2025-03-19 15:42:00,DONATION1776,,,POSTED,
TXNBE9B190160,BB019,B-,Plasma,DONATION,1.0,2025-03-20 10:54:00,DONATION1947,,,POSTED,
TXN1D44B747DE,BB019,B-,RBC,DONATION,1.0,2025-03-20 16:17:00,DONATION1947,,,POSTED,
TXN0CEF05F0E0,BB010,O+,RBC,ISSUE,4.0,2025-03-21 08:12:00,,,,POSTED,ISSUEE19FABA575
TXNB5054DA2C6,BB011,A+,RBC,DONATION,1.0,2025-03-21 11:47:00,DONATION1037,,,POSTED,
TXNC0C141BEE2,BB011,A+,Platelets,DONATION,1.0,2025-03-21 16:50:00,DONATION1037,,,POSTED,
TXNDFA8BACEFE,BB011,A+,Plasma,DONATION,1.0,2025-03-21 18:35:00,DONATION1037,,,POSTED,
TXN0082646DA2,BB006,A+,Platelets,DONATION,1.0,2025-03-22 08:43:00,DONATION0798,,,POSTED,
TXN07A4AD7155,BB015,A+,Platelets,DONATION,2.0,2025-03-22 09:22:00,DONATION0008,,,POSTED,
TXND145D74DA7,BB006,A+,RBC,DONATION,1.0,2025-03-22 10:05:00,DONATION0798,,,POSTED,
TXN146C3D4A2B,BB006,A+,Plasma,DONATION,1.0,2025-03-22 11:22:00,DONATION0798,,,POSTED,
TXN0E97F6626E,BB015,A+,RBC,DONATION,2.0,2025-03-22 11:48:00,DONATION0008,,,POSTED,
TXNBDF6F61091,BB015,A+,Plasma,DONATION,2.0,2025-03-22 13:06:00,DONATION0008,,,POSTED,
TXNDB1506177B,BB004,O-,Plasma,ISSUE,1.0,2025-03-22 13:51:00,,,,POSTED,ISSUE25F9F73315
TXNB348ABCDD0,BB020,B-,Plasma,DONATION,1.0,2025-03-22 13:56:00,DONATION1832,,,POSTED,
TXN2BE04BA785,BB020,B-,RBC,DONATION,1.0,2025-03-22 15:40:00,DONATION1832,,,POSTED,
TXN70898CD5EE,BB001,A-,RBC,DONATION,2.0,2025-03-24 10:02:00,DONATION0811,,,POSTED,
TXNB14750AA5B,BB009,B+,Platelets,ISSUE,1.0,2025-03-24 13:00:00,,,,POSTED,ISSUECA2CB4D31A
TXN996086B313,BB001,A-,Plasma,DONATION,2.0,2025-03-24 17:39:00,DONATION0811,,,POSTED,
TXN7BA30D8F90,BB017,O+,Plasma,DONATION,1.0,2025-03-26 08:17:00,DONATION1293,,,POSTED,
TXNC8B9BB4469,BB017,O+,RBC,DONATION,1.0,2025-03-26 09:29:00,DONATION1293,,,POSTED,
TXN5EAF003E1C,BB020,B-,RBC,ISSUE,1.0,2025-03-26 10:01:00,,,,POSTED,ISSUE471D54618B
TXN7B7F5FCC33,BB015,O-,Plasma,DONATION,1.0,2025-03-26 10:03:00,DONATION1848,,,POSTED,
TXN3422FDEA5D,BB015,O-,RBC,DONATION,1.0,2025-03-26 12:44:00,DONATION1848,,,POSTED,
TXNFA7E6315B7,BB018,O+,RBC,ISSUE,2.0,2025-03-26 13:15:00,,,,POSTED,ISSUEDB58C4D47E
TXN43DD39E1BE,BB015,O-,Platelets,DONATION,1.0,2025-03-26 14:38:00,DONATION1848,,,POSTED,
TXN2C1A09D52D,BB017,O+,Platelets,DONATION,1.0,2025-03-26 14:52:00,DONATION1293,,,POSTED,
TXN7BBB9A1F7E,BB017,O+,RBC,DONATION,1.0,2025-03-26 16:11:00,DONATION1293,,,POSTED,
TXN8C4F4833BA,BB017,O+,Plasma,DONATION,1.0,2025-03-26 18:03:00,DONATION1293,,,POSTED,
TXN25F5E8EB56,BB011,A+,Plasma,ISSUE,2.0,2025-03-27 13:26:00,,,,POSTED,ISSUE322ABA2D1C
TXNBCDF98A824,BB006,A+,RBC,ISSUE,3.0,2025-03-28 09:19:00,,,,POSTED,ISSUE4A47C2D05B
TXNEC2C7FC452,BB011,A+,RBC,ISSUE,1.0,2025-03-28 13:17:00,,,,POSTED,ISSUEE196B4A127
TXN603A2B3082,BB002,A+,RBC,DONATION,1.0,2025-03-29 10:47:00,DONATION1076,,,POSTED,
TXNB822203973,BB004,O-,RBC,ISSUE,1.0,2025-03-29 14:29:00,,,,POSTED,ISSUE1D9CD45C1B
TXN6FDEB92BCE,BB002,A+,Plasma,DONATION,1.0,2025-03-29 14:50:00,DONATION1076,,,POSTED,
TXN4214475717,BB010,AB-,Plasma,DONATION,1.0,2025-03-29 15:20:00,DONATION0065,,,POSTED,
TXN93025CE475,BB017,O+,Plasma,ISSUE,2.0,2025-03-29 16:48:00,,,,POSTED,ISSUEC937000963
TXNF3E40A41E3,BB010,AB-,RBC,DONATION,1.0,2025-03-29 18:19:00,DONATION0065,,,POSTED,
TXN74D0961718,BB015,O+,Platelets,DONATION,2.0,2025-03-30 10:02:00,DONATION1527,,,POSTED,
TXNEFDC5F67D5,BB008,O+,Plasma,DONATION,1.0,2025-03-30 10:48:00,DONATION1339,,,POSTED,
TXN565C5EF391,BB011,B+,Plasma,DONATION,1.0,2025-03-30 11:19:00,DONATION0570,,,POSTED,
TXN8CF8B756F8,BB011,B+,RBC,DONATION,1.0,2025-03-30 11:54:00,DONATION0570,,,POSTED,
TXNBF4F6664C0,BB015,O+,RBC,DONATION,2.0,2025-03-30 13:26:00,DONATION1527,,,POSTED,
TXNF9A9383EF8,BB013,O-,Plasma,DONATION,1.0,2025-03-30 13:43:00,DONATION0357,,,POSTED,
TXNE0664F9C0C,BB015,O+,Plasma,DONATION,2.0,2025-03-30 13:51:00,DONATION1527,,,POSTED,
TXNEB8C58D021,BB013,O-,RBC,DONATION,1.0,2025-03-30 14:49:00,DONATION0357,,,POSTED,
TXNB96879CECB,BB008,O+,RBC,DONATION,1.0,2025-03-30 18:23:00,DONATION1339,,,POSTED,
TXNC0B7DBDAFA,BB006,A+,Platelets,ISSUE,2.0,2025-03-31 15:00:00,,,,POSTED,ISSUEAAB3D5390D
TXN939B875ADE,BB008,B+,RBC,DONATION,2.0,2025-04-01 08:05:00,DONATION0450,,,POSTED,
TXN5A03191A85,BB008,B+,Plasma,DONATION,2.0,2025-04-01 08:41:00,DONATION0450,,,POSTED,
TXNF06FF76233,BB012,A+,RBC,DONATION,1.0,2025-04-01 09:11:00,DONATION1085,,,POSTED,
TXNFD3B01BC15,BB002,A+,RBC,ISSUE,2.0,2025-04-01 10:19:00,,,,POSTED,ISSUE781A9CFC28
TXN5B24FF959C,BB014,O+,Platelets,DONATION,1.0,2025-04-01 15:11:00,DONATION0876,,,POSTED,
TXN15D3614832,BB014,O+,Plasma,DONATION,1.0,2025-04-01 17:09:00,DONATION0876,,,POSTED,
TXN5245ECBD52,BB014,O+,RBC,DONATION,1.0,2025-04-01 17:43:00,DONATION0876,,,POSTED,
TXN9A8C3B202C,BB015,O+,Plasma,ISSUE,3.0,2025-04-01 18:38:00,,,,POSTED,ISSUEF2DDC220E7
TXNF9BBFF5821,BB012,A+,Plasma,DONATION,1.0,2025-04-01 18:51:00,DONATION1085,,,POSTED,
TXN2DFB19FDA3,BB010,O+,RBC,DONATION,2.0,2025-04-03 08:28:00,DONATION1961,,,POSTED,
TXN8768A57B85,BB014,O+,Platelets,ISSUE,2.0,2025-04-03 09:12:00,,,,POSTED,ISSUE3FDBEC2D4A
TXN526C261C2A,BB010,O+,Plasma,DONATION,2.0,2025-04-03 10:49:00,DONATION1961,,,POSTED,
TXN57A208FE31,BB010,O+,Platelets,DONATION,2.0,2025-04-03 16:04:00,DONATION1961,,,POSTED,
TXN1A1ABDD654,BB008,A+,RBC,DONATION,1.0,2025-04-04 11:03:00,DONATION0502,,,POSTED,
TXN766ADCBF50,BB020,A+,Platelets,DONATION,1.0,2025-04-04 11:17:00,DONATION0492,,,POSTED,
TXN2345827A0E,BB020,A+,Plasma,DONATION,1.0,2025-04-04 12:39:00,DONATION0492,,,POSTED,
TXN9B1EB9E955,BB013,O-,RBC,ISSUE,1.0,2025-04-04 16:04:00,,,,POSTED,ISSUED4B48BC2AC
TXN89BEF665A8,BB020,A+,RBC,DONATION,1.0,2025-04-04 18:41:00,DONATION0492,,,POSTED,
TXNDB0470DA97,BB008,A+,Plasma,DONATION,1.0,2025-04-04 18:57:00,DONATION0502,,,POSTED,
TXN03D92CAFD3,BB003,O-,RBC,DONATION,2.0,2025-04-05 08:41:00,DONATION1838,,,POSTED,
TXN09C6C50117,BB017,O+,RBC,ISSUE,1.0,2025-04-05 15:46:00,,,,POSTED,ISSUECB79FC0818
TXN51AD26E993,BB003,O-,Plasma,DONATION,2.0,2025-04-05 18:11:00,DONATION1838,,,POSTED,
TXN78C7D0573D,BB010,O+,Plasma,ISSUE,1.0,2025-04-06 11:20:00,,,,POSTED,ISSUE10826AED4E
TXN706715D9E3,BB008,B+,Plasma,ISSUE,2.0,2025-04-06 18:08:00,,,,POSTED,ISSUE807CEE3730
TXN66583125D9,BB002,A+,RBC,DONATION,2.0,2025-04-07 11:18:00,DONATION1782,,,POSTED,
TXN21C6F48211,BB010,AB-,Plasma,ISSUE,1.0,2025-04-07 11:23:00,,,,POSTED,ISSUEE13C0F7477
TXNDE40080228,BB002,A+,Plasma,DONATION,2.0,2025-04-07 12:03:00,DONATION1782,,,POSTED,
TXNA9442C1514,BB002,A+,Platelets,DONATION,2.0,2025-04-07 17:25:00,DONATION1782,,,POSTED,
TXN14AA977197,BB009,AB-,RBC,EXPIRY,1.0,2025-04-07 17:51:00,,,,POSTED,
TXN72CD19A6A7,BB004,A+,Platelets,DONATION,1.0,2025-04-08 09:19:00,DONATION1341,,,POSTED,
TXNA1032A7776,BB004,A+,RBC,DONATION,1.0,2025-04-08 10:55:00,DONATION1341,,,POSTED,
TXNB83C1286FA,BB004,A+,Plasma,DONATION,1.0,2025-04-08 12:00:00,DONATION1341,,,POSTED,
TXN484935599A,BB014,AB+,RBC,DONATION,1.0,2025-04-09 10:24:00,DONATION0274,,,POSTED,
TXN26B4EC0F2A,BB017,A+,RBC,DONATION,1.0,2025-04-09 13:07:00,DONATION1595,,,POSTED,
TXN6BC12554DA,BB014,AB+,Plasma,DONATION,1.0,2025-04-09 15:23:00,DONATION0274,,,POSTED,
TXN566464E185,BB020,A+,Plasma,ISSUE,4.0,2025-04-09 18:31:00,,,,POSTED,ISSUE27812A6AAA
TXNFF9123F8C5,BB017,A+,Plasma,DONATION,1.0,2025-04-09 18:36:00,DONATION1595,,,POSTED,
TXNAD3C0F7E1C,BB003,O-,Plasma,ISSUE,1.0,2025-04-10 08:31:00,,,,POSTED,ISSUE5CD9C26F70
TXN81EEF6FF0B,BB003,B-,RBC,DONATION,1.0,2025-04-10 12:56:00,DONATION1179,,,POSTED,
TXN7794A32741,BB003,B-,Plasma,DONATION,1.0,2025-04-10 16:52:00,DONATION1179,,,POSTED,
TXNA3DE98A786,BB016,A+,Platelets,DONATION,1.0,2025-04-11 11:10:00,DONATION0863,,,POSTED,
TXNDEC247B86C,BB016,A+,Plasma,DONATION,1.0,2025-04-11 15:12:00,DONATION0863,,,POSTED,
TXNF81902BF4E,BB017,A+,RBC,ISSUE,1.0,2025-04-11 16:57:00,,,,POSTED,ISSUE357F6D3763
TXNF5FED67585,BB012,A+,RBC,ISSUE,2.0,2025-04-11 18:31:00,,,,POSTED,ISSUEC2478CEE07
TXNDAEA6CB9C1,BB016,A+,RBC,DONATION,1.0,2025-04-11 18:38:00,DONATION0863,,,POSTED,
TXN597AB698BF,BB003,O-,RBC,ISSUE,1.0,2025-04-11 18:50:00,,,,POSTED,ISSUE264FFFA83C
TXNF3DBFC8A86,BB017,AB+,RBC,DONATION,1.0,2025-04-12 09:21:00,DONATION1460,,,POSTED,
TXN0FC341F976,BB017,AB+,Plasma,DONATION,1.0,2025-04-12 15:56:00,DONATION1460,,,POSTED,
TXNC33A07AA3C,BB017,AB+,Platelets,DONATION,1.0,2025-04-12 16:49:00,DONATION1460,,,POSTED,
TXND1AFB4E73A,BB003,A-,Plasma,EXPIRY,1.0,2025-04-13 10:02:00,,,,POSTED,
TXNDE77D18E11,BB002,O+,Plasma,DONATION,1.0,2025-04-14 08:30:00,DONATION1589,,,POSTED,
TXNF8D577BBC6,BB016,A+,Plasma,DONATION,1.0,2025-04-14 10:04:00,DONATION0998,,,POSTED,
TXN0E540AD528,BB002,O+,RBC,DONATION,1.0,2025-04-14 15:41:00,DONATION1589,,,POSTED,
TXNA514975ADD,BB016,A+,RBC,DONATION,1.0,2025-04-14 15:55:00,DONATION0998,,,POSTED,
TXNEC6F0FCFD8,BB010,O+,RBC,DONATION,1.0,2025-04-15 08:00:00,DONATION0997,,,POSTED,
TXN55E07D5108,BB002,O+,RBC,ISSUE,2.0,2025-04-15 08:59:00,,,,POSTED,ISSUE82FDA1978E
TXN2216CAA650,BB016,O+,Plasma,DONATION,1.0,2025-04-15 09:07:00,DONATION1593,,,POSTED,
TXN1B5AE1E83E,BB016,B+,Platelets,DONATION,1.0,2025-04-15 09:16:00,DONATION1112,,,POSTED,
TXNA9A90C6A14,BB016,O+,RBC,DONATION,1.0,2025-04-15 09:52:00,DONATION1593,,,POSTED,
TXN31956B1505,BB008,AB+,RBC,DONATION,3.0,2025-04-15 10:26:00,DONATION1177,,,POSTED,
TXN355EA7AC8B,BB016,B+,Plasma,DONATION,1.0,2025-04-15 11:48:00,DONATION1112,,,POSTED,
TXN9F2EFA8F74,BB015,A-,Plasma,DONATION,2.0,2025-04-15 12:31:00,DONATION0462,,,POSTED,
TXNE4C9D8BB0D,BB016,B+,RBC,DONATION,1.0,2025-04-15 13:02:00,DONATION1112,,,POSTED,
TXN88C894BDDA,BB015,A-,Platelets,DONATION,2.0,2025-04-15 14:32:00,DONATION0462,,,POSTED,
TXNFEA642A9BE,BB015,A-,RBC,DONATION,2.0,2025-04-15 15:31:00,DONATION0462,,,POSTED,
TXNEE1674820F,BB010,O+,Platelets,DONATION,1.0,2025-04-15 15:54:00,DONATION0997,,,POSTED,
TXNDF89C7ACD3,BB008,AB+,Plasma,DONATION,3.0,2025-04-15 16:06:00,DONATION1177,,,POSTED,
TXN86804CC9EC,BB016,O+,Platelets,DONATION,1.0,2025-04-15 17:14:00,DONATION1593,,,POSTED,
TXN3830B62708,BB002,A+,RBC,ISSUE,1.0,2025-04-15 17:44:00,,,,POSTED,ISSUE59B3C4D1FA
TXND735C2992A,BB010,O+,Plasma,DONATION,1.0,2025-04-15 18:59:00,DONATION0997,,,POSTED,
TXN08F44A5BC2,BB016,A+,Platelets,EXPIRY,1.0,2025-04-16 12:13:00,,,,POSTED,
TXN315984A267,BB013,O+,Plasma,DONATION,1.0,2025-04-17 08:03:00,DONATION0961,,,POSTED,
TXN6F9E4F57F4,BB017,O+,RBC,DONATION,1.0,2025-04-17 09:12:00,DONATION1732,,,POSTED,
TXN6EBC65E299,BB009,O+,RBC,DONATION,1.0,2025-04-17 09:47:00,DONATION1906,,,POSTED,
TXN23B7E4AD61,BB007,B+,Plasma,DONATION,1.0,2025-04-17 10:06:00,DONATION1818,,,POSTED,
TXN7FA31DECE1,BB003,B-,Plasma,DONATION,2.0,2025-04-17 10:39:00,DONATION0134,,,POSTED,
TXN71121CCE67,BB009,O+,Platelets,DONATION,1.0,2025-04-17 10:53:00,DONATION1906,,,POSTED,
TXNCBC63C49B2,BB017,O+,Platelets,DONATION,1.0,2025-04-17 10:54:00,DONATION1732,,,POSTED,
TXN947F16D898,BB017,O+,RBC,DONATION,1.0,2025-04-17 11:11:00,DONATION1732,,,POSTED,
TXNBAAD4020FE,BB007,B+,Platelets,DONATION,1.0,2025-04-17 12:28:00,DONATION1818,,,POSTED,
TXNEEEB009D38,BB007,B+,RBC,DONATION,1.0,2025-04-17 14:13:00,DONATION1818,,,POSTED,
TXN3892913126,BB017,AB+,RBC,ISSUE,1.0,2025-04-17 14:36:00,,,,POSTED,ISSUE1E658EC4FF
TXNACC19E2767,BB003,B-,RBC,DONATION,2.0,2025-04-17 15:58:00,DONATION0134,,,POSTED,
TXN9FFB887D1A,BB008,AB+,Plasma,ISSUE,1.0,2025-04-17 16:51:00,,,,POSTED,ISSUEA6AA3C6DFB
TXNFEA61C70D1,BB017,O+,Plasma,DONATION,1.0,2025-04-17 17:34:00,DONATION1732,,,POSTED,
TXNDE2885F501,BB004,A+,Platelets,ISSUE,1.0,2025-04-17 18:07:00,,,,POSTED,ISSUECEE593C6CB
TXNEA45BD5B5A,BB017,O+,Plasma,DONATION,1.0,2025-04-17 18:22:00,DONATION1732,,,POSTED,
TXNA85FA310E3,BB009,O+,Plasma,DONATION,1.0,2025-04-17 18:29:00,DONATION1906,,,POSTED,
TXNB40C7CC752,BB013,O+,RBC,DONATION,1.0,2025-04-17 18:53:00,DONATION0961,,,POSTED,
TXNC76411F978,BB013,A+,RBC,DONATION,2.0,2025-04-18 09:08:00,DONATION1374,,,POSTED,
TXN63D5F2733D,BB004,A+,RBC,ISSUE,6.0,2025-04-18 09:38:00,,,,POSTED,ISSUE231BE5E856
TXN270347A4F4,BB013,A+,Plasma,DONATION,2.0,2025-04-18 10:01:00,DONATION1374,,,POSTED,
TXNA80D611B6A,BB017,AB+,Platelets,ISSUE,1.0,2025-04-18 10:58:00,,,,POSTED,ISSUE110914A56F
TXNF1AFAA0043,BB003,B-,Plasma,ISSUE,1.0,2025-04-18 12:08:00,,,,POSTED,ISSUEFA0472D1F6
TXN50C4B31BE3,BB016,A+,Platelets,ISSUE,1.0,2025-04-19 11:08:00,,,,POSTED,ISSUEFB60E87818
TXN1D8BB1B655,BB003,B-,RBC,ISSUE,1.0,2025-04-19 15:04:00,,,,POSTED,ISSUE06CD3AA637
TXN0C19A2F5DD,BB008,AB+,RBC,ISSUE,1.0,2025-04-19 15:46:00,,,,POSTED,ISSUE2D7FA1064E
TXND23EC17261,BB013,A+,RBC,ISSUE,2.0,2025-04-20 13:48:00,,,,POSTED,ISSUE4A59AB1CE9
TXNF49B703833,BB015,A+,RBC,DONATION,1.0,2025-04-20 14:49:00,DONATION1306,,,POSTED,
TXN884157B902,BB015,A+,Plasma,DONATION,1.0,2025-04-20 16:59:00,DONATION1306,,,POSTED,
TXNB99ECFE311,BB002,O+,Plasma,ISSUE,1.0,2025-04-21 08:28:00,,,,POSTED,ISSUE32590B3B77
TXNBE2B17442D,BB016,O+,RBC,ISSUE,2.0,2025-04-23 10:01:00,,,,POSTED,ISSUE9CCB1C009D
TXN70E91A2E71,BB009,O+,Plasma,ISSUE,1.0,2025-04-23 11:45:00,,,,POSTED,ISSUEA5AF0D9EF8
TXN4B3023129B,BB013,O+,Plasma,DONATION,1.0,2025-04-23 12:49:00,DONATION0375,,,POSTED,
TXN232D2F8FFF,BB014,B+,Plasma,DONATION,1.0,2025-04-23 13:04:00,DONATION1445,,,POSTED,
TXNC062C2AB4E,BB014,B+,RBC,DONATION,1.0,2025-04-23 13:51:00,DONATION1445,,,POSTED,
TXN0145579E70,BB013,O+,Plasma,DONATION,1.0,2025-04-23 14:01:00,DONATION0375,,,POSTED,
TXN4A7A7F03E7,BB013,O+,RBC,DONATION,1.0,2025-04-23 14:11:00,DONATION0375,,,POSTED,
TXNB1109C9EC0,BB015,O+,RBC,DONATION,2.0,2025-04-23 15:07:00,DONATION1933,,,POSTED,
TXN42D82321FC,BB015,O+,Plasma,DONATION,2.0,2025-04-23 15:39:00,DONATION1933,,,POSTED,
TXNE65F521B8D,BB013,O+,RBC,DONATION,1.0,2025-04-23 15:49:00,DONATION0375,,,POSTED,
TXND4A0C79614,BB013,O+,Platelets,DONATION,1.0,2025-04-23 16:26:00,DONATION0375,,,POSTED,
TXN85D1E44E98,BB010,O+,RBC,ISSUE,2.0,2025-04-23 17:45:00,,,,POSTED,ISSUEB33F965709
TXN2EEFBDE3FE,BB011,A-,RBC,DONATION,1.0,2025-04-24 08:59:00,DONATION1998,,,POSTED,
TXN1C47DA7353,BB003,B-,RBC,ISSUE,1.0,2025-04-24 09:04:00,,,,POSTED,ISSUE2DD40D32F7
TXNCE96CB5524,BB011,A-,Platelets,DONATION,1.0,2025-04-24 10:52:00,DONATION1998,,,POSTED,
TXN091FE9EA9C,BB010,O+,Plasma,ISSUE,2.0,2025-04-24 12:10:00,,,,POSTED,ISSUE491FD4C9B4
TXN52D2C24B76,BB011,A-,Plasma,DONATION,1.0,2025-04-24 12:56:00,DONATION1998,,,POSTED,
TXN3EEAE9A31D,BB013,O+,Plasma,ISSUE,2.0,2025-04-24 17:30:00,,,,POSTED,ISSUED207251A07
TXNB659385BC5,BB007,A-,RBC,DONATION,1.0,2025-04-25 10:12:00,DONATION1510,,,POSTED,
TXNA812E3F1E3,BB007,A-,Plasma,DONATION,1.0,2025-04-25 16:24:00,DONATION1510,,,POSTED,
TXN592D8209A0,BB015,A+,Plasma,ISSUE,2.0,2025-04-25 16:46:00,,,,POSTED,ISSUE08C3AECAB2
TXNDDA2642D97,BB012,B-,RBC,DONATION,1.0,2025-04-26 08:02:00,DONATION0241,,,POSTED,
TXNC2525A933B,BB003,A-,Plasma,DONATION,1.0,2025-04-26 09:19:00,DONATION0364,,,POSTED,
TXN0D194ABAA2,BB015,A+,RBC,ISSUE,3.0,2025-04-26 10:24:00,,,,POSTED,ISSUEBDEDC376AE
TXN4C92DFE2EC,BB003,A-,RBC,DONATION,1.0,2025-04-26 10:38:00,DONATION0364,,,POSTED,
TXNB7E5A66935,BB013,B-,RBC,EXPIRY,1.0,2025-04-26 10:54:00,,,,POSTED,
TXN8972C597D5,BB013,O+,RBC,ISSUE,1.0,2025-04-26 11:09:00,,,,POSTED,ISSUEEAB0176563
TXN194236EE78,BB012,B-,Platelets,DONATION,1.0,2025-04-26 13:23:00,DONATION0241,,,POSTED,
TXN9A1EC7214E,BB012,B-,Plasma,DONATION,1.0,2025-04-26 13:50:00,DONATION0241,,,POSTED,
TXNAC159D3F19,BB011,A-,RBC,ISSUE,1.0,2025-04-26 18:25:00,,,,POSTED,ISSUE41B6DB8AF5
TXN37269D2F08,BB017,O+,Plasma,ISSUE,2.0,2025-04-27 09:07:00,,,,POSTED,ISSUEF4B3761AF7
TXNE1B2E41370,BB013,A+,RBC,DONATION,1.0,2025-04-27 09:32:00,DONATION0611,,,POSTED,
TXND85C773433,BB010,B-,RBC,DONATION,1.0,2025-04-27 10:04:00,DONATION0897,,,POSTED,
TXN1A2C641881,BB013,A+,Platelets,DONATION,1.0,2025-04-27 11:53:00,DONATION0611,,,POSTED,
TXN7FCDE0665C,BB010,B-,Plasma,DONATION,1.0,2025-04-27 12:45:00,DONATION0897,,,POSTED,
TXND2E0A22A8D,BB013,A+,Plasma,DONATION,1.0,2025-04-27 13:03:00,DONATION0611,,,POSTED,
TXN928FBE53D0,BB011,O+,Plasma,DONATION,1.0,2025-04-27 15:12:00,DONATION1760,,,POSTED,
TXNB36ABAD56F,BB011,O+,Platelets,DONATION,1.0,2025-04-27 15:31:00,DONATION1760,,,POSTED,
TXNBB42CA3F68,BB011,O+,RBC,DONATION,1.0,2025-04-27 15:50:00,DONATION1760,,,POSTED,
TXN5FDBB5E002,BB012,A-,RBC,DONATION,2.0,2025-04-28 08:53:00,DONATION1438,,,POSTED,
TXNA947D3C212,BB012,A-,Plasma,DONATION,2.0,2025-04-28 10:12:00,DONATION1438,,,POSTED,
TXN82EFE699B6,BB003,A+,Plasma,DONATION,1.0,2025-04-28 13:04:00,DONATION0358,,,POSTED,
TXN7EC480AA79,BB003,A-,RBC,ISSUE,1.0,2025-04-28 13:39:00,,,,POSTED,ISSUED044174B1A
TXN556C008E14,BB012,A-,Platelets,DONATION,2.0,2025-04-28 13:59:00,DONATION1438,,,POSTED,
TXN5C6CB705C6,BB003,A+,Platelets,DONATION,1.0,2025-04-28 16:43:00,DONATION0358,,,POSTED,
TXN1A12D14523,BB003,A+,RBC,DONATION,1.0,2025-04-28 18:41:00,DONATION0358,,,POSTED,
TXN62113EC668,BB012,A-,Plasma,ISSUE,1.0,2025-04-29 10:36:00,,,,POSTED,ISSUECA1B1A25A7
TXN91E4E650E5,BB012,B-,Platelets,ISSUE,1.0,2025-04-29 17:34:00,,,,POSTED,ISSUE1482A15275
TXNADB260F297,BB002,B+,RBC,DONATION,1.0,2025-04-30 12:20:00,DONATION1908,,,POSTED,
TXNEC0FE51713,BB002,A+,Plasma,DONATION,1.0,2025-04-30 15:23:00,DONATION1192,,,POSTED,
TXN4317054B10,BB002,A+,RBC,DONATION,1.0,2025-04-30 16:02:00,DONATION1192,,,POSTED,
TXN3D0EFE2B06,BB002,B+,Plasma,DONATION,1.0,2025-04-30 17:46:00,DONATION1908,,,POSTED,
TXN4F1EB8F747,BB002,B+,Platelets,DONATION,1.0,2025-04-30 18:28:00,DONATION1908,,,POSTED,
TXN14057CA4F4,BB013,O+,Plasma,ISSUE,1.0,2025-05-01 08:52:00,,,,POSTED,ISSUE51598AA138
TXN6EE36B5A43,BB001,B-,RBC,DONATION,1.0,2025-05-01 10:30:00,DONATION0204,,,POSTED,
TXN9CB5E9551C,BB004,AB+,Plasma,DONATION,1.0,2025-05-01 11:31:00,DONATION1537,,,POSTED,
TXN622008C721,BB001,B-,Platelets,DONATION,1.0,2025-05-01 12:11:00,DONATION0204,,,POSTED,
TXN485BFEB3E5,BB004,AB+,RBC,DONATION,1.0,2025-05-01 12:50:00,DONATION1537,,,POSTED,
TXN7E80E36A76,BB001,B-,Plasma,DONATION,1.0,2025-05-01 16:41:00,DONATION0204,,,POSTED,
TXNDA305B0FCC,BB004,AB+,Platelets,DONATION,1.0,2025-05-01 16:55:00,DONATION1537,,,POSTED,
TXNB6759A0A1A,BB010,O+,Plasma,DONATION,1.0,2025-05-01 17:01:00,DONATION1635,,,POSTED,
TXN484B5F3DBD,BB010,O+,RBC,DONATION,1.0,2025-05-01 17:47:00,DONATION1635,,,POSTED,
TXN76E8577DF5,BB011,O+,Platelets,ISSUE,2.0,2025-05-01 17:50:00,,,,POSTED,ISSUEB329D9C4E1
TXN30C903654C,BB002,A+,Plasma,ISSUE,2.0,2025-05-02 12:29:00,,,,POSTED,ISSUE5D0BF256A1
TXN0B58363811,BB002,B+,RBC,ISSUE,1.0,2025-05-02 14:36:00,,,,POSTED,ISSUE33F7734E5F
TXN814574DE52,BB008,O+,Plasma,DONATION,3.0,2025-05-03 08:31:00,DONATION0452,,,POSTED,
TXN34B60E40ED,BB018,O+,RBC,DONATION,1.0,2025-05-03 09:25:00,DONATION0703,,,POSTED,
TXNCD98526173,BB010,B+,Plasma,DONATION,1.0,2025-05-03 11:15:00,DONATION1231,,,POSTED,
TXNC6664463B4,BB018,O+,Platelets,DONATION,1.0,2025-05-03 13:29:00,DONATION0703,,,POSTED,
TXN0C6F5BBE79,BB010,B+,RBC,DONATION,1.0,2025-05-03 14:19:00,DONATION1231,,,POSTED,
TXN7071B25112,BB007,A-,RBC,ISSUE,1.0,2025-05-03 15:59:00,,,,POSTED,ISSUE410D1C6193
TXN28476AC39F,BB018,O+,Plasma,DONATION,1.0,2025-05-03 16:47:00,DONATION0703,,,POSTED,
TXN33561C0A07,BB008,O+,RBC,DONATION,3.0,2025-05-03 17:40:00,DONATION0452,,,POSTED,
TXNBB539370BC,BB015,A+,Plasma,DONATION,3.0,2025-05-04 08:48:00,DONATION0822,,,POSTED,
TXND33195DE2A,BB003,O+,Plasma,DONATION,1.0,2025-05-04 08:52:00,DONATION1004,,,POSTED,
TXNCDA2E22D6E,BB010,B+,RBC,ISSUE,1.0,2025-05-04 10:01:00,,,,POSTED,ISSUEDA1EE4809C
TXN8B98DB6DDF,BB015,A+,RBC,DONATION,3.0,2025-05-04 12:34:00,DONATION0822,,,POSTED,
TXNCA8EE2A858,BB003,O+,RBC,DONATION,1.0,2025-05-04 16:35:00,DONATION1004,,,POSTED,
TXN9EA94F1ECD,BB004,AB+,RBC,ISSUE,1.0,2025-05-04 16:57:00,,,,POSTED,ISSUE5C5F0999F3
TXN5622773A20,BB003,A+,Plasma,ISSUE,4.0,2025-05-04 17:26:00,,,,POSTED,ISSUED7019E86C5
TXN4EF951DB54,BB003,O+,Platelets,DONATION,1.0,2025-05-04 17:39:00,DONATION1004,,,POSTED,
TXNCF52D09250,BB007,A-,Plasma,ISSUE,1.0,2025-05-05 18:05:00,,,,POSTED,ISSUE13281FA663
TXNA76B3F8471,BB015,O+,Plasma,DONATION,1.0,2025-05-06 10:45:00,DONATION0432,,,POSTED,
TXNF230E8C513,BB003,A+,Plasma,DONATION,1.0,2025-05-06 10:48:00,DONATION0457,,,POSTED,
TXN3E11DDEEDA,BB011,O+,Plasma,ISSUE,1.0,2025-05-06 11:23:00,,,,POSTED,ISSUE542E31D404
TXN2A11117D5C,BB004,AB+,Platelets,EXPIRY,1.0,2025-05-06 12:29:00,,,,POSTED,
TXNCC45C83696,BB015,O+,RBC,DONATION,1.0,2025-05-06 12:54:00,DONATION0432,,,POSTED,
TXN23C285B689,BB003,A+,RBC,DONATION,1.0,2025-05-06 13:25:00,DONATION0457,,,POSTED,
TXN42C60A7920,BB001,B-,Platelets,ISSUE,1.0,2025-05-06 15:39:00,,,,POSTED,ISSUE4D9CB051D9
TXN52D4F1ECD5,BB003,A+,Platelets,DONATION,1.0,2025-05-06 16:06:00,DONATION0457,,,POSTED,
TXNEE4DF3E70D,BB008,O+,RBC,ISSUE,4.0,2025-05-06 17:21:00,,,,POSTED,ISSUE61082DB722
TXN28F2F7F4C7,BB009,B-,RBC,DONATION,1.0,2025-05-07 08:33:00,DONATION1996,,,POSTED,
TXN2C39353597,BB009,B-,Plasma,DONATION,1.0,2025-05-07 10:07:00,DONATION1996,,,POSTED,
TXNFD83F70A4E,BB009,B-,Platelets,DONATION,1.0,2025-05-07 13:19:00,DONATION1996,,,POSTED,
TXNAD5C7B4E6C,BB010,B-,Plasma,ISSUE,1.0,2025-05-07 13:50:00,,,,POSTED,ISSUED950A8DABC
TXN45AD3C9D2B,BB010,O+,Plasma,ISSUE,1.0,2025-05-07 16:09:00,,,,POSTED,ISSUEA9786CE427
TXND6D843E173,BB013,O+,RBC,DONATION,2.0,2025-05-07 16:22:00,DONATION0491,,,POSTED,
TXNE1AA9CA4D9,BB013,O+,Plasma,DONATION,2.0,2025-05-07 18:49:00,DONATION0491,,,POSTED,
TXN18E92F1C7B,BB001,B-,RBC,ISSUE,1.0,2025-05-08 12:32:00,,,,POSTED,ISSUED129CB3B7A
TXN102AF24D85,BB010,O+,RBC,ISSUE,1.0,2025-05-10 16:05:00,,,,POSTED,ISSUE25C42C52F7
TXNA85CD0AD2B,BB008,O+,Plasma,ISSUE,3.0,2025-05-11 17:35:00,,,,POSTED,ISSUED7FA0CDBF0
TXN6523F3AC9B,BB015,O+,RBC,ISSUE,3.0,2025-05-12 08:28:00,,,,POSTED,ISSUEC017BAED6C
TXN54F9B7D61A,BB012,O+,Plasma,DONATION,1.0,2025-05-12 09:30:00,DONATION0919,,,POSTED,
TXN07B12E5252,BB015,O-,Platelets,DONATION,1.0,2025-05-12 09:42:00,DONATION1940,,,POSTED,
TXN4B8858E3DB,BB010,A-,RBC,DONATION,1.0,2025-05-12 09:50:00,DONATION0302,,,POSTED,
TXNB5A4FC51C8,BB010,A-,Plasma,DONATION,1.0,2025-05-12 09:54:00,DONATION0302,,,POSTED,
TXN936E7E55FA,BB019,O+,RBC,DONATION,1.0,2025-05-12 10:24:00,DONATION1758,,,POSTED,
TXN1A2B7F4EE6,BB015,O-,Plasma,DONATION,1.0,2025-05-12 10:39:00,DONATION1940,,,POSTED,
TXN572A116018,BB019,O+,Platelets,DONATION,1.0,2025-05-12 12:39:00,DONATION1758,,,POSTED,
TXNF4DE34D5CB,BB012,O+,Platelets,DONATION,1.0,2025-05-12 12:40:00,DONATION0919,,,POSTED,
TXNACD19FFAE1,BB012,O+,RBC,DONATION,1.0,2025-05-12 12:43:00,DONATION0919,,,POSTED,
TXN5A24786A54,BB015,A+,Plasma,ISSUE,1.0,2025-05-12 14:24:00,,,,POSTED,ISSUEE05FD753A8
TXN87E3E8F887,BB015,O-,RBC,DONATION,1.0,2025-05-12 15:51:00,DONATION1940,,,POSTED,
TXNC8088989FC,BB003,O+,Platelets,ISSUE,2.0,2025-05-12 17:06:00,,,,POSTED,ISSUE8C02569457
TXNFDE26CCA4E,BB019,O+,Plasma,DONATION,1.0,2025-05-12 17:43:00,DONATION1758,,,POSTED,
TXN121204C6B8,BB001,A+,RBC,DONATION,1.0,2025-05-13 14:59:00,DONATION1795,,,POSTED,
TXNE256425C19,BB001,A+,Plasma,DONATION,1.0,2025-05-13 17:46:00,DONATION1795,,,POSTED,
TXN2CC664EDFF,BB013,B+,Platelets,DONATION,1.0,2025-05-14 11:15:00,DONATION0845,,,POSTED,
TXNB56536A511,BB013,B+,Plasma,DONATION,1.0,2025-05-14 13:28:00,DONATION0845,,,POSTED,
TXN698656E88F,BB003,A+,Platelets,ISSUE,1.0,2025-05-14 13:42:00,,,,POSTED,ISSUE983C25354A
TXNE6F518614B,BB017,O+,RBC,DONATION,2.0,2025-05-14 17:25:00,DONATION0923,,,POSTED,
TXN6D47E7A102,BB017,O+,Plasma,DONATION,2.0,2025-05-14 18:20:00,DONATION0923,,,POSTED,
TXN96CB5CF398,BB013,B+,RBC,DONATION,1.0,2025-05-14 18:46:00,DONATION0845,,,POSTED,
TXN43DA014019,BB006,A+,Platelets,DONATION,2.0,2025-05-15 10:21:00,DONATION1596,,,POSTED,
TXNA2C7C4C41D,BB006,A+,Plasma,DONATION,2.0,2025-05-15 11:48:00,DONATION1596,,,POSTED,
TXNCEF7C28D7B,BB006,A+,RBC,DONATION,2.0,2025-05-15 13:53:00,DONATION1596,,,POSTED,
TXN73918DEAC7,BB015,O+,Plasma,ISSUE,6.0,2025-05-15 14:48:00,,,,POSTED,ISSUE44179AD0B7
TXN75A471848D,BB013,B+,Platelets,ISSUE,1.0,2025-05-16 08:25:00,,,,POSTED,ISSUE0D327FCBAA
TXN363FC5351A,BB003,A+,Platelets,DONATION,2.0,2025-05-17 09:51:00,DONATION0800,,,POSTED,
TXN3A5CD4FD0C,BB001,A+,Plasma,ISSUE,2.0,2025-05-17 12:38:00,,,,POSTED,ISSUEB6E6A310D3
TXNF34617FCA2,BB006,A+,RBC,ISSUE,1.0,2025-05-17 14:44:00,,,,POSTED,ISSUED06CA00BD5
TXNF67F4CBB8B,BB003,A+,RBC,DONATION,2.0,2025-05-17 15:35:00,DONATION0800,,,POSTED,
TXNB64FD8C1C3,BB017,O+,Plasma,DONATION,1.0,2025-05-17 16:09:00,DONATION1587,,,POSTED,
TXNB91C1E2294,BB003,A+,Plasma,DONATION,2.0,2025-05-17 16:15:00,DONATION0800,,,POSTED,
TXNC0674D8339,BB017,O+,RBC,DONATION,1.0,2025-05-17 18:55:00,DONATION1587,,,POSTED,
TXN26FF330CDC,BB013,B+,Plasma,ISSUE,2.0,2025-05-18 11:05:00,,,,POSTED,ISSUE23A1B78F49
TXN0EBCB38449,BB010,A-,RBC,ISSUE,1.0,2025-05-18 17:33:00,,,,POSTED,ISSUE3FB3E1B2B8
TXNCEE185B572,BB003,A+,Platelets,ISSUE,1.0,2025-05-20 16:42:00,,,,POSTED,ISSUE23B9B8F613
TXN5DA376D589,BB016,B+,Platelets,DONATION,2.0,2025-05-21 12:28:00,DONATION0618,,,POSTED,
TXNC8379CAD0A,BB011,O+,Plasma,DONATION,2.0,2025-05-21 12:51:00,DONATION0009,,,POSTED,
TXN355248E786,BB016,B+,Plasma,DONATION,2.0,2025-05-21 13:06:00,DONATION0618,,,POSTED,
TXN26AE31B2E2,BB011,O+,RBC,DONATION,2.0,2025-05-21 13:38:00,DONATION0009,,,POSTED,
TXN5F13B78FF9,BB016,B+,RBC,DONATION,2.0,2025-05-21 14:20:00,DONATION0618,,,POSTED,
TXN17980294DA,BB011,O+,Platelets,DONATION,2.0,2025-05-21 15:34:00,DONATION0009,,,POSTED,
TXN1D6BDBA0AB,BB019,O+,Platelets,ISSUE,2.0,2025-05-22 12:44:00,,,,POSTED,ISSUE39929484B4
TXNCE53FC2AE2,BB009,A-,Platelets,DONATION,1.0,2025-05-23 11:56:00,DONATION0405,,,POSTED,
TXN17AAE28747,BB009,A-,Plasma,DONATION,1.0,2025-05-23 12:12:00,DONATION0405,,,POSTED,
TXND223EB2227,BB010,O-,RBC,DONATION,1.0,2025-05-23 12:14:00,DONATION0176,,,POSTED,
TXNEBFEA8D3F9,BB010,O-,Plasma,DONATION,1.0,2025-05-23 13:11:00,DONATION0176,,,POSTED,
TXNE2C9E0BA75,BB017,O+,RBC,ISSUE,5.0,2025-05-23 14:07:00,,,,POSTED,ISSUE592245DE59
TXN557416BDAC,BB009,A-,RBC,DONATION,1.0,2025-05-23 15:02:00,DONATION0405,,,POSTED,
TXN1F119A9828,BB010,O-,Platelets,DONATION,1.0,2025-05-23 16:08:00,DONATION0176,,,POSTED,
TXN46EBC366CC,BB006,A+,Platelets,ISSUE,3.0,2025-05-24 12:34:00,,,,POSTED,ISSUEEEC205D2FF
TXN7BE340E0A1,BB011,O+,RBC,ISSUE,3.0,2025-05-24 18:09:00,,,,POSTED,ISSUEEEA9E9C4D9
TXN0362764C33,BB010,O-,RBC,ISSUE,1.0,2025-05-24 18:41:00,,,,POSTED,ISSUED558FBD79E
TXN4A878BC2B7,BB009,A+,Plasma,DONATION,1.0,2025-05-25 09:53:00,DONATION1295,,,POSTED,
TXNA0CE5C2896,BB009,A+,Platelets,DONATION,1.0,2025-05-25 11:33:00,DONATION1295,,,POSTED,
TXNFC75D56605,BB013,A+,RBC,DONATION,1.0,2025-05-25 12:44:00,DONATION1039,,,POSTED,
TXN7040F3ECA3,BB004,B+,Plasma,DONATION,1.0,2025-05-25 14:06:00,DONATION0689,,,POSTED,
TXN23DD95F09C,BB009,A+,RBC,DONATION,1.0,2025-05-25 16:02:00,DONATION1295,,,POSTED,
TXN4DC6A5B718,BB004,B+,RBC,DONATION,1.0,2025-05-25 16:13:00,DONATION0689,,,POSTED,
TXN9F1B62E6D0,BB013,A+,Plasma,DONATION,1.0,2025-05-25 18:03:00,DONATION1039,,,POSTED,
TXN713FEC55B4,BB003,A+,RBC,ISSUE,3.0,2025-05-26 10:26:00,,,,POSTED,ISSUEAB81D6911F
TXN6D2B177E29,BB005,A+,Plasma,DONATION,3.0,2025-05-27 09:11:00,DONATION0523,,,POSTED,
TXN337BECBF47,BB005,A+,RBC,DONATION,3.0,2025-05-27 14:42:00,DONATION0523,,,POSTED,
TXN671872798B,BB009,A+,RBC,DONATION,1.0,2025-05-28 08:12:00,DONATION1390,,,POSTED,
TXNC697A4343B,BB003,O+,RBC,DONATION,1.0,2025-05-28 08:21:00,DONATION1009,,,POSTED,
TXN05D759CF14,BB004,A-,RBC,DONATION,1.0,2025-05-28 08:38:00,DONATION1605,,,POSTED,
TXNFB62659F0C,BB004,A-,Platelets,DONATION,1.0,2025-05-28 09:40:00,DONATION1605,,,POSTED,
TXN888991B0D9,BB004,A-,Plasma,DONATION,1.0,2025-05-28 10:45:00,DONATION1605,,,POSTED,
TXN77810A3430,BB009,A+,Plasma,DONATION,1.0,2025-05-28 12:28:00,DONATION1390,,,POSTED,
TXN255687D291,BB009,A+,Platelets,DONATION,1.0,2025-05-28 12:49:00,DONATION1390,,,POSTED,
TXN5BAAEA6DF4,BB003,O+,Plasma,DONATION,1.0,2025-05-28 13:53:00,DONATION1009,,,POSTED,
TXNA96B9B550F,BB008,A+,Plasma,DONATION,1.0,2025-05-28 14:52:00,DONATION1991,,,POSTED,
TXNFA97A6A835,BB008,A+,RBC,DONATION,1.0,2025-05-28 15:46:00,DONATION1991,,,POSTED,
TXNEDACE03687,BB008,A+,Platelets,DONATION,1.0,2025-05-28 16:08:00,DONATION1991,,,POSTED,
TXN4B91C83F5A,BB004,A-,Platelets,ISSUE,1.0,2025-05-29 15:43:00,,,,POSTED,ISSUE666366C886
TXN9E6A9952E9,BB005,A+,Plasma,ISSUE,3.0,2025-05-29 15:43:00,,,,POSTED,ISSUE5EDB521DED
TXN9B65CDA692,BB009,A+,RBC,ISSUE,2.0,2025-05-29 16:30:00,,,,POSTED,ISSUE773310DCC5
TXN0D5D710086,BB009,A-,RBC,ISSUE,1.0,2025-05-29 18:24:00,,,,POSTED,ISSUE51D6EC2610
TXN8354466EC2,BB008,A+,RBC,ISSUE,2.0,2025-05-30 10:25:00,,,,POSTED,ISSUE425D3CE9A3
TXN31F696AA9A,BB001,A+,Plasma,DONATION,2.0,2025-05-30 15:35:00,DONATION0686,,,POSTED,
TXN99C3D14435,BB001,A+,RBC,DONATION,2.0,2025-05-30 15:36:00,DONATION0686,,,POSTED,
TXNB99DE57E8C,BB005,B+,RBC,DONATION,1.0,2025-05-31 08:38:00,DONATION1406,,,POSTED,
TXND65671A0E5,BB009,A+,Plasma,ISSUE,2.0,2025-05-31 12:19:00,,,,POSTED,ISSUED15B7D716C
TXN3E77ECD187,BB008,A+,Plasma,ISSUE,1.0,2025-05-31 14:01:00,,,,POSTED,ISSUEBA79770903
TXNC0156D5DB7,BB005,B+,Plasma,DONATION,1.0,2025-05-31 15:15:00,DONATION1406,,,POSTED,
TXN7F8D84C5DD,BB003,O+,RBC,ISSUE,1.0,2025-05-31 16:41:00,,,,POSTED,ISSUED4083105E6
TXN8D5B628361,BB005,B+,Platelets,DONATION,1.0,2025-05-31 18:30:00,DONATION1406,,,POSTED,
TXNF312A2867B,BB001,O+,Platelets,DONATION,1.0,2025-06-01 15:02:00,DONATION0826,,,POSTED,
TXNA20540864C,BB001,O+,Plasma,DONATION,1.0,2025-06-01 15:34:00,DONATION0826,,,POSTED,
TXN60808F214A,BB001,O+,RBC,DONATION,1.0,2025-06-01 17:12:00,DONATION0826,,,POSTED,
TXN250163A09A,BB011,O+,RBC,DONATION,1.0,2025-06-02 10:20:00,DONATION0439,,,POSTED,
TXNCADE972603,BB015,B-,Plasma,EXPIRY,1.0,2025-06-02 11:42:00,,,,POSTED,
TXN7DC98C6789,BB011,O+,Plasma,DONATION,1.0,2025-06-02 18:04:00,DONATION0439,,,POSTED,
TXN6BC315F27C,BB011,O+,Platelets,DONATION,1.0,2025-06-02 18:33:00,DONATION0439,,,POSTED,
TXNC14223B82E,BB012,O+,RBC,DONATION,1.0,2025-06-03 10:05:00,DONATION0260,,,POSTED,
TXNBDD837BD27,BB002,O-,Plasma,DONATION,1.0,2025-06-03 11:49:00,DONATION0451,,,POSTED,
TXNA07BEF5785,BB012,O+,Plasma,DONATION,1.0,2025-06-03 12:20:00,DONATION0260,,,POSTED,
TXNA3F0D6ADB2,BB002,O-,RBC,DONATION,1.0,2025-06-03 12:41:00,DONATION0451,,,POSTED,
TXNAF8EB7179F,BB013,A+,Plasma,ISSUE,3.0,2025-06-04 09:11:00,,,,POSTED,ISSUE54D2114561
TXN78E3D4B2E8,BB018,O+,RBC,DONATION,1.0,2025-06-04 12:44:00,DONATION1092,,,POSTED,
TXNE19194E58D,BB018,O+,Plasma,DONATION,1.0,2025-06-04 17:09:00,DONATION1092,,,POSTED,
TXN7486096146,BB003,O+,RBC,DONATION,2.0,2025-06-05 11:19:00,DONATION1580,,,POSTED,
TXN222D4B7F4F,BB003,O+,Platelets,DONATION,2.0,2025-06-05 13:31:00,DONATION1580,,,POSTED,
TXNF1196909A4,BB002,A-,Plasma,DONATION,1.0,2025-06-05 14:10:00,DONATION0849,,,POSTED,
TXN9DAF5EE178,BB002,A-,RBC,DONATION,1.0,2025-06-05 14:28:00,DONATION0849,,,POSTED,
TXN33FCE5AC80,BB003,O+,Plasma,DONATION,2.0,2025-06-05 14:57:00,DONATION1580,,,POSTED,
TXNCFEFB47E8A,BB018,B+,Platelets,DONATION,1.0,2025-06-06 09:11:00,DONATION1136,,,POSTED,
TXNF30AD14554,BB002,O+,RBC,DONATION,1.0,2025-06-06 13:05:00,DONATION1160,,,POSTED,
TXNE6CBA01227,BB018,B+,Plasma,DONATION,1.0,2025-06-06 14:52:00,DONATION1136,,,POSTED,
TXN94CE231869,BB018,B+,RBC,DONATION,1.0,2025-06-06 16:43:00,DONATION1136,,,POSTED,
TXN0C1B6EC4F9,BB002,O+,Plasma,DONATION,1.0,2025-06-06 17:02:00,DONATION1160,,,POSTED,
TXN461EB51F54,BB001,O+,Plasma,ISSUE,2.0,2025-06-06 17:30:00,,,,POSTED,ISSUE4D93B2FBCB
TXNFBDB5075A7,BB003,A+,Platelets,DONATION,2.0,2025-06-07 09:32:00,DONATION0744,,,POSTED,
TXN5987B6C9F7,BB001,O-,Plasma,DONATION,1.0,2025-06-07 10:12:00,DONATION1354,,,POSTED,
TXN04B412A248,BB003,A+,Plasma,DONATION,2.0,2025-06-07 10:17:00,DONATION0744,,,POSTED,
TXND4CBC556A7,BB011,A+,RBC,DONATION,1.0,2025-06-07 13:06:00,DONATION0312,,,POSTED,
TXNC6A4BC9A18,BB012,O+,Plasma,ISSUE,3.0,2025-06-07 15:01:00,,,,POSTED,ISSUEBCC6297C33
TXN731F182500,BB001,O-,RBC,DONATION,1.0,2025-06-07 16:05:00,DONATION1354,,,POSTED,
TXN72B1CE9951,BB003,A+,RBC,DONATION,2.0,2025-06-07 16:39:00,DONATION0744,,,POSTED,
TXN731F77E641,BB011,A+,Plasma,DONATION,1.0,2025-06-07 17:32:00,DONATION0312,,,POSTED,
TXN0CCA0ACCA6,BB011,A+,Platelets,DONATION,1.0,2025-06-07 18:30:00,DONATION0312,,,POSTED,
TXN39EFFB98F8,BB005,B+,RBC,ISSUE,3.0,2025-06-08 09:58:00,,,,POSTED,ISSUEB5917FFB41
TXN4871433922,BB002,O+,RBC,ISSUE,4.0,2025-06-08 14:12:00,,,,POSTED,ISSUE5D74CE4442
TXN14C2046444,BB008,O+,RBC,DONATION,1.0,2025-06-09 11:33:00,DONATION0658,,,POSTED,
TXN418FD18FE4,BB011,A+,Plasma,ISSUE,3.0,2025-06-09 12:16:00,,,,POSTED,ISSUE8C6AD6F06E
TXNC6C2ED6054,BB008,O+,Plasma,DONATION,1.0,2025-06-09 15:22:00,DONATION0658,,,POSTED,
TXNB0F73B58D4,BB008,O+,Platelets,DONATION,1.0,2025-06-09 15:46:00,DONATION0658,,,POSTED,
TXN64DC905339,BB020,O+,RBC,DONATION,1.0,2025-06-10 13:11:00,DONATION1201,,,POSTED,
TXN6B021D39C4,BB020,O+,Platelets,DONATION,1.0,2025-06-10 13:23:00,DONATION1201,,,POSTED,
TXN8AE6368315,BB007,A+,Plasma,DONATION,1.0,2025-06-10 15:24:00,DONATION1260,,,POSTED,
TXN367E04D0D0,BB020,O+,Plasma,DONATION,1.0,2025-06-10 15:27:00,DONATION1201,,,POSTED,
TXNEE727E0DDC,BB007,A+,RBC,DONATION,1.0,2025-06-10 18:13:00,DONATION1260,,,POSTED,
TXN722C4336ED,BB018,A+,RBC,DONATION,1.0,2025-06-11 08:11:00,DONATION0888,,,POSTED,
TXN1649A9AC08,BB005,O+,RBC,DONATION,1.0,2025-06-11 10:31:00,DONATION0410,,,POSTED,
TXN14ACD463D9,BB011,AB+,RBC,DONATION,1.0,2025-06-11 11:37:00,DONATION0287,,,POSTED,
TXNF248D48334,BB011,AB+,Plasma,DONATION,1.0,2025-06-11 11:52:00,DONATION0287,,,POSTED,
TXN96375AC3BE,BB018,A+,Plasma,DONATION,1.0,2025-06-11 12:25:00,DONATION0888,,,POSTED,
TXNB7537607A1,BB003,A+,Plasma,ISSUE,1.0,2025-06-11 13:53:00,,,,POSTED,ISSUEC85B4BC74D
TXN339DA70BD2,BB005,O+,Plasma,DONATION,1.0,2025-06-11 15:23:00,DONATION0410,,,POSTED,
TXN71B85E0F18,BB018,A+,Platelets,DONATION,1.0,2025-06-11 17:43:00,DONATION0888,,,POSTED,
TXN37F8273CED,BB018,A+,RBC,ISSUE,3.0,2025-06-12 08:34:00,,,,POSTED,ISSUE22D3086065
TXNA43B8AFDA9,BB003,B+,RBC,DONATION,2.0,2025-06-12 09:40:00,DONATION1251,,,POSTED,
TXN7FC6E0D03F,BB009,B+,Plasma,DONATION,1.0,2025-06-12 10:44:00,DONATION1480,,,POSTED,
TXN437793A374,BB008,O+,Plasma,ISSUE,3.0,2025-06-12 11:05:00,,,,POSTED,ISSUE319E5648C8
TXNC43C2662B2,BB009,B+,RBC,DONATION,1.0,2025-06-12 13:25:00,DONATION1480,,,POSTED,
TXNAF18604272,BB018,B+,Platelets,ISSUE,1.0,2025-06-12 15:11:00,,,,POSTED,ISSUE662C263920
TXN4C1CDF0210,BB003,B+,Plasma,DONATION,2.0,2025-06-12 15:39:00,DONATION1251,,,POSTED,
TXN631DB881DB,BB003,B+,Platelets,DONATION,2.0,2025-06-12 17:31:00,DONATION1251,,,POSTED,
TXN68CD665D3D,BB015,O+,RBC,DONATION,1.0,2025-06-13 09:53:00,DONATION1578,,,POSTED,
TXN97C419FA8D,BB003,O+,Plasma,ISSUE,3.0,2025-06-13 12:01:00,,,,POSTED,ISSUE6CBF1FEEC5
TXND20AC2FCAE,BB005,O+,RBC,ISSUE,6.0,2025-06-13 12:29:00,,,,POSTED,ISSUEEF6E6A5686
TXN863B5A8B0F,BB015,O+,Plasma,DONATION,1.0,2025-06-13 15:48:00,DONATION1578,,,POSTED,
TXN5738DAD200,BB018,B+,Plasma,ISSUE,1.0,2025-06-13 16:46:00,,,,POSTED,ISSUE11325B209D
TXN5ECD9FB4D6,BB020,B+,Platelets,DONATION,2.0,2025-06-14 09:12:00,DONATION0486,,,POSTED,
TXNB26806B929,BB007,A+,RBC,DONATION,1.0,2025-06-14 10:13:00,DONATION1541,,,POSTED,
TXN71BE649186,BB020,B+,RBC,DONATION,2.0,2025-06-14 10:52:00,DONATION0486,,,POSTED,
TXN6A19730B4D,BB007,A+,Plasma,DONATION,1.0,2025-06-14 17:46:00,DONATION1541,,,POSTED,
TXNDCD3D815B5,BB020,B+,Plasma,DONATION,2.0,2025-06-14 18:15:00,DONATION0486,,,POSTED,
TXNFFF6D98ED4,BB013,A-,RBC,DONATION,1.0,2025-06-16 08:18:00,DONATION1546,,,POSTED,
TXNA0E561A6FC,BB016,A-,RBC,DONATION,1.0,2025-06-16 08:33:00,DONATION1386,,,POSTED,
TXNA46B9D677E,BB016,A-,Platelets,DONATION,1.0,2025-06-16 08:56:00,DONATION1386,,,POSTED,
TXN221C0E7209,BB016,A-,Plasma,DONATION,1.0,2025-06-16 09:28:00,DONATION1386,,,POSTED,
TXNC074950C1A,BB002,AB+,RBC,DONATION,1.0,2025-06-16 10:59:00,DONATION0069,,,POSTED,
TXN24C72F08FC,BB010,B-,Plasma,EXPIRY,1.0,2025-06-16 11:20:00,,,,POSTED,
TXN2B6BD78E2A,BB002,AB+,Platelets,DONATION,1.0,2025-06-16 11:23:00,DONATION0069,,,POSTED,
TXN938B4694C5,BB020,A+,Platelets,DONATION,2.0,2025-06-16 11:35:00,DONATION0999,,,POSTED,
TXNFF5B163792,BB020,A+,RBC,DONATION,2.0,2025-06-16 13:15:00,DONATION0999,,,POSTED,
TXN1E1582790D,BB020,A+,Plasma,DONATION,2.0,2025-06-16 13:17:00,DONATION0999,,,POSTED,
TXN2A642DED4A,BB002,AB+,Plasma,DONATION,1.0,2025-06-16 13:56:00,DONATION0069,,,POSTED,
TXN5B40CB3C91,BB013,A-,Plasma,DONATION,1.0,2025-06-16 15:24:00,DONATION1546,,,POSTED,
TXN7DCB30FD9F,BB009,A+,Platelets,DONATION,2.0,2025-06-17 09:15:00,DONATION0674,,,POSTED,
TXN66D6E925FE,BB009,A+,Plasma,DONATION,2.0,2025-06-17 09:43:00,DONATION0674,,,POSTED,
TXN0E10FF9D01,BB020,B+,Platelets,ISSUE,1.0,2025-06-17 13:20:00,,,,POSTED,ISSUE1DB5AED074
TXNDCFB8CFF34,BB018,A+,Platelets,ISSUE,1.0,2025-06-17 13:34:00,,,,POSTED,ISSUEC63AB55AF6
TXN4E3CA6CE03,BB009,A+,RBC,DONATION,2.0,2025-06-17 17:37:00,DONATION0674,,,POSTED,
TXN3BBBF3FC60,BB015,O+,RBC,ISSUE,1.0,2025-06-18 09:55:00,,,,POSTED,ISSUE62B1FE893B
TXN7150AA3F03,BB007,A+,RBC,ISSUE,2.0,2025-06-18 10:40:00,,,,POSTED,ISSUE3CE528417D
TXNA0133B7EEE,BB013,A-,RBC,DONATION,2.0,2025-06-18 14:39:00,DONATION0244,,,POSTED,
TXN098566599F,BB004,B+,RBC,DONATION,1.0,2025-06-18 16:11:00,DONATION1235,,,POSTED,
TXNBBABA31905,BB013,A-,Platelets,DONATION,2.0,2025-06-18 17:09:00,DONATION0244,,,POSTED,
TXN2D90F1BD27,BB004,B+,Plasma,DONATION,1.0,2025-06-18 17:38:00,DONATION1235,,,POSTED,
TXNC8AA0C9200,BB013,A-,Plasma,DONATION,2.0,2025-06-18 18:15:00,DONATION0244,,,POSTED,
TXNA1FBAB4102,BB004,B+,Platelets,DONATION,1.0,2025-06-18 18:56:00,DONATION1235,,,POSTED,
TXN7DE1966EDB,BB016,AB-,Platelets,DONATION,1.0,2025-06-19 08:03:00,DONATION1806,,,POSTED,
TXN1A8CA05BB7,BB020,A+,Platelets,DONATION,2.0,2025-06-19 08:44:00,DONATION1391,,,POSTED,
TXNE6DE4FD10C,BB016,AB-,Plasma,DONATION,1.0,2025-06-19 08:46:00,DONATION1806,,,POSTED,
TXN1EE534281C,BB020,A+,Plasma,DONATION,2.0,2025-06-19 10:27:00,DONATION1391,,,POSTED,
TXN81A112F55D,BB020,A+,RBC,DONATION,2.0,2025-06-19 12:29:00,DONATION1391,,,POSTED,
TXNA0BA133678,BB016,AB-,RBC,DONATION,1.0,2025-06-19 18:54:00,DONATION1806,,,POSTED,
TXNB997DC4FE4,BB010,O+,Platelets,DONATION,1.0,2025-06-20 09:10:00,DONATION1061,,,POSTED,
TXNF5B9252607,BB011,A+,Plasma,DONATION,1.0,2025-06-20 10:41:00,DONATION1646,,,POSTED,
TXNF9A4C972E1,BB011,A+,RBC,DONATION,1.0,2025-06-20 13:23:00,DONATION1646,,,POSTED,
TXN7C36B5EA9E,BB010,O+,Plasma,DONATION,1.0,2025-06-20 13:32:00,DONATION1061,,,POSTED,
TXN4BF910F0A8,BB011,AB+,RBC,ISSUE,1.0,2025-06-20 14:23:00,,,,POSTED,ISSUE4954CEB325
TXN263CCA3DEE,BB020,A+,Plasma,ISSUE,1.0,2025-06-20 14:28:00,,,,POSTED,ISSUE3FF33A3BCB
TXNB04A80C574,BB010,O+,RBC,DONATION,1.0,2025-06-20 18:12:00,DONATION1061,,,POSTED,
TXN0E16CD8899,BB003,AB+,Plasma,DONATION,1.0,2025-06-21 09:27:00,DONATION0238,,,POSTED,
TXNBBE7176CE4,BB011,A+,Plasma,DONATION,1.0,2025-06-21 09:33:00,DONATION0597,,,POSTED,
TXN05551DFBFD,BB011,A+,RBC,DONATION,1.0,2025-06-21 10:06:00,DONATION0597,,,POSTED,
TXN7F0B45EC86,BB011,A+,Platelets,DONATION,1.0,2025-06-21 11:39:00,DONATION0597,,,POSTED,
TXN5B0C2F002D,BB003,AB+,RBC,DONATION,1.0,2025-06-21 12:14:00,DONATION0238,,,POSTED,
TXN186AC45499,BB009,B+,RBC,ISSUE,2.0,2025-06-21 13:19:00,,,,POSTED,ISSUE0356E053C3
TXNFD6B2ED764,BB020,B+,Plasma,ISSUE,2.0,2025-06-21 15:16:00,,,,POSTED,ISSUE3F7CA595F2
TXN933FC2680D,BB016,A-,RBC,ISSUE,1.0,2025-06-23 08:58:00,,,,POSTED,ISSUEC3529AACE4
TXN6E5A5C66E6,BB020,A+,Platelets,ISSUE,1.0,2025-06-23 10:53:00,,,,POSTED,ISSUEB4D2D4DCD3
TXN4F4D9F22F7,BB011,A+,Plasma,ISSUE,2.0,2025-06-23 16:04:00,,,,POSTED,ISSUE019E6C28F9
TXN6A25EBB85C,BB010,O+,Plasma,ISSUE,2.0,2025-06-23 16:30:00,,,,POSTED,ISSUE8CC2B704F0
TXN62EA8A027A,BB007,A+,Plasma,ISSUE,2.0,2025-06-23 18:53:00,,,,POSTED,ISSUEEFF8F4B783
TXNE1247FF687,BB003,A+,RBC,DONATION,1.0,2025-06-24 08:30:00,DONATION0297,,,POSTED,
TXN863F466788,BB009,A+,RBC,DONATION,3.0,2025-06-24 10:27:00,DONATION0441,,,POSTED,
TXN854E952441,BB020,B+,RBC,ISSUE,1.0,2025-06-24 11:31:00,,,,POSTED,ISSUEE01BDDF71B
TXNCE57AB0ECC,BB014,A-,Plasma,DONATION,2.0,2025-06-24 11:58:00,DONATION1847,,,POSTED,
TXN367A34C43E,BB003,A+,Plasma,DONATION,1.0,2025-06-24 14:27:00,DONATION0297,,,POSTED,
TXNDAB1F72F69,BB014,A-,Platelets,DONATION,2.0,2025-06-24 15:12:00,DONATION1847,,,POSTED,
TXN46481CF1FC,BB009,A+,Plasma,DONATION,3.0,2025-06-24 16:58:00,DONATION0441,,,POSTED,
TXN75A730E9A3,BB014,A-,RBC,DONATION,2.0,2025-06-24 17:40:00,DONATION1847,,,POSTED,
TXNDA7659D48F,BB007,AB+,Plasma,DONATION,1.0,2025-06-25 08:35:00,DONATION0761,,,POSTED,
TXN08F9369FBE,BB018,AB+,RBC,DONATION,1.0,2025-06-25 09:46:00,DONATION0035,,,POSTED,
TXN0B9AEECB81,BB007,AB+,RBC,DONATION,1.0,2025-06-25 10:59:00,DONATION0761,,,POSTED,
TXN14F0936D7B,BB018,AB+,Plasma,DONATION,1.0,2025-06-25 15:52:00,DONATION0035,,,POSTED,
TXN116528BA7C,BB018,AB+,Platelets,DONATION,1.0,2025-06-25 16:49:00,DONATION0035,,,POSTED,
TXNDA84A841BE,BB014,B-,Plasma,DONATION,1.0,2025-06-26 12:27:00,DONATION1425,,,POSTED,
TXNEE113FDFE6,BB014,B-,RBC,DONATION,1.0,2025-06-26 17:59:00,DONATION1425,,,POSTED,
TXN876DA078D7,BB017,O+,Plasma,DONATION,2.0,2025-06-27 10:51:00,DONATION1676,,,POSTED,
TXNF630CAC833,BB007,O-,RBC,DONATION,1.0,2025-06-27 11:15:00,DONATION1774,,,POSTED,
TXN8903215910,BB004,O+,Plasma,DONATION,1.0,2025-06-27 14:44:00,DONATION0532,,,POSTED,
TXNB4A86F337A,BB004,O+,RBC,DONATION,1.0,2025-06-27 17:23:00,DONATION0532,,,POSTED,
TXN39449E5107,BB004,O+,Plasma,DONATION,1.0,2025-06-27 17:40:00,DONATION1297,,,POSTED,
TXNDAD2BAE60E,BB017,O+,RBC,DONATION,2.0,2025-06-27 17:42:00,DONATION1676,,,POSTED,
TXN1B0EC34F2C,BB004,O+,RBC,DONATION,1.0,2025-06-27 18:15:00,DONATION1297,,,POSTED,
TXNA0704A27C9,BB007,O-,Plasma,DONATION,1.0,2025-06-27 18:19:00,DONATION1774,,,POSTED,
TXN05C12ECDC5,BB007,A-,RBC,DONATION,1.0,2025-06-28 09:21:00,DONATION0612,,,POSTED,
TXN0C4DEF4CD2,BB015,O+,Plasma,DONATION,1.0,2025-06-28 11:19:00,DONATION0493,,,POSTED,
TXNAF5CFB3562,BB015,O+,RBC,DONATION,1.0,2025-06-28 16:19:00,DONATION0493,,,POSTED,
TXN42982A4EA0,BB007,A-,Plasma,DONATION,1.0,2025-06-28 17:49:00,DONATION0612,,,POSTED,
TXN77FD7F5D1E,BB002,B-,RBC,DONATION,1.0,2025-06-29 08:09:00,DONATION0419,,,POSTED,
TXNAF86783F2E,BB002,B-,Plasma,DONATION,1.0,2025-06-29 17:43:00,DONATION0419,,,POSTED,
TXN1D3A2AD5BA,BB020,A+,RBC,ISSUE,1.0,2025-06-29 18:12:00,,,,POSTED,ISSUEE2547EEB52
TXNBBFD74C2AB,BB015,O+,Plasma,ISSUE,2.0,2025-06-30 08:06:00,,,,POSTED,ISSUE1DADCD6EC2
TXNFE540563A8,BB005,B-,Platelets,DONATION,1.0,2025-06-30 10:21:00,DONATION1328,,,POSTED,
TXN028734ADCB,BB011,A+,RBC,ISSUE,3.0,2025-06-30 10:28:00,,,,POSTED,ISSUE3F1321887E
TXNC79C6F0FC3,BB005,B-,RBC,DONATION,1.0,2025-06-30 11:27:00,DONATION1328,,,POSTED,
TXNFC37117C49,BB003,AB+,RBC,ISSUE,1.0,2025-06-30 11:29:00,,,,POSTED,ISSUE1004D4A7DE
TXNEC02355035,BB011,A+,Plasma,ISSUE,1.0,2025-06-30 11:51:00,,,,POSTED,ISSUE14246BDF98
TXNA5799A0207,BB005,B-,Plasma,DONATION,1.0,2025-06-30 12:50:00,DONATION1328,,,POSTED,
TXN077913E491,BB009,A+,RBC,ISSUE,2.0,2025-06-30 18:24:00,,,,POSTED,ISSUEB68E956309
TXN9BEB6F05C4,BB011,A+,Plasma,DONATION,3.0,2025-07-01 09:47:00,DONATION0294,,,POSTED,
TXNBFB901C1BE,BB017,O+,RBC,ISSUE,1.0,2025-07-01 12:48:00,,,,POSTED,ISSUEEEB7D4F137
TXN356696D588,BB011,A+,RBC,DONATION,3.0,2025-07-01 14:33:00,DONATION0294,,,POSTED,
TXN857E734DA4,BB011,A+,Platelets,DONATION,3.0,2025-07-01 15:49:00,DONATION0294,,,POSTED,
TXN5452D4281F,BB011,O+,RBC,DONATION,3.0,2025-07-02 14:30:00,DONATION1861,,,POSTED,
TXN9BC38623BA,BB011,O+,Plasma,DONATION,3.0,2025-07-02 17:08:00,DONATION1861,,,POSTED,
TXNCD31CF53B4,BB011,O+,RBC,DONATION,3.0,2025-07-02 17:42:00,DONATION1861,,,POSTED,
TXN9B277A92EE,BB011,O+,Plasma,DONATION,3.0,2025-07-02 17:45:00,DONATION1861,,,POSTED,
TXN465489D3F0,BB001,A-,RBC,DONATION,2.0,2025-07-03 10:53:00,DONATION1539,,,POSTED,
TXN955BC68213,BB011,O+,RBC,ISSUE,2.0,2025-07-03 12:57:00,,,,POSTED,ISSUEC0593C6A43
TXNFEFB542E2E,BB004,O+,RBC,ISSUE,4.0,2025-07-03 14:53:00,,,,POSTED,ISSUE85BF1EDFDD
TXNB6C2BA6FE5,BB001,A-,Plasma,DONATION,2.0,2025-07-03 15:48:00,DONATION1539,,,POSTED,
TXNBD11DF4D14,BB007,O-,RBC,ISSUE,1.0,2025-07-03 18:54:00,,,,POSTED,ISSUECA69300046
TXN7B4BD90A14,BB010,B-,Plasma,DONATION,2.0,2025-07-04 08:48:00,DONATION1762,,,POSTED,
TXN3487A54767,BB010,B-,Platelets,DONATION,2.0,2025-07-04 14:56:00,DONATION1762,,,POSTED,
TXN6498F3C3E1,BB010,B-,RBC,DONATION,2.0,2025-07-04 16:34:00,DONATION1762,,,POSTED,
TXN6EF5CD6626,BB013,O+,RBC,DONATION,1.0,2025-07-05 10:45:00,DONATION1667,,,POSTED,
TXNC6F35ACCD0,BB013,O+,Platelets,DONATION,1.0,2025-07-05 10:53:00,DONATION1667,,,POSTED,
TXN36F40190B9,BB001,A-,RBC,ISSUE,1.0,2025-07-05 10:56:00,,,,POSTED,ISSUE28ABC171E2
TXN0EF1C90FD9,BB012,A-,RBC,DONATION,2.0,2025-07-05 12:12:00,DONATION1264,,,POSTED,
TXN40174AB95D,BB013,A+,RBC,DONATION,1.0,2025-07-05 13:17:00,DONATION0894,,,POSTED,
TXNEDB0905FFB,BB012,A-,Plasma,DONATION,2.0,2025-07-05 13:56:00,DONATION1264,,,POSTED,
TXNFF24E422C2,BB004,A-,RBC,DONATION,1.0,2025-07-05 14:25:00,DONATION1075,,,POSTED,
TXNB047355AFF,BB013,A+,Plasma,DONATION,1.0,2025-07-05 14:38:00,DONATION0894,,,POSTED,
TXN34968278F5,BB004,A-,Platelets,DONATION,1.0,2025-07-05 16:14:00,DONATION1075,,,POSTED,
TXNE08C5D7353,BB013,O+,Plasma,DONATION,1.0,2025-07-05 16:18:00,DONATION1667,,,POSTED,
TXNA0D5B1245D,BB004,A-,Plasma,DONATION,1.0,2025-07-05 18:01:00,DONATION1075,,,POSTED,
TXNF2DCDC3384,BB012,A-,Platelets,DONATION,2.0,2025-07-05 18:13:00,DONATION1264,,,POSTED,
TXN8C6F70A449,BB002,B-,RBC,ISSUE,1.0,2025-07-05 18:53:00,,,,POSTED,ISSUEF1DAA63BE8
TXNA657001FAD,BB004,A-,Platelets,ISSUE,1.0,2025-07-06 09:56:00,,,,POSTED,ISSUEBC213F5CCF
TXN35F12FE12D,BB005,B-,Plasma,ISSUE,1.0,2025-07-06 12:01:00,,,,POSTED,ISSUE27725B5386
TXN841D116036,BB007,O+,RBC,DONATION,2.0,2025-07-06 12:19:00,DONATION1698,,,POSTED,
TXNEDE5966C42,BB007,O+,Plasma,DONATION,2.0,2025-07-06 18:53:00,DONATION1698,,,POSTED,
TXN8ECC70AD44,BB010,B-,Platelets,ISSUE,1.0,2025-07-07 09:45:00,,,,POSTED,ISSUE8EB0F1B18A
TXN7048AB57DE,BB010,AB+,RBC,DONATION,1.0,2025-07-07 14:24:00,DONATION0227,,,POSTED,
TXN5610E118C3,BB010,AB+,Plasma,DONATION,1.0,2025-07-07 18:50:00,DONATION0227,,,POSTED,
TXN0E1487B7D5,BB011,A+,Platelets,ISSUE,3.0,2025-07-08 13:01:00,,,,POSTED,ISSUE9EC54136A4
TXN21046B10B5,BB007,O+,Plasma,DONATION,1.0,2025-07-09 08:36:00,DONATION0696,,,POSTED,
TXN70716B625E,BB007,O+,RBC,DONATION,1.0,2025-07-09 11:51:00,DONATION0696,,,POSTED,
TXN55D8B8D77A,BB013,O+,RBC,ISSUE,1.0,2025-07-09 12:33:00,,,,POSTED,ISSUEF962FB222F
TXNAE3E2CD45D,BB007,O+,Platelets,DONATION,1.0,2025-07-09 12:38:00,DONATION0696,,,POSTED,
TXNBFBCF813E1,BB016,B+,RBC,DONATION,2.0,2025-07-10 09:22:00,DONATION0401,,,POSTED,
TXN3AB69AA421,BB006,AB-,Plasma,DONATION,1.0,2025-07-10 09:36:00,DONATION0885,,,POSTED,
TXN8A5C097406,BB006,AB-,RBC,DONATION,1.0,2025-07-10 09:59:00,DONATION0885,,,POSTED,
TXNCA97B1626B,BB016,B+,Plasma,DONATION,2.0,2025-07-10 11:46:00,DONATION0401,,,POSTED,
TXN67D7C0AEA0,BB001,A+,RBC,DONATION,1.0,2025-07-10 12:15:00,DONATION1976,,,POSTED,
TXN6339B0C0ED,BB001,A+,Plasma,DONATION,1.0,2025-07-10 12:46:00,DONATION1976,,,POSTED,
TXNDE3080E886,BB007,O+,RBC,ISSUE,1.0,2025-07-10 15:34:00,,,,POSTED,ISSUE416BD41177
TXNDB9264F329,BB001,A+,Platelets,DONATION,1.0,2025-07-10 16:07:00,DONATION1976,,,POSTED,
TXN197660D25B,BB008,B-,RBC,DONATION,1.0,2025-07-11 08:39:00,DONATION0269,,,POSTED,
TXNE1F58658EC,BB012,A+,Plasma,DONATION,1.0,2025-07-11 13:52:00,DONATION0365,,,POSTED,
TXNCFA517CFA0,BB008,B-,Plasma,DONATION,1.0,2025-07-11 16:20:00,DONATION0269,,,POSTED,
TXNC0466E5F25,BB012,A+,RBC,DONATION,1.0,2025-07-11 18:50:00,DONATION0365,,,POSTED,
TXNF86B8CAD9F,BB012,A+,Platelets,DONATION,1.0,2025-07-11 18:58:00,DONATION0365,,,POSTED,
TXNC3881BF17C,BB012,A+,Plasma,ISSUE,3.0,2025-07-14 08:59:00,,,,POSTED,ISSUEB721135AE0
TXN319390AED8,BB007,O+,RBC,ISSUE,2.0,2025-07-14 12:58:00,,,,POSTED,ISSUE68ADDF745E
TXN7E403159B2,BB010,AB+,Plasma,EXPIRY,1.0,2025-07-15 18:42:00,,,,POSTED,
TXNBE6522C31F,BB014,O+,Plasma,DONATION,1.0,2025-07-16 09:22:00,DONATION0313,,,POSTED,
TXN21675E5AB4,BB015,O-,RBC,DONATION,1.0,2025-07-16 09:51:00,DONATION1594,,,POSTED,
TXN5D605634FA,BB014,B+,RBC,DONATION,1.0,2025-07-16 10:07:00,DONATION1875,,,POSTED,
TXN930885C4C5,BB015,O-,Plasma,DONATION,1.0,2025-07-16 11:27:00,DONATION1594,,,POSTED,
TXNDEF1789299,BB014,O+,RBC,DONATION,1.0,2025-07-16 11:54:00,DONATION0313,,,POSTED,
TXN2CBB271B66,BB014,B+,Platelets,DONATION,1.0,2025-07-16 12:11:00,DONATION1875,,,POSTED,
TXN4DF242EC02,BB009,B+,Plasma,DONATION,3.0,2025-07-16 12:46:00,DONATION1968,,,POSTED,
TXN57FAE48CD7,BB014,B+,Plasma,DONATION,1.0,2025-07-16 13:05:00,DONATION1875,,,POSTED,
TXNC45B5ABA03,BB019,A+,Plasma,DONATION,1.0,2025-07-16 14:55:00,DONATION1196,,,POSTED,
TXN2AF65191A7,BB019,A+,RBC,DONATION,1.0,2025-07-16 16:22:00,DONATION1196,,,POSTED,
TXN342AE1D3DF,BB009,B+,RBC,DONATION,3.0,2025-07-16 16:55:00,DONATION1968,,,POSTED,
TXN789F105F3F,BB015,O-,Platelets,DONATION,1.0,2025-07-16 18:25:00,DONATION1594,,,POSTED,
TXN439BEF6C73,BB006,AB-,Plasma,ISSUE,1.0,2025-07-17 13:14:00,,,,POSTED,ISSUE1774557A7F
TXN0A98D13AC3,BB002,A+,Platelets,DONATION,1.0,2025-07-17 14:00:00,DONATION0266,,,POSTED,
TXN84ACCE9FE9,BB002,A+,RBC,DONATION,1.0,2025-07-17 14:54:00,DONATION0266,,,POSTED,
TXN01C199108B,BB005,A+,RBC,DONATION,1.0,2025-07-17 16:18:00,DONATION1277,,,POSTED,
TXN3724A1D19B,BB002,A+,Plasma,DONATION,1.0,2025-07-17 16:23:00,DONATION0266,,,POSTED,
TXN293A3DA1D1,BB005,A+,Plasma,DONATION,1.0,2025-07-17 16:44:00,DONATION1277,,,POSTED,
TXNF69C142C81,BB005,A+,Platelets,DONATION,1.0,2025-07-17 17:11:00,DONATION1277,,,POSTED,
TXN14EC3B773A,BB003,B-,Plasma,DONATION,1.0,2025-07-18 09:36:00,DONATION0667,,,POSTED,
TXN991516B388,BB009,O+,Plasma,DONATION,1.0,2025-07-18 12:40:00,DONATION0742,,,POSTED,
TXNA39AA10898,BB003,B-,RBC,DONATION,1.0,2025-07-18 12:48:00,DONATION0667,,,POSTED,
TXN1A89DDDB24,BB002,A+,RBC,ISSUE,3.0,2025-07-18 14:25:00,,,,POSTED,ISSUE84AA3D9D45
TXN7F6D1E6A4C,BB009,O+,RBC,DONATION,1.0,2025-07-18 14:32:00,DONATION0742,,,POSTED,
TXNA0BCC2FC4F,BB003,B-,Platelets,DONATION,1.0,2025-07-18 16:11:00,DONATION0667,,,POSTED,
TXN22B57A2557,BB011,O+,Platelets,DONATION,2.0,2025-07-19 11:04:00,DONATION0791,,,POSTED,
TXN6D6F79E599,BB011,O+,Plasma,DONATION,2.0,2025-07-19 13:20:00,DONATION0791,,,POSTED,
TXN55D809D9DB,BB011,O+,RBC,DONATION,2.0,2025-07-19 14:44:00,DONATION0791,,,POSTED,
TXN24D6DDBAC9,BB009,O+,RBC,ISSUE,5.0,2025-07-21 10:25:00,,,,POSTED,ISSUE4FA76E1E66
TXNB946B1A655,BB006,B+,Plasma,DONATION,1.0,2025-07-21 13:45:00,DONATION1025,,,POSTED,
TXNC70C701103,BB006,B+,RBC,DONATION,1.0,2025-07-21 16:55:00,DONATION1025,,,POSTED,
TXN732D657569,BB012,A+,RBC,ISSUE,3.0,2025-07-21 18:39:00,,,,POSTED,ISSUE1433A91421
TXNBE4D0093C6,BB015,O-,Platelets,ISSUE,1.0,2025-07-22 08:15:00,,,,POSTED,ISSUE0F36D17070
TXN28D8CBD5DD,BB007,O+,RBC,DONATION,1.0,2025-07-23 10:42:00,DONATION1492,,,POSTED,
TXN5CA5716AEF,BB009,B+,Plasma,ISSUE,1.0,2025-07-23 11:53:00,,,,POSTED,ISSUE79A02802B9
TXN94FB8D62EF,BB003,B-,Platelets,EXPIRY,1.0,2025-07-23 14:13:00,,,,POSTED,
TXN82BFC1F954,BB009,A-,Plasma,DONATION,2.0,2025-07-23 14:17:00,DONATION1777,,,POSTED,
TXN2B773FFA66,BB009,A-,Platelets,DONATION,2.0,2025-07-23 15:37:00,DONATION1777,,,POSTED,
TXNC9AD33FCA7,BB009,A-,RBC,DONATION,2.0,2025-07-23 17:32:00,DONATION1777,,,POSTED,
TXN9723999F2A,BB007,O+,Plasma,DONATION,1.0,2025-07-23 18:04:00,DONATION1492,,,POSTED,
TXNA790C16B7D,BB014,B+,RBC,ISSUE,1.0,2025-07-24 10:25:00,,,,POSTED,ISSUE1C5EFF703A
TXN975AC73E51,BB003,B-,RBC,ISSUE,1.0,2025-07-24 11:58:00,,,,POSTED,ISSUE64DF03CD1D
TXN62E41229B7,BB015,O-,Plasma,ISSUE,1.0,2025-07-25 13:57:00,,,,POSTED,ISSUEE96D529E02
TXN6068A2447E,BB014,O+,Plasma,ISSUE,3.0,2025-07-25 14:57:00,,,,POSTED,ISSUE39147AF170
TXNECC4B1DF32,BB005,A+,Platelets,ISSUE,2.0,2025-07-26 14:41:00,,,,POSTED,ISSUE7F70314E61
TXNFBDE208E1C,BB017,B-,Plasma,EXPIRY,1.0,2025-07-27 10:03:00,,,,POSTED,
TXN09B6A08EE3,BB008,O+,Plasma,DONATION,1.0,2025-07-27 10:39:00,DONATION1534,,,POSTED,
TXN636F916A6D,BB008,O+,Platelets,DONATION,1.0,2025-07-27 12:00:00,DONATION1534,,,POSTED,
TXNDEC8D2F205,BB008,O+,RBC,DONATION,1.0,2025-07-27 12:16:00,DONATION1534,,,POSTED,
TXN05856BE714,BB001,A+,RBC,DONATION,1.0,2025-07-27 13:14:00,DONATION0340,,,POSTED,
TXN960D68E806,BB001,A+,Plasma,DONATION,1.0,2025-07-27 13:49:00,DONATION0340,,,POSTED,
TXNE48E60BCCE,BB001,A+,Platelets,DONATION,1.0,2025-07-27 16:40:00,DONATION0340,,,POSTED,
TXN1827BDB92A,BB008,O+,Platelets,ISSUE,1.0,2025-07-28 13:59:00,,,,POSTED,ISSUEA03C70166F
TXN4F92F27AA3,BB016,B+,Plasma,DONATION,1.0,2025-07-29 09:50:00,DONATION0706,,,POSTED,
TXNF815167180,BB016,B+,RBC,DONATION,1.0,2025-07-29 13:54:00,DONATION0706,,,POSTED,
TXN8990A93043,BB010,A+,RBC,DONATION,1.0,2025-07-30 13:53:00,DONATION0448,,,POSTED,
TXN1DA82F7298,BB010,A+,Plasma,DONATION,1.0,2025-07-30 17:02:00,DONATION0448,,,POSTED,
TXN0775FC8C1D,BB006,O+,Plasma,DONATION,1.0,2025-07-31 08:00:00,DONATION1198,,,POSTED,
TXNDA914020E5,BB006,O+,RBC,DONATION,1.0,2025-07-31 13:44:00,DONATION1198,,,POSTED,
TXNC3CF8D17DE,BB001,A+,RBC,ISSUE,3.0,2025-08-01 08:33:00,,,,POSTED,ISSUE87746CD2DE
TXND654066E5F,BB001,A+,RBC,DONATION,1.0,2025-08-01 10:51:00,DONATION0117,,,POSTED,
TXN907DF666D6,BB008,A-,Plasma,DONATION,1.0,2025-08-01 15:29:00,DONATION0160,,,POSTED,
TXNA43E4E5C42,BB001,A+,Plasma,DONATION,1.0,2025-08-01 15:42:00,DONATION0117,,,POSTED,
TXNF1E5B7F544,BB015,O+,Plasma,DONATION,1.0,2025-08-01 16:20:00,DONATION0567,,,POSTED,
TXN07C694A4B1,BB008,A-,RBC,DONATION,1.0,2025-08-01 16:49:00,DONATION0160,,,POSTED,
TXN1E1B418EB6,BB008,A-,Platelets,DONATION,1.0,2025-08-01 17:17:00,DONATION0160,,,POSTED,
TXNFCAEEDF23F,BB015,O+,RBC,DONATION,1.0,2025-08-01 18:24:00,DONATION0567,,,POSTED,
TXNFB017D8F93,BB010,B+,Plasma,DONATION,1.0,2025-08-02 08:09:00,DONATION0869,,,POSTED,
TXNE641966766,BB018,B+,Plasma,DONATION,1.0,2025-08-02 08:24:00,DONATION0398,,,POSTED,
TXNE0A7DDED77,BB004,O+,Plasma,DONATION,1.0,2025-08-02 12:06:00,DONATION0175,,,POSTED,
TXN182D471A56,BB010,B+,RBC,DONATION,1.0,2025-08-02 12:36:00,DONATION0869,,,POSTED,
TXN6911F4D8BF,BB018,B+,RBC,DONATION,1.0,2025-08-02 16:35:00,DONATION0398,,,POSTED,
TXNDB5BA7A0B7,BB004,O+,RBC,DONATION,1.0,2025-08-02 16:38:00,DONATION0175,,,POSTED,
TXND39639D5B2,BB001,B-,RBC,DONATION,2.0,2025-08-03 17:25:00,DONATION1508,,,POSTED,
TXNC76134B95E,BB001,B-,Plasma,DONATION,2.0,2025-08-03 18:20:00,DONATION1508,,,POSTED,
TXN350B9A2E95,BB018,B+,Plasma,ISSUE,1.0,2025-08-04 11:55:00,,,,POSTED,ISSUE8FB24B09CD
TXNE46A941014,BB010,B-,Platelets,DONATION,1.0,2025-08-05 09:30:00,DONATION0205,,,POSTED,
TXN7C34EE7BBB,BB010,A+,RBC,ISSUE,2.0,2025-08-05 16:34:00,,,,POSTED,ISSUE5D2476932D
TXNCEF0E03EB3,BB010,B-,RBC,DONATION,1.0,2025-08-05 17:27:00,DONATION0205,,,POSTED,
TXNE54B6732A5,BB001,A+,Plasma,ISSUE,3.0,2025-08-05 18:39:00,,,,POSTED,ISSUE28406D53ED
TXNED53655BB0,BB010,B-,Plasma,DONATION,1.0,2025-08-05 18:52:00,DONATION0205,,,POSTED,
TXN54E9D20CFA,BB008,A-,Platelets,EXPIRY,1.0,2025-08-06 10:53:00,,,,POSTED,
TXND7DB424F26,BB004,B+,Plasma,DONATION,1.0,2025-08-07 08:42:00,DONATION1113,,,POSTED,
TXNCD19B5ADB1,BB013,O+,Plasma,DONATION,1.0,2025-08-07 08:52:00,DONATION1294,,,POSTED,
TXN75A08E56BC,BB015,O+,Plasma,ISSUE,4.0,2025-08-07 12:10:00,,,,POSTED,ISSUE8639051AF4
TXNDD1FF331C9,BB009,A+,RBC,DONATION,1.0,2025-08-07 12:59:00,DONATION1261,,,POSTED,
TXNEEBDD3CEF8,BB009,A+,Plasma,DONATION,1.0,2025-08-07 13:10:00,DONATION1261,,,POSTED,
TXN089E95D0E5,BB004,B+,RBC,DONATION,1.0,2025-08-07 13:14:00,DONATION1113,,,POSTED,
TXN7ABD070348,BB004,B+,Platelets,DONATION,1.0,2025-08-07 13:24:00,DONATION1113,,,POSTED,
TXN588691516C,BB013,O+,RBC,DONATION,1.0,2025-08-07 13:50:00,DONATION1294,,,POSTED,
TXN22333147E8,BB010,B+,RBC,ISSUE,1.0,2025-08-07 16:20:00,,,,POSTED,ISSUEE60008221F
TXNEB922B276B,BB009,O+,Plasma,DONATION,1.0,2025-08-08 10:04:00,DONATION0299,,,POSTED,
TXN88C07C2F73,BB019,O+,RBC,DONATION,2.0,2025-08-08 10:07:00,DONATION1891,,,POSTED,
TXND755C070D6,BB019,O+,Plasma,DONATION,2.0,2025-08-08 12:31:00,DONATION1891,,,POSTED,
TXN0DE69C16DD,BB009,O+,RBC,DONATION,1.0,2025-08-08 13:38:00,DONATION0299,,,POSTED,
TXNEBBC906A05,BB008,B+,RBC,DONATION,2.0,2025-08-08 15:55:00,DONATION1690,,,POSTED,
TXN5942316F61,BB008,B+,Plasma,DONATION,2.0,2025-08-08 16:21:00,DONATION1690,,,POSTED,
TXN4B76E7DC45,BB009,O+,Platelets,DONATION,1.0,2025-08-08 17:40:00,DONATION0299,,,POSTED,
TXNE75736C748,BB008,B+,Platelets,DONATION,2.0,2025-08-08 17:48:00,DONATION1690,,,POSTED,
TXNE155396BEC,BB010,B-,Platelets,ISSUE,1.0,2025-08-09 13:12:00,,,,POSTED,ISSUE56AC90303A
TXN26B6C36D88,BB007,O+,Plasma,DONATION,1.0,2025-08-10 09:36:00,DONATION0495,,,POSTED,
TXN8D541DB11A,BB007,O+,RBC,DONATION,1.0,2025-08-10 12:18:00,DONATION0495,,,POSTED,
TXN4828AD6729,BB018,A-,RBC,DONATION,1.0,2025-08-11 08:30:00,DONATION1629,,,POSTED,
TXND29E8C0155,BB018,A-,Platelets,DONATION,1.0,2025-08-11 14:30:00,DONATION1629,,,POSTED,
TXNA5D2CAF328,BB018,A-,Plasma,DONATION,1.0,2025-08-11 16:02:00,DONATION1629,,,POSTED,
TXNACFB441F33,BB005,B-,RBC,EXPIRY,1.0,2025-08-11 17:59:00,,,,POSTED,
TXN6194C9B78A,BB010,AB+,Plasma,DONATION,2.0,2025-08-13 11:51:00,DONATION1980,,,POSTED,
TXNEADF539006,BB010,AB+,RBC,DONATION,2.0,2025-08-13 15:21:00,DONATION1980,,,POSTED,
TXN83E2E0BE98,BB019,O+,RBC,ISSUE,3.0,2025-08-14 13:15:00,,,,POSTED,ISSUE9E41BC8327
TXN389E2C1606,BB018,A-,RBC,ISSUE,1.0,2025-08-15 17:03:00,,,,POSTED,ISSUE65569F2161
TXN9D604D2410,BB002,A-,Plasma,DONATION,1.0,2025-08-16 11:53:00,DONATION0162,,,POSTED,
TXND6A58EB7C0,BB002,A-,RBC,DONATION,1.0,2025-08-16 13:54:00,DONATION0162,,,POSTED,
TXN95607A0240,BB004,B+,RBC,ISSUE,1.0,2025-08-16 16:25:00,,,,POSTED,ISSUED3498DEF3B
TXN06BB2BAE98,BB009,A+,RBC,ISSUE,3.0,2025-08-17 10:29:00,,,,POSTED,ISSUED80D877766
TXN9D11A1C0D3,BB020,O+,RBC,DONATION,1.0,2025-08-18 14:29:00,DONATION0352,,,POSTED,
TXN179559F0A3,BB020,O+,Plasma,DONATION,1.0,2025-08-18 17:35:00,DONATION0352,,,POSTED,
TXN43EF3A374E,BB015,B-,Platelets,DONATION,1.0,2025-08-19 09:45:00,DONATION0122,,,POSTED,
TXN016A556B55,BB017,A+,RBC,DONATION,1.0,2025-08-19 10:15:00,DONATION0700,,,POSTED,
TXN10D4B55DAC,BB017,A+,Plasma,DONATION,1.0,2025-08-19 10:45:00,DONATION0700,,,POSTED,
TXNEC6CCD9670,BB017,A+,Platelets,DONATION,1.0,2025-08-19 11:48:00,DONATION0700,,,POSTED,
TXNEDE13ADC27,BB008,O+,RBC,DONATION,1.0,2025-08-19 13:05:00,DONATION0337,,,POSTED,
TXNAED084ADFB,BB008,O+,Platelets,DONATION,1.0,2025-08-19 14:37:00,DONATION0337,,,POSTED,
TXN8F9E98E1B7,BB008,O+,Plasma,DONATION,1.0,2025-08-19 14:54:00,DONATION0337,,,POSTED,
TXNB8B6CAF9B3,BB015,B-,RBC,DONATION,1.0,2025-08-19 16:31:00,DONATION0122,,,POSTED,
TXNEC864489DF,BB015,B-,Plasma,DONATION,1.0,2025-08-19 18:15:00,DONATION0122,,,POSTED,
TXN7A10478795,BB002,O+,Plasma,DONATION,2.0,2025-08-20 14:52:00,DONATION1000,,,POSTED,
TXND6360125B9,BB002,O+,Platelets,DONATION,2.0,2025-08-20 15:28:00,DONATION1000,,,POSTED,
TXN9CE647E6E5,BB002,O+,RBC,DONATION,2.0,2025-08-20 18:24:00,DONATION1000,,,POSTED,
TXN484367BF9C,BB015,O+,RBC,DONATION,1.0,2025-08-21 09:38:00,DONATION1317,,,POSTED,
TXN2EA4B9023D,BB018,A-,Platelets,ISSUE,1.0,2025-08-21 10:30:00,,,,POSTED,ISSUE05890646B6
TXNBC8DC08EC6,BB012,A+,Plasma,DONATION,1.0,2025-08-21 10:45:00,DONATION1398,,,POSTED,
TXN295C1EA126,BB020,O+,RBC,ISSUE,5.0,2025-08-21 12:47:00,,,,POSTED,ISSUE69893CEA41
TXN1C71ED5220,BB015,O+,Platelets,DONATION,1.0,2025-08-21 17:24:00,DONATION1317,,,POSTED,
TXN71377E6E4C,BB015,O+,Plasma,DONATION,1.0,2025-08-21 18:19:00,DONATION1317,,,POSTED,
TXNAA7B88589D,BB012,A+,RBC,DONATION,1.0,2025-08-21 18:58:00,DONATION1398,,,POSTED,
TXNB7596B0750,BB013,O+,Plasma,DONATION,1.0,2025-08-22 08:44:00,DONATION1825,,,POSTED,
TXN0F749B34CD,BB001,B+,Platelets,DONATION,1.0,2025-08-22 09:11:00,DONATION1737,,,POSTED,
TXNBB61094F12,BB001,B+,RBC,DONATION,1.0,2025-08-22 15:23:00,DONATION1737,,,POSTED,
TXNA14F230C4A,BB017,A+,Platelets,ISSUE,1.0,2025-08-22 15:56:00,,,,POSTED,ISSUE520BDFF27C
TXNA27B5FE324,BB001,B+,Plasma,DONATION,1.0,2025-08-22 17:11:00,DONATION1737,,,POSTED,
TXN4B0F9D259E,BB013,O+,RBC,DONATION,1.0,2025-08-22 18:51:00,DONATION1825,,,POSTED,
TXN67C82C995B,BB017,A+,Plasma,DONATION,2.0,2025-08-23 10:04:00,DONATION0197,,,POSTED,
TXN096644EB97,BB005,B+,RBC,DONATION,3.0,2025-08-23 10:05:00,DONATION0603,,,POSTED,
TXN19D69293B4,BB001,B+,RBC,ISSUE,1.0,2025-08-23 10:27:00,,,,POSTED,ISSUE5DB2666538
TXNDCFABAC0E8,BB010,AB+,RBC,ISSUE,1.0,2025-08-23 11:57:00,,,,POSTED,ISSUE12A658A023
TXN27FFBDB9F7,BB017,A+,Platelets,DONATION,2.0,2025-08-23 12:38:00,DONATION0197,,,POSTED,
TXN5FA1D8FEF3,BB017,A+,RBC,DONATION,2.0,2025-08-23 12:52:00,DONATION0197,,,POSTED,
TXNF425623BA2,BB005,B+,Platelets,DONATION,3.0,2025-08-23 13:36:00,DONATION0603,,,POSTED,
TXN1F96902269,BB008,B-,RBC,DONATION,1.0,2025-08-23 15:05:00,DONATION1395,,,POSTED,
TXN5F0B10219F,BB005,B+,Plasma,DONATION,3.0,2025-08-23 15:54:00,DONATION0603,,,POSTED,
TXND5E052A195,BB008,B-,Plasma,DONATION,1.0,2025-08-23 16:07:00,DONATION1395,,,POSTED,
TXN3BA6692316,BB008,B-,Platelets,DONATION,1.0,2025-08-23 17:57:00,DONATION1395,,,POSTED,
TXN5884E21039,BB014,O+,Plasma,DONATION,1.0,2025-08-24 08:36:00,DONATION1274,,,POSTED,
TXN3F903149D1,BB014,O+,RBC,DONATION,1.0,2025-08-24 10:45:00,DONATION1274,,,POSTED,
TXN34346F3F90,BB014,O+,RBC,DONATION,1.0,2025-08-24 11:01:00,DONATION1274,,,POSTED,
TXN525DB73CBD,BB015,B-,RBC,ISSUE,1.0,2025-08-24 12:21:00,,,,POSTED,ISSUED324333AD4
TXNE9D24B979F,BB014,O+,Plasma,DONATION,1.0,2025-08-24 14:22:00,DONATION1274,,,POSTED,
TXN97694F8A45,BB015,O+,Plasma,ISSUE,3.0,2025-08-25 08:27:00,,,,POSTED,ISSUE2E99A7F47F
TXNBF750B9A48,BB015,O+,RBC,DONATION,2.0,2025-08-25 09:28:00,DONATION1979,,,POSTED,
TXNC6EE5A5D6C,BB006,O+,Plasma,DONATION,1.0,2025-08-25 10:33:00,DONATION1545,,,POSTED,
TXN9152CCA5B1,BB004,A+,RBC,DONATION,1.0,2025-08-25 11:23:00,DONATION0374,,,POSTED,
TXN1EE8E486A1,BB017,B+,Plasma,DONATION,1.0,2025-08-25 11:28:00,DONATION0372,,,POSTED,
TXN932CBC7DE4,BB015,O+,Plasma,DONATION,2.0,2025-08-25 12:36:00,DONATION1979,,,POSTED,
TXN3AE5F63686,BB009,A+,Plasma,DONATION,1.0,2025-08-25 14:25:00,DONATION0148,,,POSTED,
TXN732992CC5E,BB006,O+,RBC,DONATION,1.0,2025-08-25 15:16:00,DONATION1545,,,POSTED,
TXN7FF03F8ED0,BB009,A+,RBC,DONATION,1.0,2025-08-25 17:43:00,DONATION0148,,,POSTED,
TXNA4DA8F870B,BB004,A+,Plasma,DONATION,1.0,2025-08-25 18:36:00,DONATION0374,,,POSTED,
TXN554791D383,BB017,B+,RBC,DONATION,1.0,2025-08-25 18:46:00,DONATION0372,,,POSTED,
TXN4040D47ACF,BB005,O+,RBC,DONATION,1.0,2025-08-26 09:41:00,DONATION0866,,,POSTED,
TXN78466AEB03,BB003,O-,RBC,DONATION,1.0,2025-08-26 10:20:00,DONATION0679,,,POSTED,
TXN2FA8D49470,BB003,O-,Platelets,DONATION,1.0,2025-08-26 13:00:00,DONATION0679,,,POSTED,
TXN2C2F2EF936,BB005,O+,Platelets,DONATION,1.0,2025-08-26 14:23:00,DONATION0866,,,POSTED,
TXNF71DA64486,BB013,O+,RBC,ISSUE,1.0,2025-08-26 14:25:00,,,,POSTED,ISSUE12DEEC46D1
TXN461B10BF42,BB014,A+,RBC,DONATION,1.0,2025-08-26 14:28:00,DONATION1327,,,POSTED,
TXN0464887AE7,BB003,O-,Plasma,DONATION,1.0,2025-08-26 15:39:00,DONATION0679,,,POSTED,
TXN3D58492740,BB005,O+,Plasma,DONATION,1.0,2025-08-26 16:24:00,DONATION0866,,,POSTED,
TXNCE0E1E122B,BB014,A+,Plasma,DONATION,1.0,2025-08-26 17:36:00,DONATION1327,,,POSTED,
TXN2A61BAF44F,BB014,O+,Plasma,ISSUE,1.0,2025-08-26 18:25:00,,,,POSTED,ISSUE74530E9F42
TXN8EFAF04979,BB005,B+,RBC,DONATION,2.0,2025-08-27 08:41:00,DONATION1542,,,POSTED,
TXNFF38DB57EF,BB006,O+,Plasma,ISSUE,1.0,2025-08-27 09:13:00,,,,POSTED,ISSUE5C94FDF62B
TXNA4D46AAA02,BB005,B+,Plasma,DONATION,2.0,2025-08-27 12:48:00,DONATION1542,,,POSTED,
TXN6222632ECD,BB002,A-,RBC,DONATION,1.0,2025-08-27 13:06:00,DONATION0279,,,POSTED,
TXN336ECD1F29,BB002,A-,Plasma,DONATION,1.0,2025-08-27 18:23:00,DONATION0279,,,POSTED,
TXN1FE537561D,BB020,O+,Plasma,ISSUE,5.0,2025-08-28 11:32:00,,,,POSTED,ISSUEEA682DBBE9
TXN1A4956FE15,BB015,O+,RBC,ISSUE,4.0,2025-08-28 13:04:00,,,,POSTED,ISSUEB1CDA1EAEC
TXN56B68999D6,BB005,B+,Plasma,ISSUE,2.0,2025-08-28 18:04:00,,,,POSTED,ISSUEB092327254
TXNCA810278F8,BB015,O+,Platelets,ISSUE,1.0,2025-08-28 18:17:00,,,,POSTED,ISSUEA6671B0F9A
TXN060F29A40A,BB014,O+,RBC,ISSUE,2.0,2025-08-29 08:41:00,,,,POSTED,ISSUEC5169E7DB8
TXN7E2EAAD588,BB007,O+,RBC,DONATION,2.0,2025-08-29 08:54:00,DONATION0733,,,POSTED,
TXN02CF0DF12B,BB008,B-,Platelets,ISSUE,1.0,2025-08-29 11:27:00,,,,POSTED,ISSUE59111F8200
TXNDA4B213008,BB004,A+,Plasma,ISSUE,4.0,2025-08-29 15:25:00,,,,POSTED,ISSUE3699EC7F42
TXN37508D1F32,BB007,O+,Platelets,DONATION,2.0,2025-08-29 16:38:00,DONATION0733,,,POSTED,
TXN5D65E682AC,BB007,O+,Plasma,DONATION,2.0,2025-08-29 18:56:00,DONATION0733,,,POSTED,
TXN227056D152,BB006,A+,Plasma,DONATION,1.0,2025-08-30 10:48:00,DONATION0385,,,POSTED,
TXN7700FB9A50,BB007,O+,Plasma,ISSUE,2.0,2025-08-30 13:35:00,,,,POSTED,ISSUE9A1E6B64A5
TXN850E15ACB9,BB005,O+,Platelets,ISSUE,2.0,2025-08-30 13:58:00,,,,POSTED,ISSUE668679BDCA
TXNF9356FAD87,BB006,A+,RBC,DONATION,1.0,2025-08-30 15:44:00,DONATION0385,,,POSTED,
TXND7BF447282,BB005,O+,Plasma,ISSUE,2.0,2025-08-30 17:22:00,,,,POSTED,ISSUE62C83089AB
TXN676AD069EC,BB003,O-,Plasma,ISSUE,1.0,2025-08-31 08:52:00,,,,POSTED,ISSUE36FEA5A951
TXNB5CF2D7AA7,BB014,O-,Plasma,DONATION,1.0,2025-08-31 10:35:00,DONATION1579,,,POSTED,
TXNAE6B689A43,BB014,O-,Platelets,DONATION,1.0,2025-08-31 14:42:00,DONATION1579,,,POSTED,
TXN5E354C9ABD,BB012,O+,RBC,DONATION,1.0,2025-08-31 16:49:00,DONATION1007,,,POSTED,
TXN1259DB3E67,BB012,O+,Plasma,DONATION,1.0,2025-08-31 17:38:00,DONATION1007,,,POSTED,
TXNE1DBCC9D97,BB012,A+,Plasma,ISSUE,1.0,2025-08-31 18:09:00,,,,POSTED,ISSUE41E00896C8
TXN3549E008F8,BB014,O-,RBC,DONATION,1.0,2025-08-31 18:12:00,DONATION1579,,,POSTED,
TXNDD02E70FFA,BB012,O+,Platelets,DONATION,1.0,2025-08-31 18:23:00,DONATION1007,,,POSTED,
TXNB20AED1A26,BB017,A+,Platelets,ISSUE,2.0,2025-09-01 08:16:00,,,,POSTED,ISSUEFFE4AF948D
TXN3865931B7D,BB002,A-,Plasma,ISSUE,1.0,2025-09-01 11:26:00,,,,POSTED,ISSUE99C7DCF6C4
TXND51F410EBC,BB005,O+,RBC,ISSUE,3.0,2025-09-01 11:37:00,,,,POSTED,ISSUE47E6DC4105
TXND92000C96E,BB001,B+,Platelets,ISSUE,2.0,2025-09-01 16:44:00,,,,POSTED,ISSUE30B4C19B60
TXNB244448A6A,BB008,B-,Plasma,ISSUE,1.0,2025-09-02 11:40:00,,,,POSTED,ISSUEE80D13F513
TXNB727D18646,BB001,O+,RBC,DONATION,1.0,2025-09-03 08:33:00,DONATION1735,,,POSTED,
TXN9E5638B1B9,BB017,B+,Plasma,ISSUE,3.0,2025-09-03 10:51:00,,,,POSTED,ISSUE01EF9819B8
TXNB30E1E0B22,BB001,O+,Plasma,DONATION,1.0,2025-09-03 11:45:00,DONATION1735,,,POSTED,
TXNA7A3AA6557,BB001,O+,Platelets,DONATION,1.0,2025-09-03 12:10:00,DONATION1735,,,POSTED,
TXNEB1FE5C08A,BB001,B+,Plasma,DONATION,1.0,2025-09-03 16:14:00,DONATION0017,,,POSTED,
TXN12A1CAB666,BB001,B+,RBC,DONATION,1.0,2025-09-03 18:44:00,DONATION0017,,,POSTED,
TXN09F54562AD,BB019,AB-,Plasma,DONATION,1.0,2025-09-04 09:59:00,DONATION0710,,,POSTED,
TXNFA2171A0D4,BB019,AB-,RBC,DONATION,1.0,2025-09-04 15:01:00,DONATION0710,,,POSTED,
TXN92FD58EAC9,BB016,A+,Plasma,DONATION,1.0,2025-09-04 15:05:00,DONATION1407,,,POSTED,
TXNB64E3949BC,BB016,A+,RBC,DONATION,1.0,2025-09-04 15:26:00,DONATION1407,,,POSTED,
TXN284B0A203B,BB012,O+,Plasma,ISSUE,2.0,2025-09-04 17:34:00,,,,POSTED,ISSUE54A790257F
TXNDC3792DE62,BB014,A+,RBC,ISSUE,3.0,2025-09-05 08:44:00,,,,POSTED,ISSUEA8C0CD5179
TXND96C2D5851,BB016,A+,Plasma,ISSUE,2.0,2025-09-05 10:04:00,,,,POSTED,ISSUED524FBB51E
TXN8CB368BD09,BB014,O-,Plasma,ISSUE,1.0,2025-09-05 12:52:00,,,,POSTED,ISSUE341F6672F2
TXN9ED1F49D8B,BB002,A-,RBC,ISSUE,1.0,2025-09-05 16:04:00,,,,POSTED,ISSUEBD2B251381
TXND1BD25DC01,BB006,A+,Plasma,ISSUE,3.0,2025-09-05 17:38:00,,,,POSTED,ISSUE59D13ABE3E
TXNB336454DE7,BB006,A+,RBC,ISSUE,4.0,2025-09-05 18:25:00,,,,POSTED,ISSUE9ABE97A50E
TXN99F57C5DD9,BB020,O+,Plasma,DONATION,2.0,2025-09-06 08:54:00,DONATION1888,,,POSTED,
TXNC42115170E,BB020,O+,RBC,DONATION,2.0,2025-09-06 14:05:00,DONATION1888,,,POSTED,
TXNF529828C50,BB020,O+,Platelets,DONATION,2.0,2025-09-06 14:49:00,DONATION1888,,,POSTED,
TXNADC92E8ED6,BB012,O+,Platelets,ISSUE,1.0,2025-09-06 14:56:00,,,,POSTED,ISSUEB476756FBC
TXND3854C8ECF,BB019,AB-,RBC,ISSUE,1.0,2025-09-06 17:23:00,,,,POSTED,ISSUED7EDA343B1
TXNA6C30155EC,BB013,A+,RBC,DONATION,1.0,2025-09-07 08:47:00,DONATION1173,,,POSTED,
TXN4C0FE47D52,BB013,A+,Plasma,DONATION,1.0,2025-09-07 09:58:00,DONATION1173,,,POSTED,
TXN8B8A847802,BB005,B+,Plasma,DONATION,1.0,2025-09-07 11:22:00,DONATION0614,,,POSTED,
TXN6EC248C711,BB013,A+,Platelets,DONATION,1.0,2025-09-07 12:46:00,DONATION1173,,,POSTED,
TXND843B4AA4F,BB017,B+,Plasma,DONATION,1.0,2025-09-07 13:19:00,DONATION1983,,,POSTED,
TXNBCF3FBEF7A,BB003,O+,Plasma,DONATION,1.0,2025-09-07 15:08:00,DONATION1992,,,POSTED,
TXNFAAD6D7835,BB005,B+,RBC,DONATION,1.0,2025-09-07 15:31:00,DONATION0614,,,POSTED,
TXN344AD49DDA,BB003,O+,RBC,DONATION,1.0,2025-09-07 15:45:00,DONATION1992,,,POSTED,
TXN0E8560C12B,BB017,B+,RBC,DONATION,1.0,2025-09-07 17:14:00,DONATION1983,,,POSTED,
TXN06FD0D61A0,BB017,B+,Platelets,DONATION,1.0,2025-09-07 17:43:00,DONATION1983,,,POSTED,
TXN26746DCC8D,BB005,B+,Plasma,ISSUE,3.0,2025-09-08 09:46:00,,,,POSTED,ISSUEEB32565E1D
TXNF04E7E88D4,BB018,B-,Plasma,DONATION,2.0,2025-09-08 10:10:00,DONATION1047,,,POSTED,
TXNB6122F5252,BB016,AB+,Plasma,DONATION,1.0,2025-09-08 10:59:00,DONATION0213,,,POSTED,
TXNC88536DBB2,BB016,AB+,RBC,DONATION,1.0,2025-09-08 12:35:00,DONATION0213,,,POSTED,
TXNDBB62D0158,BB016,AB+,Platelets,DONATION,1.0,2025-09-08 15:07:00,DONATION0213,,,POSTED,
TXNECFF271F5C,BB018,B-,RBC,DONATION,2.0,2025-09-08 16:16:00,DONATION1047,,,POSTED,
TXNB3CC708FB9,BB006,A+,RBC,DONATION,1.0,2025-09-09 09:46:00,DONATION0623,,,POSTED,
TXNCDC2744828,BB014,O-,RBC,ISSUE,3.0,2025-09-09 11:43:00,,,,POSTED,ISSUE5758DB8908
TXN0715F4B09E,BB006,AB+,Plasma,DONATION,1.0,2025-09-09 12:49:00,DONATION0687,,,POSTED,
TXNB2F99B6E08,BB017,B+,Plasma,ISSUE,1.0,2025-09-09 16:12:00,,,,POSTED,ISSUEA3B7A5DA0B
TXN3A54467E4E,BB006,A+,Plasma,DONATION,1.0,2025-09-09 16:57:00,DONATION0623,,,POSTED,
TXNEB8CFCD7FF,BB006,AB+,RBC,DONATION,1.0,2025-09-09 17:07:00,DONATION0687,,,POSTED,
TXN8AB38F9FBE,BB003,O+,Plasma,ISSUE,2.0,2025-09-10 10:57:00,,,,POSTED,ISSUECEE21C34FE
TXN3DDAD42440,BB001,B+,RBC,ISSUE,3.0,2025-09-10 14:08:00,,,,POSTED,ISSUE3464361B78
TXN6CDE1F7853,BB006,AB+,Plasma,DONATION,1.0,2025-09-11 08:09:00,DONATION1252,,,POSTED,
TXN0F81C9E08E,BB014,A-,Plasma,DONATION,1.0,2025-09-11 08:19:00,DONATION1647,,,POSTED,
TXN63B39C64FE,BB004,B+,Plasma,DONATION,1.0,2025-09-11 08:23:00,DONATION1291,,,POSTED,
TXN86DD3DB4C7,BB014,A-,RBC,DONATION,1.0,2025-09-11 08:45:00,DONATION1647,,,POSTED,
TXN33FD94B0AF,BB004,B+,Platelets,DONATION,1.0,2025-09-11 09:00:00,DONATION1291,,,POSTED,
TXNC6853BD430,BB014,A-,RBC,DONATION,1.0,2025-09-11 09:35:00,DONATION1647,,,POSTED,
TXN3EEE70AA60,BB018,B+,RBC,DONATION,3.0,2025-09-11 10:36:00,DONATION0884,,,POSTED,
TXNDBAA2785ED,BB014,A-,Plasma,DONATION,1.0,2025-09-11 11:08:00,DONATION1647,,,POSTED,
TXN29D6F17A8E,BB006,AB+,RBC,DONATION,1.0,2025-09-11 11:20:00,DONATION1252,,,POSTED,
TXN7A4E811E58,BB008,A+,RBC,DONATION,1.0,2025-09-11 12:10:00,DONATION0753,,,POSTED,
TXNA15CA1F16A,BB008,A+,Plasma,DONATION,1.0,2025-09-11 13:08:00,DONATION0753,,,POSTED,
TXN7DF6821EA9,BB014,A-,Platelets,DONATION,1.0,2025-09-11 13:09:00,DONATION1647,,,POSTED,
TXN628C474F06,BB006,AB+,Platelets,DONATION,1.0,2025-09-11 16:01:00,DONATION1252,,,POSTED,
TXND0558B4090,BB004,B+,RBC,DONATION,1.0,2025-09-11 17:16:00,DONATION1291,,,POSTED,
TXN012E512D24,BB018,B+,Plasma,DONATION,3.0,2025-09-11 17:37:00,DONATION0884,,,POSTED,
TXN56FE7B5B43,BB009,O+,Plasma,DONATION,1.0,2025-09-12 08:49:00,DONATION1726,,,POSTED,
TXN1602FC3812,BB009,O+,RBC,DONATION,1.0,2025-09-12 09:04:00,DONATION1726,,,POSTED,
TXN0ED8229043,BB003,A+,Plasma,DONATION,1.0,2025-09-12 09:15:00,DONATION0050,,,POSTED,
TXN4D5C788867,BB016,B-,Plasma,DONATION,1.0,2025-09-12 09:53:00,DONATION0975,,,POSTED,
TXNA652A070CB,BB016,B-,RBC,DONATION,1.0,2025-09-12 09:58:00,DONATION0975,,,POSTED,
TXNA1F3040408,BB009,B+,Plasma,DONATION,1.0,2025-09-12 10:55:00,DONATION1636,,,POSTED,
TXN894316EBF9,BB005,A+,RBC,DONATION,1.0,2025-09-12 11:19:00,DONATION1831,,,POSTED,
TXNCE53660563,BB005,A+,Plasma,DONATION,1.0,2025-09-12 11:55:00,DONATION1831,,,POSTED,
TXNDF11190A7B,BB003,A+,RBC,DONATION,1.0,2025-09-12 13:51:00,DONATION0050,,,POSTED,
TXNF66A6FAE43,BB009,O+,Platelets,DONATION,1.0,2025-09-12 14:02:00,DONATION1726,,,POSTED,
TXN47751D344A,BB018,B+,RBC,ISSUE,2.0,2025-09-12 14:23:00,,,,POSTED,ISSUE0969948616
TXN3A85D3BE6D,BB019,A+,Platelets,DONATION,1.0,2025-09-12 14:27:00,DONATION0676,,,POSTED,
TXN5181CBB481,BB019,A+,Plasma,DONATION,1.0,2025-09-12 14:38:00,DONATION0676,,,POSTED,
TXN5F2A85AE1A,BB009,B+,RBC,DONATION,1.0,2025-09-12 15:49:00,DONATION1636,,,POSTED,
TXND5AA8D9618,BB019,A+,RBC,DONATION,1.0,2025-09-12 16:24:00,DONATION0676,,,POSTED,
TXNAB905DE70A,BB003,A+,Platelets,DONATION,1.0,2025-09-12 16:28:00,DONATION0050,,,POSTED,
TXN02DC560DDD,BB008,O+,RBC,DONATION,3.0,2025-09-13 08:05:00,DONATION0320,,,POSTED,
TXN00599D97F3,BB002,A+,Platelets,DONATION,2.0,2025-09-13 09:15:00,DONATION0731,,,POSTED,
TXN647C7C6138,BB016,B+,RBC,DONATION,1.0,2025-09-13 09:31:00,DONATION0942,,,POSTED,
TXN27DA0D4B24,BB002,A+,Plasma,DONATION,2.0,2025-09-13 10:15:00,DONATION0731,,,POSTED,
TXND25BBA7BC0,BB006,O+,RBC,DONATION,1.0,2025-09-13 13:31:00,DONATION1356,,,POSTED,
TXNC93CE5641B,BB016,B+,Plasma,DONATION,1.0,2025-09-13 13:40:00,DONATION0942,,,POSTED,
TXN24D4800AD6,BB006,O+,Platelets,DONATION,1.0,2025-09-13 13:43:00,DONATION1356,,,POSTED,
TXN8A3114BEC3,BB002,A+,RBC,DONATION,2.0,2025-09-13 13:50:00,DONATION0731,,,POSTED,
TXN9545704F7B,BB006,O+,Plasma,DONATION,1.0,2025-09-13 14:47:00,DONATION1356,,,POSTED,
TXNDE927F404C,BB008,O+,Platelets,DONATION,3.0,2025-09-13 15:21:00,DONATION0320,,,POSTED,
TXND2CF18FD7A,BB008,O+,Plasma,DONATION,3.0,2025-09-13 16:13:00,DONATION0320,,,POSTED,
TXN6C4F1E0B48,BB003,O+,RBC,ISSUE,2.0,2025-09-13 17:04:00,,,,POSTED,ISSUE063A27E53C
TXN65CC028793,BB015,AB+,Plasma,DONATION,1.0,2025-09-14 11:29:00,DONATION1608,,,POSTED,
TXN69B0C9F963,BB003,A-,Plasma,DONATION,1.0,2025-09-14 11:32:00,DONATION1936,,,POSTED,
TXN6BBD035748,BB003,A-,RBC,DONATION,1.0,2025-09-14 13:28:00,DONATION1936,,,POSTED,
TXN4942A5DF7C,BB015,AB+,RBC,DONATION,1.0,2025-09-14 16:32:00,DONATION1608,,,POSTED,
TXN11119451F3,BB003,A-,Platelets,DONATION,1.0,2025-09-14 18:21:00,DONATION1936,,,POSTED,
TXN010F023057,BB011,A-,RBC,DONATION,2.0,2025-09-15 08:08:00,DONATION0420,,,POSTED,
TXN3920131CEA,BB016,AB+,Platelets,ISSUE,1.0,2025-09-15 08:37:00,,,,POSTED,ISSUED5CBE66B15
TXN1507460518,BB016,A-,RBC,DONATION,2.0,2025-09-15 08:44:00,DONATION1918,,,POSTED,
TXN42319C41D8,BB019,A+,RBC,ISSUE,5.0,2025-09-15 09:06:00,,,,POSTED,ISSUE3D3F2274ED
TXNB05F401CA8,BB011,A-,Plasma,DONATION,2.0,2025-09-15 09:15:00,DONATION0420,,,POSTED,
TXNCB87D5E859,BB013,A+,Plasma,DONATION,1.0,2025-09-15 09:43:00,DONATION0551,,,POSTED,
TXN0DB15AF0A1,BB018,B-,RBC,ISSUE,1.0,2025-09-15 09:51:00,,,,POSTED,ISSUE48E36F8CDC
TXN95D4063AB7,BB016,A-,Plasma,DONATION,2.0,2025-09-15 11:54:00,DONATION1918,,,POSTED,
TXNB4DAB533EC,BB012,A+,RBC,DONATION,2.0,2025-09-15 13:10:00,DONATION0854,,,POSTED,
TXN39016F32BD,BB012,A+,Plasma,DONATION,2.0,2025-09-15 14:10:00,DONATION0854,,,POSTED,
TXN40692AFF7F,BB013,A+,RBC,DONATION,1.0,2025-09-15 14:24:00,DONATION0551,,,POSTED,
TXN15DFBB0734,BB016,A-,Platelets,DONATION,2.0,2025-09-15 15:41:00,DONATION1918,,,POSTED,
TXNFAC9537DF3,BB004,B+,Plasma,ISSUE,1.0,2025-09-16 12:32:00,,,,POSTED,ISSUE239A63E203
TXNA99665FBD1,BB008,A+,Plasma,ISSUE,1.0,2025-09-16 12:42:00,,,,POSTED,ISSUE31143AED54
TXN8DB4C237B9,BB013,A+,RBC,ISSUE,1.0,2025-09-16 17:00:00,,,,POSTED,ISSUE3B6458B9B2
TXNCC54FB9E3F,BB013,A+,Plasma,DONATION,1.0,2025-09-17 08:15:00,DONATION0142,,,POSTED,
TXN5D10AAA362,BB014,A-,Plasma,ISSUE,1.0,2025-09-17 08:26:00,,,,POSTED,ISSUEB133AD2376
TXNF9BC8E5E3F,BB013,A+,Platelets,DONATION,1.0,2025-09-17 08:39:00,DONATION0142,,,POSTED,
TXNC42900B887,BB003,A-,Plasma,ISSUE,1.0,2025-09-17 09:18:00,,,,POSTED,ISSUE1F9A0F44CF
TXN82A66F8D98,BB019,O+,Plasma,DONATION,3.0,2025-09-17 09:32:00,DONATION1974,,,POSTED,
TXN39FBF9A628,BB007,O-,Plasma,DONATION,1.0,2025-09-17 09:32:00,DONATION0153,,,POSTED,
TXN3F84679EED,BB012,AB+,RBC,DONATION,1.0,2025-09-17 09:43:00,DONATION0002,,,POSTED,
TXN062F2B47AD,BB002,A+,Plasma,DONATION,1.0,2025-09-17 10:59:00,DONATION0607,,,POSTED,
TXNC41DDABA66,BB003,A+,Platelets,ISSUE,1.0,2025-09-17 11:18:00,,,,POSTED,ISSUEFCCC91C8B3
TXN90B9488159,BB020,A+,Platelets,DONATION,2.0,2025-09-17 11:30:00,DONATION0268,,,POSTED,
TXN92948DB4E1,BB019,O+,RBC,DONATION,3.0,2025-09-17 12:13:00,DONATION1974,,,POSTED,
TXN26937B6E48,BB001,A+,Platelets,DONATION,1.0,2025-09-17 13:10:00,DONATION0587,,,POSTED,
TXN58FA37C52F,BB001,A+,Plasma,DONATION,1.0,2025-09-17 15:29:00,DONATION0587,,,POSTED,
TXN52C3444DB2,BB012,AB+,Plasma,DONATION,1.0,2025-09-17 16:05:00,DONATION0002,,,POSTED,
TXNB1E0D88652,BB009,B+,Plasma,ISSUE,1.0,2025-09-17 16:42:00,,,,POSTED,ISSUE0511A8F3A4
TXNEDC4EC523F,BB020,A+,RBC,DONATION,2.0,2025-09-17 17:24:00,DONATION0268,,,POSTED,
TXN91B5427E7A,BB002,A+,RBC,DONATION,1.0,2025-09-17 18:02:00,DONATION0607,,,POSTED,
TXN77BD0397EC,BB013,A+,RBC,DONATION,1.0,2025-09-17 18:02:00,DONATION0142,,,POSTED,
TXNA2080039D1,BB007,O-,RBC,DONATION,1.0,2025-09-17 18:23:00,DONATION0153,,,POSTED,
TXNC994C119E6,BB020,A+,Plasma,DONATION,2.0,2025-09-17 18:23:00,DONATION0268,,,POSTED,
TXND8D5C77CF3,BB001,A+,RBC,DONATION,1.0,2025-09-17 18:47:00,DONATION0587,,,POSTED,
TXN1CFA688F43,BB009,O+,Platelets,ISSUE,1.0,2025-09-17 18:48:00,,,,POSTED,ISSUE94EAF7B08F
TXN8489ED7DEA,BB002,A+,Plasma,ISSUE,2.0,2025-09-18 10:21:00,,,,POSTED,ISSUE8FFE4BCF74
TXN30EDB6F833,BB017,B+,RBC,DONATION,1.0,2025-09-18 10:51:00,DONATION0336,,,POSTED,
TXN5F96E7D51A,BB008,O+,Platelets,ISSUE,1.0,2025-09-18 11:54:00,,,,POSTED,ISSUE6870A81949
TXN173BAA9ACC,BB016,B-,Plasma,ISSUE,1.0,2025-09-18 13:47:00,,,,POSTED,ISSUEE63E5ECF55
TXN236846658D,BB016,B-,RBC,ISSUE,1.0,2025-09-18 14:55:00,,,,POSTED,ISSUE0366334909
TXN7647A50D49,BB002,A+,Plasma,ISSUE,2.0,2025-09-18 16:07:00,,,,POSTED,ISSUEF0A14A725B
TXNC0E1E1493E,BB017,B+,Plasma,DONATION,1.0,2025-09-18 17:29:00,DONATION0336,,,POSTED,
TXN6B111E1C27,BB009,O+,Plasma,ISSUE,2.0,2025-09-18 18:58:00,,,,POSTED,ISSUE115DDB12B2
TXN919FB5A01E,BB004,A+,RBC,DONATION,2.0,2025-09-19 08:30:00,DONATION1721,,,POSTED,
TXN8AA27D0A08,BB014,O+,Platelets,DONATION,1.0,2025-09-19 08:38:00,DONATION1383,,,POSTED,
TXN9F385628B8,BB006,A+,RBC,ISSUE,3.0,2025-09-19 10:32:00,,,,POSTED,ISSUE9CB11CFBA8
TXN219CAEF5D7,BB014,O+,Plasma,DONATION,1.0,2025-09-19 11:27:00,DONATION1383,,,POSTED,
TXN51B0D6D607,BB004,A+,Plasma,DONATION,2.0,2025-09-19 13:19:00,DONATION1721,,,POSTED,
TXN44F65E9B6B,BB018,O+,Platelets,DONATION,1.0,2025-09-19 13:32:00,DONATION0580,,,POSTED,
TXN3687CA3BB8,BB003,A-,Platelets,EXPIRY,1.0,2025-09-19 13:53:00,,,,POSTED,
TXN4C0DD22C48,BB018,O+,RBC,DONATION,1.0,2025-09-19 15:34:00,DONATION0580,,,POSTED,
TXN3C78BC70B0,BB014,O+,RBC,DONATION,1.0,2025-09-19 15:56:00,DONATION1383,,,POSTED,
TXNF45E377353,BB005,A+,Plasma,ISSUE,1.0,2025-09-19 17:32:00,,,,POSTED,ISSUE350FAC3D55
TXN60CE6F9043,BB018,O+,Plasma,DONATION,1.0,2025-09-19 18:22:00,DONATION0580,,,POSTED,
TXNFF77131C39,BB004,A+,RBC,ISSUE,2.0,2025-09-20 08:13:00,,,,POSTED,ISSUE39E5936AA2
TXN2D7C310031,BB013,A+,Plasma,ISSUE,5.0,2025-09-20 08:57:00,,,,POSTED,ISSUEF3F88E7FEF
TXN900469571A,BB014,O+,Platelets,ISSUE,1.0,2025-09-20 09:32:00,,,,POSTED,ISSUE9DA7389EA6
TXND68AE284C4,BB009,O+,RBC,ISSUE,1.0,2025-09-20 11:14:00,,,,POSTED,ISSUE9A398C7C90
TXNDDE4C3D138,BB019,A+,Platelets,ISSUE,3.0,2025-09-20 12:29:00,,,,POSTED,ISSUE2D46E84C84
TXNC6CD68B075,BB008,A-,RBC,DONATION,2.0,2025-09-20 16:26:00,DONATION0872,,,POSTED,
TXNA33D378970,BB008,A-,Plasma,DONATION,2.0,2025-09-20 16:43:00,DONATION0872,,,POSTED,
TXN34825E0DEF,BB002,A+,Platelets,ISSUE,3.0,2025-09-20 18:02:00,,,,POSTED,ISSUE22048E0E78
TXN8371EC8F39,BB001,A+,Plasma,ISSUE,2.0,2025-09-20 18:16:00,,,,POSTED,ISSUE2C133DC0FB
TXN47C695A7BE,BB006,AB+,RBC,ISSUE,1.0,2025-09-21 09:39:00,,,,POSTED,ISSUE902DAA0AA8
TXND0AF21F2D0,BB008,A-,Plasma,ISSUE,1.0,2025-09-21 09:56:00,,,,POSTED,ISSUEEF7C9E4EE1
TXNAEB1F4D7C5,BB006,O+,Platelets,ISSUE,1.0,2025-09-21 11:13:00,,,,POSTED,ISSUE6765FF83EC
TXN74AB3DC094,BB018,O+,Plasma,ISSUE,3.0,2025-09-21 15:47:00,,,,POSTED,ISSUE90C09EE98B
TXNFB17447767,BB008,A-,RBC,ISSUE,1.0,2025-09-21 16:23:00,,,,POSTED,ISSUE80FB28C62E
TXNC58C275F1F,BB013,O+,Plasma,DONATION,2.0,2025-09-22 13:11:00,DONATION1723,,,POSTED,
TXN06F6476960,BB013,O+,RBC,DONATION,2.0,2025-09-22 16:48:00,DONATION1723,,,POSTED,
TXN142BCD5D89,BB020,A+,Plasma,ISSUE,4.0,2025-09-22 17:15:00,,,,POSTED,ISSUEE6B3AA372D
TXNE5F9DAAD3B,BB001,A+,RBC,ISSUE,2.0,2025-09-23 08:03:00,,,,POSTED,ISSUE395D6B4E11
TXN9252450DBE,BB002,O+,Platelets,DONATION,1.0,2025-09-24 09:01:00,DONATION0659,,,POSTED,
TXN30C438A6CF,BB002,O+,Plasma,DONATION,1.0,2025-09-24 09:19:00,DONATION0659,,,POSTED,
TXNDF068DD5D2,BB002,B-,Plasma,DONATION,1.0,2025-09-24 10:48:00,DONATION1109,,,POSTED,
TXN65E451FFA8,BB017,B+,Plasma,ISSUE,4.0,2025-09-24 11:31:00,,,,POSTED,ISSUE9D4705CC7C
TXN42F9FFA92C,BB004,A-,Plasma,DONATION,1.0,2025-09-24 12:38:00,DONATION1375,,,POSTED,
TXNE30D03E746,BB015,AB+,RBC,ISSUE,1.0,2025-09-24 13:46:00,,,,POSTED,ISSUE73B8AB8244
TXN7B8812C914,BB002,O+,RBC,DONATION,1.0,2025-09-24 15:20:00,DONATION0659,,,POSTED,
TXNC9DFF90959,BB012,AB+,RBC,ISSUE,1.0,2025-09-24 16:29:00,,,,POSTED,ISSUE6C024DDCD7
TXN72862FBCCB,BB004,A-,RBC,DONATION,1.0,2025-09-24 17:39:00,DONATION1375,,,POSTED,
TXN0BC28EE4B6,BB002,B-,RBC,DONATION,1.0,2025-09-24 17:43:00,DONATION1109,,,POSTED,
TXN0705EFC66F,BB009,O+,Platelets,DONATION,1.0,2025-09-25 08:48:00,DONATION0203,,,POSTED,
TXN4479C10313,BB016,B+,Plasma,DONATION,2.0,2025-09-25 09:38:00,DONATION0621,,,POSTED,
TXND9FD6DD9A0,BB020,A+,Platelets,ISSUE,1.0,2025-09-25 10:34:00,,,,POSTED,ISSUEE17F2E1A25
TXNEE1DF3CDA7,BB016,A-,Plasma,DONATION,1.0,2025-09-25 12:05:00,DONATION0012,,,POSTED,
TXNA279BDD9F2,BB016,B+,RBC,DONATION,2.0,2025-09-25 13:35:00,DONATION0621,,,POSTED,
TXN799B111DE0,BB009,O+,RBC,DONATION,1.0,2025-09-25 17:01:00,DONATION0203,,,POSTED,
TXND07EF73379,BB012,AB+,Plasma,ISSUE,1.0,2025-09-25 17:51:00,,,,POSTED,ISSUEA1FBF315C6
TXNEA2C7BBF52,BB016,A-,RBC,DONATION,1.0,2025-09-25 18:14:00,DONATION0012,,,POSTED,
TXNBBA45CDB79,BB009,O+,Plasma,DONATION,1.0,2025-09-25 18:52:00,DONATION0203,,,POSTED,
TXN0C5A733ACA,BB017,B+,Plasma,DONATION,1.0,2025-09-26 09:36:00,DONATION1766,,,POSTED,
TXN8A41491413,BB017,B+,RBC,DONATION,1.0,2025-09-26 14:31:00,DONATION1766,,,POSTED,
TXN9BEC01F54B,BB011,A+,Plasma,DONATION,1.0,2025-09-27 09:20:00,DONATION1199,,,POSTED,
TXN0F8534CBF2,BB011,A+,Platelets,DONATION,1.0,2025-09-27 12:11:00,DONATION1199,,,POSTED,
TXN3B32AE8038,BB002,B-,RBC,ISSUE,1.0,2025-09-27 14:06:00,,,,POSTED,ISSUEE6B1813E0D
TXN1018CECF98,BB011,A+,RBC,DONATION,1.0,2025-09-27 14:37:00,DONATION1199,,,POSTED,
TXN6C0F9BEA5C,BB007,A+,Plasma,DONATION,1.0,2025-09-27 14:44:00,DONATION0056,,,POSTED,
TXNC43E5CD13F,BB007,A+,RBC,DONATION,1.0,2025-09-27 15:18:00,DONATION0056,,,POSTED,
TXNE563134AE4,BB007,A+,RBC,ISSUE,5.0,2025-09-28 10:45:00,,,,POSTED,ISSUE392E4F1670
TXN1620192B31,BB009,O+,Plasma,ISSUE,4.0,2025-09-28 14:50:00,,,,POSTED,ISSUEE465FE0168
TXN50B2C89402,BB009,O+,Platelets,ISSUE,4.0,2025-09-28 16:31:00,,,,POSTED,ISSUED29A484770
TXN559E5460C9,BB018,B-,RBC,DONATION,2.0,2025-09-29 14:12:00,DONATION1684,,,POSTED,
TXNDB461182E8,BB018,B-,Plasma,DONATION,2.0,2025-09-29 15:20:00,DONATION1684,,,POSTED,
TXNA0F4A137DD,BB004,A-,RBC,ISSUE,2.0,2025-09-29 17:01:00,,,,POSTED,ISSUE3967C520E2
TXNA7FB81ADEA,BB010,B+,Plasma,DONATION,1.0,2025-10-01 12:29:00,DONATION1521,,,POSTED,
TXN0904CCD381,BB010,B+,RBC,DONATION,1.0,2025-10-01 16:54:00,DONATION1521,,,POSTED,
TXNA950E2D708,BB017,A+,Platelets,DONATION,2.0,2025-10-02 08:41:00,DONATION1409,,,POSTED,
TXNCBF485AC88,BB013,B+,Plasma,DONATION,1.0,2025-10-02 08:50:00,DONATION0284,,,POSTED,
TXN1BB96DD449,BB013,B+,Platelets,DONATION,1.0,2025-10-02 10:50:00,DONATION0284,,,POSTED,
TXNC901255CD9,BB017,A+,Plasma,DONATION,2.0,2025-10-02 11:03:00,DONATION1409,,,POSTED,
TXNADA8D8678B,BB017,A+,RBC,DONATION,2.0,2025-10-02 16:52:00,DONATION1409,,,POSTED,
TXN4E84502973,BB013,B+,RBC,DONATION,1.0,2025-10-02 17:01:00,DONATION0284,,,POSTED,
TXNC0BDC0F44A,BB010,B+,RBC,DONATION,1.0,2025-10-03 08:00:00,DONATION1602,,,POSTED,
TXNA22AFD987C,BB010,B+,Plasma,DONATION,1.0,2025-10-03 10:59:00,DONATION1602,,,POSTED,
TXN0FBBCA809C,BB004,A-,Plasma,ISSUE,1.0,2025-10-03 15:27:00,,,,POSTED,ISSUE633408CFDD
TXN31E8D15819,BB010,B+,Platelets,DONATION,1.0,2025-10-03 18:37:00,DONATION1602,,,POSTED,
TXNC5825FC01B,BB017,B+,Plasma,ISSUE,1.0,2025-10-04 18:06:00,,,,POSTED,ISSUE9A0C70A821
TXN96D89C7DFF,BB019,A+,Platelets,DONATION,1.0,2025-10-05 08:29:00,DONATION0900,,,POSTED,
TXNB6535222F9,BB013,A+,Plasma,DONATION,2.0,2025-10-05 08:42:00,DONATION1033,,,POSTED,
TXN3A8FD405D5,BB019,A+,RBC,DONATION,1.0,2025-10-05 10:12:00,DONATION0900,,,POSTED,
TXNA161CE9D62,BB019,A+,Plasma,DONATION,1.0,2025-10-05 11:53:00,DONATION0900,,,POSTED,
TXN5955B05D92,BB012,A+,Plasma,DONATION,1.0,2025-10-05 12:12:00,DONATION1844,,,POSTED,
TXNCFB75A41EA,BB013,A+,Platelets,DONATION,2.0,2025-10-05 12:48:00,DONATION1033,,,POSTED,
TXN61FE745AC5,BB012,A+,Platelets,DONATION,1.0,2025-10-05 13:11:00,DONATION1844,,,POSTED,
TXND753E6007F,BB012,A+,RBC,DONATION,1.0,2025-10-05 13:51:00,DONATION1844,,,POSTED,
TXNE7F3B99175,BB013,A+,RBC,DONATION,2.0,2025-10-05 14:09:00,DONATION1033,,,POSTED,
TXNA174DF49BB,BB013,B+,RBC,ISSUE,2.0,2025-10-05 15:31:00,,,,POSTED,ISSUED632B46CB6
TXNA0E6C92E4B,BB018,B+,Plasma,DONATION,1.0,2025-10-06 10:22:00,DONATION1633,,,POSTED,
TXN388AA0D8C4,BB017,A+,RBC,ISSUE,1.0,2025-10-06 11:37:00,,,,POSTED,ISSUED788EC62C6
TXNA5C7BD78C7,BB018,B+,RBC,DONATION,1.0,2025-10-06 14:13:00,DONATION1633,,,POSTED,
TXNE7D663645C,BB018,B+,Platelets,DONATION,1.0,2025-10-06 18:05:00,DONATION1633,,,POSTED,
TXNA1F04C3C64,BB020,O+,Plasma,DONATION,1.0,2025-10-07 08:28:00,DONATION0354,,,POSTED,
TXN8EC1EA357F,BB012,A-,Platelets,DONATION,1.0,2025-10-07 08:49:00,DONATION1049,,,POSTED,
TXN8500165AEE,BB012,A-,RBC,DONATION,1.0,2025-10-07 10:02:00,DONATION1049,,,POSTED,
TXNAB6A9313FE,BB016,AB-,Plasma,DONATION,2.0,2025-10-07 10:13:00,DONATION0963,,,POSTED,
TXN2D356955E5,BB007,A+,RBC,DONATION,1.0,2025-10-07 10:42:00,DONATION1536,,,POSTED,
TXN435C83B76D,BB012,A-,Plasma,DONATION,1.0,2025-10-07 10:59:00,DONATION1049,,,POSTED,
TXNBEF9A9BACA,BB013,A+,Plasma,ISSUE,4.0,2025-10-07 12:10:00,,,,POSTED,ISSUEC33789A474
TXN7C6CF6F298,BB020,O+,Platelets,DONATION,1.0,2025-10-07 13:45:00,DONATION0354,,,POSTED,
TXNEDAD246A31,BB020,O+,Platelets,DONATION,1.0,2025-10-07 15:09:00,DONATION0354,,,POSTED,
TXNF82D5D4ECD,BB007,A+,Plasma,DONATION,1.0,2025-10-07 15:23:00,DONATION1536,,,POSTED,
TXN0DDDE1351D,BB016,AB-,RBC,DONATION,2.0,2025-10-07 15:44:00,DONATION0963,,,POSTED,
TXNF83D6D63E2,BB020,O+,Plasma,DONATION,1.0,2025-10-07 15:48:00,DONATION0354,,,POSTED,
TXN9B0CF204F3,BB020,O+,RBC,DONATION,1.0,2025-10-07 16:09:00,DONATION0354,,,POSTED,
TXN625306C15A,BB020,O+,RBC,DONATION,1.0,2025-10-07 16:40:00,DONATION0354,,,POSTED,
TXNC7B27B74A4,BB009,A+,RBC,DONATION,1.0,2025-10-07 17:00:00,DONATION1517,,,POSTED,
TXN1FC8018E95,BB009,A+,Plasma,DONATION,1.0,2025-10-07 17:31:00,DONATION1517,,,POSTED,
TXN7A189C3902,BB018,O+,RBC,DONATION,1.0,2025-10-08 10:34:00,DONATION1671,,,POSTED,
TXND2F3AFFA6E,BB008,B+,RBC,DONATION,1.0,2025-10-08 10:52:00,DONATION0376,,,POSTED,
TXN1E2326B6F7,BB008,B+,Plasma,DONATION,1.0,2025-10-08 11:51:00,DONATION0376,,,POSTED,
TXN5E06DC0E9A,BB018,O+,Plasma,DONATION,1.0,2025-10-08 12:07:00,DONATION1671,,,POSTED,
TXNE8BDC6AF22,BB001,A+,RBC,DONATION,1.0,2025-10-08 14:44:00,DONATION1563,,,POSTED,
TXNAEB2CAFD8D,BB001,A+,Plasma,DONATION,1.0,2025-10-08 18:49:00,DONATION1563,,,POSTED,
TXNA6CD5E4AB1,BB018,B+,Platelets,ISSUE,1.0,2025-10-10 18:23:00,,,,POSTED,ISSUE66957BF1C4
TXNFC83F9EC97,BB020,O+,Plasma,ISSUE,1.0,2025-10-11 08:04:00,,,,POSTED,ISSUE489D1D82FD
TXN2CC1FEC082,BB014,O+,RBC,DONATION,1.0,2025-10-11 08:54:00,DONATION1086,,,POSTED,
TXNF297EFF600,BB013,O+,Plasma,DONATION,1.0,2025-10-11 10:31:00,DONATION0944,,,POSTED,
TXN2D970254A3,BB013,O+,RBC,DONATION,1.0,2025-10-11 10:36:00,DONATION0944,,,POSTED,
TXNF6A06E404C,BB012,A-,Plasma,ISSUE,1.0,2025-10-11 11:59:00,,,,POSTED,ISSUE2C2D55567D
TXN2BE149CD4A,BB014,O+,Plasma,DONATION,1.0,2025-10-11 16:29:00,DONATION1086,,,POSTED,
TXNACC436D739,BB012,A+,Plasma,ISSUE,1.0,2025-10-12 11:21:00,,,,POSTED,ISSUED505EAC68C
TXN5D99DBF7B0,BB019,B-,RBC,DONATION,2.0,2025-10-12 13:32:00,DONATION1022,,,POSTED,
TXNEF1549067D,BB019,B-,Plasma,DONATION,2.0,2025-10-12 14:26:00,DONATION1022,,,POSTED,
TXN84F41A19B0,BB009,A+,Platelets,DONATION,1.0,2025-10-13 09:42:00,DONATION0099,,,POSTED,
TXNC8DA4D8F04,BB014,A+,Plasma,DONATION,1.0,2025-10-13 13:01:00,DONATION0613,,,POSTED,
TXN74332A275C,BB020,O+,RBC,ISSUE,3.0,2025-10-13 14:43:00,,,,POSTED,ISSUE058C206D6C
TXND40692278A,BB004,A+,RBC,DONATION,3.0,2025-10-13 14:50:00,DONATION0834,,,POSTED,
TXN0A895CDC3D,BB009,A+,RBC,DONATION,1.0,2025-10-13 16:43:00,DONATION0099,,,POSTED,
TXN552EF3564A,BB014,A+,RBC,DONATION,1.0,2025-10-13 17:25:00,DONATION0613,,,POSTED,
TXN17B5190C96,BB009,A+,Plasma,DONATION,1.0,2025-10-13 18:12:00,DONATION0099,,,POSTED,
TXN1253B74DD6,BB013,A+,RBC,ISSUE,3.0,2025-10-13 18:25:00,,,,POSTED,ISSUE98D4B2D806
TXN0804BEDA94,BB004,A+,Plasma,DONATION,3.0,2025-10-13 18:31:00,DONATION0834,,,POSTED,
TXN6B225C606C,BB019,A+,Plasma,ISSUE,4.0,2025-10-14 12:54:00,,,,POSTED,ISSUEFE30ED2699
TXN1E96BAD1E0,BB016,AB-,Plasma,ISSUE,1.0,2025-10-14 13:26:00,,,,POSTED,ISSUEC3D7D80BC0
TXNB9AB931155,BB018,B+,Plasma,ISSUE,1.0,2025-10-14 13:53:00,,,,POSTED,ISSUE63D891C922
TXN1FC4BDB5BE,BB004,B+,Plasma,EXPIRY,2.0,2025-10-14 15:25:00,,,,POSTED,
TXNC51367848E,BB012,O+,RBC,DONATION,2.0,2025-10-15 12:02:00,DONATION1927,,,POSTED,
TXN2FAC5A6E8D,BB012,O+,Plasma,DONATION,2.0,2025-10-15 15:25:00,DONATION1927,,,POSTED,
TXNEDAA6E846E,BB012,O+,Platelets,DONATION,2.0,2025-10-15 17:46:00,DONATION1927,,,POSTED,
TXN5A969225A4,BB012,O+,RBC,ISSUE,3.0,2025-10-16 12:58:00,,,,POSTED,ISSUE6064F183FD
TXN931EF04DAB,BB019,B-,Plasma,ISSUE,1.0,2025-10-16 13:11:00,,,,POSTED,ISSUE0CE84BA804
TXNFF7086F3CE,BB020,O+,RBC,ISSUE,1.0,2025-10-16 13:33:00,,,,POSTED,ISSUE05E3D85945
TXN43A03C17EA,BB013,O+,Plasma,ISSUE,4.0,2025-10-16 18:48:00,,,,POSTED,ISSUE34C92231D1
TXN10CD37EA71,BB014,O+,Plasma,ISSUE,5.0,2025-10-16 18:55:00,,,,POSTED,ISSUE3FE44A7707
TXNE96233C583,BB010,B+,RBC,DONATION,1.0,2025-10-17 10:26:00,DONATION0506,,,POSTED,
TXN5EE8CD8142,BB020,A-,RBC,DONATION,2.0,2025-10-17 13:26:00,DONATION0940,,,POSTED,
TXN67962A20FB,BB002,AB-,RBC,DONATION,1.0,2025-10-17 13:53:00,DONATION1511,,,POSTED,
TXN22520682D0,BB002,AB-,Plasma,DONATION,1.0,2025-10-17 14:09:00,DONATION1511,,,POSTED,
TXN48A81C8153,BB020,A-,Plasma,DONATION,2.0,2025-10-17 17:57:00,DONATION0940,,,POSTED,
TXND20E903F63,BB002,AB-,Platelets,DONATION,1.0,2025-10-17 18:08:00,DONATION1511,,,POSTED,
TXN472E3597E1,BB018,O+,RBC,ISSUE,2.0,2025-10-17 18:37:00,,,,POSTED,ISSUEF0F8D9ED7C
TXNA8E3925BF5,BB010,B+,Plasma,DONATION,1.0,2025-10-17 18:59:00,DONATION0506,,,POSTED,
TXND9A6EA5DD1,BB004,B+,Plasma,DONATION,1.0,2025-10-18 08:53:00,DONATION0080,,,POSTED,
TXNC55B00352F,BB004,B+,RBC,DONATION,1.0,2025-10-18 10:34:00,DONATION0080,,,POSTED,
TXN6359CDA17D,BB003,A-,Platelets,DONATION,2.0,2025-10-18 11:39:00,DONATION0295,,,POSTED,
TXN02FE892568,BB003,A-,RBC,DONATION,2.0,2025-10-18 13:32:00,DONATION0295,,,POSTED,
TXN966320DFDD,BB004,B+,Platelets,DONATION,1.0,2025-10-18 16:09:00,DONATION0080,,,POSTED,
TXNB111DC5267,BB003,A-,Plasma,DONATION,2.0,2025-10-18 17:06:00,DONATION0295,,,POSTED,
TXN2C3FC4AF6E,BB010,B+,RBC,ISSUE,3.0,2025-10-18 18:36:00,,,,POSTED,ISSUECF4ED5D4CC
TXN9EBEF8DB6A,BB003,A+,Plasma,DONATION,1.0,2025-10-19 10:05:00,DONATION1476,,,POSTED,
TXN400D9DC6D2,BB003,A+,RBC,DONATION,1.0,2025-10-19 15:36:00,DONATION1476,,,POSTED,
TXN16C7EC506F,BB004,B+,Platelets,ISSUE,2.0,2025-10-19 15:38:00,,,,POSTED,ISSUE42F8BD288F
TXN560C9D069C,BB013,O+,RBC,ISSUE,1.0,2025-10-19 15:42:00,,,,POSTED,ISSUEDF5CB0E4DE
TXN336B6622D0,BB001,O+,RBC,DONATION,2.0,2025-10-19 16:35:00,DONATION0652,,,POSTED,
TXNACC9DDF8C7,BB001,O+,Plasma,DONATION,2.0,2025-10-19 17:44:00,DONATION0652,,,POSTED,
TXNE8459F7052,BB009,A+,Plasma,ISSUE,7.0,2025-10-20 08:23:00,,,,POSTED,ISSUE39523D5356
TXN8ECBFC3750,BB009,A+,RBC,DONATION,2.0,2025-10-20 08:47:00,DONATION1263,,,POSTED,
TXNE769D315A0,BB009,A+,Platelets,DONATION,2.0,2025-10-20 15:40:00,DONATION1263,,,POSTED,
TXN478FB4EF9D,BB003,B+,RBC,DONATION,1.0,2025-10-20 16:18:00,DONATION0453,,,POSTED,
TXNA93ED0FB50,BB009,A+,Plasma,DONATION,2.0,2025-10-20 16:33:00,DONATION1263,,,POSTED,
TXN8209A64122,BB003,B+,Plasma,DONATION,1.0,2025-10-20 18:19:00,DONATION0453,,,POSTED,
TXNB298C0B785,BB003,B+,Platelets,DONATION,1.0,2025-10-20 18:25:00,DONATION0453,,,POSTED,
TXN331A90C1B5,BB002,AB-,Platelets,ISSUE,1.0,2025-10-21 08:00:00,,,,POSTED,ISSUE9B2C7FBD2D
TXNDDB1BDE143,BB008,B-,RBC,DONATION,1.0,2025-10-21 11:53:00,DONATION1119,,,POSTED,
TXNB6E6FB274E,BB008,B-,RBC,DONATION,1.0,2025-10-21 13:31:00,DONATION1119,,,POSTED,
TXN503C94E17E,BB008,B-,Plasma,DONATION,1.0,2025-10-21 15:56:00,DONATION1119,,,POSTED,
TXNF6C229860B,BB008,B-,Platelets,DONATION,1.0,2025-10-21 16:38:00,DONATION1119,,,POSTED,
TXND430EFD6EB,BB008,B-,Plasma,DONATION,1.0,2025-10-21 17:28:00,DONATION1119,,,POSTED,
TXNE9D5187EB0,BB020,A-,RBC,ISSUE,1.0,2025-10-22 08:08:00,,,,POSTED,ISSUE7FB14FD2ED
TXN82BEC20239,BB005,A-,Platelets,DONATION,1.0,2025-10-22 10:38:00,DONATION0913,,,POSTED,
TXNED72E4685B,BB005,A-,Plasma,DONATION,1.0,2025-10-22 15:58:00,DONATION0913,,,POSTED,
TXN28D3DB8611,BB005,A-,RBC,DONATION,1.0,2025-10-22 18:00:00,DONATION0913,,,POSTED,
TXN0BD955D022,BB009,A+,Platelets,DONATION,1.0,2025-10-24 12:13:00,DONATION0063,,,POSTED,
TXNB7F157E600,BB006,A-,Plasma,DONATION,1.0,2025-10-24 12:43:00,DONATION0246,,,POSTED,
TXNE39235AF7B,BB003,A-,RBC,ISSUE,1.0,2025-10-24 13:52:00,,,,POSTED,ISSUE09CC08BF80
TXN9C5F76CEE1,BB010,B+,Plasma,ISSUE,3.0,2025-10-24 14:14:00,,,,POSTED,ISSUEE28707F02F
TXN425D5F3ABC,BB006,A-,RBC,DONATION,1.0,2025-10-24 15:57:00,DONATION0246,,,POSTED,
TXN52A60A30D3,BB009,A+,Plasma,DONATION,1.0,2025-10-24 17:33:00,DONATION0063,,,POSTED,
TXN85CCAD8A3D,BB003,B+,Plasma,ISSUE,3.0,2025-10-24 18:04:00,,,,POSTED,ISSUE88BC1E0AFB
TXN444E30F4AA,BB009,A+,RBC,DONATION,1.0,2025-10-24 18:37:00,DONATION0063,,,POSTED,
TXN53D935CEC7,BB002,B+,Plasma,DONATION,1.0,2025-10-25 11:43:00,DONATION1183,,,POSTED,
TXN1775851A31,BB002,B+,RBC,DONATION,1.0,2025-10-25 18:50:00,DONATION1183,,,POSTED,
TXN7A58C3377A,BB012,A+,Platelets,DONATION,1.0,2025-10-26 08:08:00,DONATION0293,,,POSTED,
TXNDEC36F38EC,BB001,A+,RBC,DONATION,1.0,2025-10-26 08:17:00,DONATION0290,,,POSTED,
TXN1EE9AAF150,BB008,O-,Platelets,DONATION,1.0,2025-10-26 09:47:00,DONATION0072,,,POSTED,
TXN5017639035,BB001,A+,Plasma,DONATION,1.0,2025-10-26 10:08:00,DONATION0290,,,POSTED,
TXND663EA259D,BB008,O-,Plasma,DONATION,1.0,2025-10-26 10:16:00,DONATION0072,,,POSTED,
TXN054D0389F6,BB012,A+,RBC,DONATION,1.0,2025-10-26 11:37:00,DONATION0293,,,POSTED,
TXN26079B2FDA,BB012,A+,Plasma,DONATION,1.0,2025-10-26 13:01:00,DONATION0293,,,POSTED,
TXN5E6D7D7A46,BB008,A+,Platelets,DONATION,2.0,2025-10-26 13:14:00,DONATION0584,,,POSTED,
TXNEB37D06840,BB008,A+,Plasma,DONATION,2.0,2025-10-26 14:18:00,DONATION0584,,,POSTED,
TXNF40E918F82,BB008,A+,RBC,DONATION,2.0,2025-10-26 17:37:00,DONATION0584,,,POSTED,
TXN0206871A42,BB008,O-,RBC,DONATION,1.0,2025-10-26 18:06:00,DONATION0072,,,POSTED,
TXNECC7DAB7E6,BB019,AB+,Platelets,DONATION,1.0,2025-10-27 08:05:00,DONATION1740,,,POSTED,
TXN6855682478,BB019,AB+,Plasma,DONATION,1.0,2025-10-27 13:45:00,DONATION1740,,,POSTED,
TXNB1B1E15AC4,BB019,AB+,RBC,DONATION,1.0,2025-10-27 15:48:00,DONATION1740,,,POSTED,
TXN98A683C777,BB009,A+,Plasma,ISSUE,2.0,2025-10-28 12:36:00,,,,POSTED,ISSUE1CC183A731
TXN9BB6E8B92F,BB008,A+,Plasma,ISSUE,3.0,2025-10-28 16:10:00,,,,POSTED,ISSUEDD76B36A7A
TXN8746A3AD7A,BB004,B+,RBC,ISSUE,1.0,2025-10-28 17:41:00,,,,POSTED,ISSUE3075ABE24E
TXNCFEC3D91FE,BB019,AB+,Platelets,ISSUE,1.0,2025-10-29 08:14:00,,,,POSTED,ISSUECD7CD70D1F
TXN289D7EA307,BB002,A-,Platelets,DONATION,1.0,2025-10-29 08:34:00,DONATION1775,,,POSTED,
TXNA1817CED49,BB002,A-,RBC,DONATION,1.0,2025-10-29 09:55:00,DONATION1775,,,POSTED,
TXN4418E403FC,BB002,A+,RBC,DONATION,3.0,2025-10-29 11:45:00,DONATION1094,,,POSTED,
TXN51767CDC5F,BB002,A-,Plasma,DONATION,1.0,2025-10-29 12:07:00,DONATION1775,,,POSTED,
TXNF969D47D34,BB002,A+,Platelets,DONATION,3.0,2025-10-29 13:08:00,DONATION1094,,,POSTED,
TXN3A9601DB93,BB012,AB+,Platelets,DONATION,1.0,2025-10-29 14:38:00,DONATION1131,,,POSTED,
TXNBCAE1A9638,BB012,AB+,Plasma,DONATION,1.0,2025-10-29 15:10:00,DONATION1131,,,POSTED,
TXN796C80B63C,BB012,AB+,RBC,DONATION,1.0,2025-10-29 15:55:00,DONATION1131,,,POSTED,
TXNA90E07BFD4,BB002,A+,Plasma,DONATION,3.0,2025-10-29 18:27:00,DONATION1094,,,POSTED,
TXN8FFB4C9EF1,BB008,A+,RBC,ISSUE,2.0,2025-10-29 18:53:00,,,,POSTED,ISSUEE1FF3BCCFA
TXNB9FDBAE3DE,BB002,A-,Plasma,ISSUE,1.0,2025-10-30 09:14:00,,,,POSTED,ISSUEFFB8BF4425
TXN67F32F999E,BB013,O+,RBC,DONATION,1.0,2025-10-30 10:02:00,DONATION0403,,,POSTED,
TXNC784A94BBF,BB019,AB+,Plasma,ISSUE,1.0,2025-10-30 10:03:00,,,,POSTED,ISSUED672CA0F72
TXNE0E21922C6,BB001,A+,Plasma,ISSUE,3.0,2025-10-30 10:24:00,,,,POSTED,ISSUE26EBA5A6E3
TXN0084672991,BB005,A-,Plasma,ISSUE,1.0,2025-10-30 10:27:00,,,,POSTED,ISSUE3AC276A6E4
TXN869B50C291,BB013,O+,Plasma,DONATION,1.0,2025-10-30 13:34:00,DONATION0403,,,POSTED,
TXN0E237048FC,BB012,B+,Plasma,DONATION,1.0,2025-10-30 13:49:00,DONATION0820,,,POSTED,
TXNB76AF88488,BB008,B-,Plasma,ISSUE,1.0,2025-10-30 14:12:00,,,,POSTED,ISSUE9E9C740211
TXN485E598B8E,BB011,O+,RBC,DONATION,1.0,2025-10-30 14:34:00,DONATION0131,,,POSTED,
TXN0D74431DE9,BB012,B+,RBC,DONATION,1.0,2025-10-30 15:33:00,DONATION0820,,,POSTED,
TXNB5FDAA1D99,BB011,O+,Plasma,DONATION,1.0,2025-10-30 16:51:00,DONATION0131,,,POSTED,
TXNE85CC14FFF,BB013,O+,Platelets,DONATION,1.0,2025-10-30 18:11:00,DONATION0403,,,POSTED,
TXN34A761DCDB,BB008,B-,Platelets,ISSUE,1.0,2025-10-31 09:04:00,,,,POSTED,ISSUEDF9A8C30FC
TXN7DBCAFD47A,BB017,A+,Plasma,DONATION,1.0,2025-10-31 09:08:00,DONATION0729,,,POSTED,
TXN6893D09056,BB017,A+,RBC,DONATION,1.0,2025-10-31 09:57:00,DONATION0729,,,POSTED,
TXN5DA26A0C29,BB005,A-,Platelets,ISSUE,1.0,2025-10-31 11:52:00,,,,POSTED,ISSUE085A6AFE33
TXNEB74BD46CC,BB005,A-,RBC,ISSUE,1.0,2025-10-31 12:46:00,,,,POSTED,ISSUE20AA021AD9
TXN712EECA17B,BB012,AB+,Platelets,ISSUE,1.0,2025-10-31 13:28:00,,,,POSTED,ISSUE057BF635CB
TXN54C28A7C69,BB012,O+,Plasma,DONATION,1.0,2025-11-01 08:19:00,DONATION0555,,,POSTED,
TXN3639619093,BB012,O+,RBC,DONATION,1.0,2025-11-01 08:48:00,DONATION0555,,,POSTED,
TXN408A7586FB,BB019,A+,Plasma,DONATION,2.0,2025-11-01 12:48:00,DONATION1751,,,POSTED,
TXNE3EC99061D,BB002,A+,Platelets,DONATION,1.0,2025-11-01 13:26:00,DONATION0582,,,POSTED,
TXNAD48C3C6D3,BB002,A+,Plasma,DONATION,1.0,2025-11-01 13:58:00,DONATION0582,,,POSTED,
TXN8CC5B51EBB,BB002,A+,RBC,DONATION,1.0,2025-11-01 15:48:00,DONATION0582,,,POSTED,
TXNF591C87068,BB012,O+,Platelets,DONATION,1.0,2025-11-01 16:27:00,DONATION0555,,,POSTED,
TXNBEBBAB7C6B,BB019,A+,RBC,DONATION,2.0,2025-11-01 17:37:00,DONATION1751,,,POSTED,
TXNB02F2182BB,BB016,O+,Plasma,DONATION,1.0,2025-11-02 08:21:00,DONATION1447,,,POSTED,
TXNB6ACE7594B,BB002,A+,Plasma,ISSUE,1.0,2025-11-02 09:01:00,,,,POSTED,ISSUE9485CD3094
TXN34AB674F5D,BB019,O+,Platelets,DONATION,1.0,2025-11-02 09:09:00,DONATION0342,,,POSTED,
TXNA6C1FF790D,BB017,A+,Plasma,ISSUE,1.0,2025-11-02 11:12:00,,,,POSTED,ISSUE2312929809
TXN800F786AA0,BB016,O+,RBC,DONATION,1.0,2025-11-02 12:53:00,DONATION1447,,,POSTED,
TXNB894C9C4A3,BB019,O+,RBC,DONATION,1.0,2025-11-02 13:22:00,DONATION0342,,,POSTED,
TXNB92DD9F891,BB002,A+,Platelets,ISSUE,2.0,2025-11-02 14:13:00,,,,POSTED,ISSUE172AB7E609
TXNA85D44B72A,BB012,AB+,RBC,ISSUE,1.0,2025-11-02 16:28:00,,,,POSTED,ISSUEC4C89D4DB4
TXNC6F21062B2,BB002,A+,RBC,ISSUE,2.0,2025-11-02 17:50:00,,,,POSTED,ISSUE7ABAFD05B2
TXNF22238B24A,BB019,O+,Plasma,DONATION,1.0,2025-11-02 18:52:00,DONATION0342,,,POSTED,
TXNA8EBFF3FB4,BB015,O+,Plasma,DONATION,1.0,2025-11-03 08:30:00,DONATION1182,,,POSTED,
TXN4DA7B8A51B,BB015,O+,Platelets,DONATION,1.0,2025-11-03 09:24:00,DONATION1182,,,POSTED,
TXNAE828E1A1A,BB006,A-,RBC,ISSUE,1.0,2025-11-03 14:25:00,,,,POSTED,ISSUE621ACC382E
TXN583225AA32,BB009,A+,RBC,ISSUE,5.0,2025-11-03 17:36:00,,,,POSTED,ISSUEA9253C3005
TXN794AA61F77,BB015,O+,RBC,DONATION,1.0,2025-11-03 17:55:00,DONATION1182,,,POSTED,
TXNADAFE6EBD4,BB012,O+,RBC,DONATION,2.0,2025-11-04 08:56:00,DONATION0201,,,POSTED,
TXNEF4DB0F8DC,BB017,O+,Plasma,DONATION,1.0,2025-11-04 09:18:00,DONATION0325,,,POSTED,
TXNDC94E88650,BB006,B+,RBC,DONATION,2.0,2025-11-04 10:42:00,DONATION0447,,,POSTED,
TXN0B5706DE1F,BB012,O+,Platelets,DONATION,2.0,2025-11-04 12:01:00,DONATION0201,,,POSTED,
TXN5DB16CD4FC,BB017,A+,RBC,ISSUE,2.0,2025-11-04 12:14:00,,,,POSTED,ISSUE2F255116CF
TXNAFE2D8BA31,BB017,O+,RBC,DONATION,1.0,2025-11-04 13:27:00,DONATION0325,,,POSTED,
TXNF0FDE5D42E,BB012,O+,Plasma,DONATION,2.0,2025-11-04 14:47:00,DONATION0201,,,POSTED,
TXN6C68D8D183,BB017,O+,Platelets,DONATION,1.0,2025-11-04 15:19:00,DONATION1208,,,POSTED,
TXN0B94BB14E6,BB017,O+,Plasma,DONATION,1.0,2025-11-04 16:46:00,DONATION1208,,,POSTED,
TXN4BC391C7AE,BB002,B+,Plasma,ISSUE,2.0,2025-11-04 16:51:00,,,,POSTED,ISSUE7296158191
TXN5A08CA16BB,BB006,B+,Plasma,DONATION,2.0,2025-11-04 17:46:00,DONATION0447,,,POSTED,
TXN86757D403D,BB017,O+,RBC,DONATION,1.0,2025-11-04 18:33:00,DONATION1208,,,POSTED,
TXNC230292690,BB018,A+,Plasma,DONATION,1.0,2025-11-05 08:15:00,DONATION1800,,,POSTED,
TXN6DB5C1ED42,BB018,A+,RBC,DONATION,1.0,2025-11-05 10:12:00,DONATION1800,,,POSTED,
TXN751EC8D3B9,BB012,A+,RBC,ISSUE,2.0,2025-11-05 13:13:00,,,,POSTED,ISSUE68DF9DCBCE
TXN222671CB36,BB013,O+,RBC,ISSUE,1.0,2025-11-06 14:10:00,,,,POSTED,ISSUEC7F40837FA
TXN422381FD6E,BB019,O+,Plasma,ISSUE,6.0,2025-11-07 09:36:00,,,,POSTED,ISSUE619253D563
TXN68739DC36E,BB017,B+,Plasma,DONATION,1.0,2025-11-07 12:48:00,DONATION0586,,,POSTED,
TXN6F7C4A0D59,BB017,O+,Plasma,DONATION,1.0,2025-11-07 15:45:00,DONATION0856,,,POSTED,
TXN634E8AA7C6,BB017,O+,Plasma,ISSUE,4.0,2025-11-07 17:47:00,,,,POSTED,ISSUE47B865D0BA
TXN7EF1622278,BB017,O+,RBC,DONATION,1.0,2025-11-07 17:57:00,DONATION0856,,,POSTED,
TXNCD26C43651,BB017,O+,Platelets,DONATION,1.0,2025-11-07 18:10:00,DONATION0856,,,POSTED,
TXNDC4E15D38A,BB017,B+,RBC,DONATION,1.0,2025-11-07 18:21:00,DONATION0586,,,POSTED,
TXN31129BA6E8,BB017,O+,Platelets,ISSUE,1.0,2025-11-08 08:21:00,,,,POSTED,ISSUE08CB1B2D27
TXN0E85DC58E3,BB015,B+,RBC,DONATION,1.0,2025-11-08 08:21:00,DONATION0782,,,POSTED,
TXN0E19C94C9B,BB015,B+,Plasma,DONATION,1.0,2025-11-08 08:48:00,DONATION0782,,,POSTED,
TXN8EF11669FB,BB020,A-,RBC,DONATION,1.0,2025-11-08 13:50:00,DONATION1316,,,POSTED,
TXN5FF2D07040,BB020,A-,Plasma,DONATION,1.0,2025-11-08 15:11:00,DONATION1316,,,POSTED,
TXNF44640C4FE,BB020,A-,Platelets,DONATION,1.0,2025-11-08 17:52:00,DONATION1316,,,POSTED,
TXN411F1FE1B0,BB004,O-,Plasma,DONATION,1.0,2025-11-09 08:31:00,DONATION1276,,,POSTED,
TXN3145A0D52C,BB017,O+,Platelets,ISSUE,1.0,2025-11-09 09:19:00,,,,POSTED,ISSUE906E79A5AC
TXNBB9CE1C4C1,BB011,O+,RBC,ISSUE,4.0,2025-11-09 10:00:00,,,,POSTED,ISSUECC9AC05E4C
TXNBF325F99CE,BB011,B-,RBC,DONATION,2.0,2025-11-09 10:50:00,DONATION1637,,,POSTED,
TXN5D5CB54F1F,BB016,O+,Plasma,DONATION,1.0,2025-11-09 12:11:00,DONATION0818,,,POSTED,
TXN9BDA1F0922,BB018,B+,RBC,DONATION,1.0,2025-11-09 12:42:00,DONATION0045,,,POSTED,
TXND7A4634F2D,BB004,O-,RBC,DONATION,1.0,2025-11-09 12:57:00,DONATION1276,,,POSTED,
TXN542B53B221,BB016,O+,RBC,DONATION,1.0,2025-11-09 13:24:00,DONATION0818,,,POSTED,
TXN691D3C31EF,BB011,B-,Plasma,DONATION,2.0,2025-11-09 13:40:00,DONATION1637,,,POSTED,
TXN155A3780A7,BB019,O+,Platelets,DONATION,1.0,2025-11-09 14:09:00,DONATION0882,,,POSTED,
TXND24406EF39,BB012,O+,RBC,ISSUE,5.0,2025-11-09 14:18:00,,,,POSTED,ISSUE8072E16C3B
TXN37C4FF181E,BB018,B+,Plasma,DONATION,1.0,2025-11-09 15:13:00,DONATION0045,,,POSTED,
TXN3FF5FF8F98,BB012,B-,Platelets,DONATION,1.0,2025-11-09 15:29:00,DONATION1015,,,POSTED,
TXNF407CB4500,BB019,O+,Plasma,DONATION,1.0,2025-11-09 16:50:00,DONATION0882,,,POSTED,
TXN0488DFB332,BB016,O+,Platelets,DONATION,1.0,2025-11-09 17:14:00,DONATION0818,,,POSTED,
TXN6662FA2462,BB019,O+,RBC,DONATION,1.0,2025-11-09 17:37:00,DONATION0882,,,POSTED,
TXNF62AF24AE2,BB011,B-,Platelets,DONATION,2.0,2025-11-09 18:00:00,DONATION1637,,,POSTED,
TXNCB61DDA9A0,BB012,B-,Plasma,DONATION,1.0,2025-11-09 18:37:00,DONATION1015,,,POSTED,
TXN43B1461829,BB012,B-,RBC,DONATION,1.0,2025-11-09 18:53:00,DONATION1015,,,POSTED,
TXN0DE28894BB,BB019,A+,Plasma,ISSUE,2.0,2025-11-09 18:58:00,,,,POSTED,ISSUE1E613B8929
TXN1A1FFBF8DB,BB011,B-,Platelets,ISSUE,1.0,2025-11-10 12:45:00,,,,POSTED,ISSUEC713D55E91
TXN9D66988536,BB017,B+,Plasma,ISSUE,1.0,2025-11-10 17:51:00,,,,POSTED,ISSUEFEC087286A
TXN555C9B557D,BB009,A-,Platelets,DONATION,1.0,2025-11-11 08:44:00,DONATION1632,,,POSTED,
TXND94BBBCC95,BB009,A-,RBC,DONATION,1.0,2025-11-11 09:28:00,DONATION1632,,,POSTED,
TXN41F1CF61F3,BB015,O+,RBC,DONATION,2.0,2025-11-11 12:45:00,DONATION0756,,,POSTED,
TXN711D779912,BB009,A-,Plasma,DONATION,1.0,2025-11-11 15:15:00,DONATION1632,,,POSTED,
TXNBCF99C16FC,BB015,O+,Platelets,DONATION,2.0,2025-11-11 15:32:00,DONATION0756,,,POSTED,
TXND355AE556E,BB019,O+,Platelets,ISSUE,1.0,2025-11-11 16:00:00,,,,POSTED,ISSUE88B3BD1CD6
TXNEED30EB18F,BB018,B+,RBC,ISSUE,1.0,2025-11-11 16:17:00,,,,POSTED,ISSUE28824F4E40
TXN9AE674FA40,BB015,O+,Plasma,DONATION,2.0,2025-11-11 17:40:00,DONATION0756,,,POSTED,
TXNF936103C94,BB014,O+,RBC,DONATION,1.0,2025-11-12 09:45:00,DONATION1115,,,POSTED,
TXN0C5A0B2721,BB006,O+,Plasma,DONATION,1.0,2025-11-12 11:44:00,DONATION0168,,,POSTED,
TXN8E582AFE29,BB011,B-,RBC,ISSUE,1.0,2025-11-12 11:56:00,,,,POSTED,ISSUE526841AAA9
TXNBA99962E88,BB015,O+,RBC,ISSUE,4.0,2025-11-12 13:15:00,,,,POSTED,ISSUEDF430CEFDB
TXN58213D1F52,BB007,O+,Plasma,DONATION,1.0,2025-11-12 13:29:00,DONATION1837,,,POSTED,
TXN44EE93421F,BB006,O+,Platelets,DONATION,1.0,2025-11-12 15:28:00,DONATION0168,,,POSTED,
TXNB7F34A7B10,BB014,O+,Plasma,DONATION,1.0,2025-11-12 16:40:00,DONATION1115,,,POSTED,
TXN6519C1189A,BB007,O+,RBC,DONATION,1.0,2025-11-12 16:47:00,DONATION1837,,,POSTED,
TXN890E7AE450,BB006,O+,RBC,DONATION,1.0,2025-11-12 16:48:00,DONATION0168,,,POSTED,
TXN4DA11F2497,BB017,O+,Plasma,ISSUE,2.0,2025-11-12 18:05:00,,,,POSTED,ISSUE54167954FF
TXN0096277D7B,BB005,A+,Plasma,DONATION,3.0,2025-11-13 08:11:00,DONATION1207,,,POSTED,
TXN55E63C60F3,BB011,O+,RBC,DONATION,1.0,2025-11-13 08:30:00,DONATION1634,,,POSTED,
TXN0CFF6A9F96,BB018,A+,Plasma,ISSUE,2.0,2025-11-13 09:13:00,,,,POSTED,ISSUE5A611237B1
TXN27DEB7E6ED,BB013,O+,RBC,DONATION,1.0,2025-11-13 09:18:00,DONATION0379,,,POSTED,
TXN0E65C4F0A3,BB013,O+,Plasma,DONATION,1.0,2025-11-13 09:48:00,DONATION0379,,,POSTED,
TXN9E01E765B2,BB005,A+,RBC,DONATION,3.0,2025-11-13 10:30:00,DONATION1207,,,POSTED,
TXNE2589849DE,BB012,B-,Platelets,ISSUE,1.0,2025-11-13 10:36:00,,,,POSTED,ISSUE1768646FB9
TXN22951626FD,BB005,A+,Platelets,DONATION,3.0,2025-11-13 10:57:00,DONATION1207,,,POSTED,
TXNF65E3AE9FD,BB011,O+,Platelets,DONATION,1.0,2025-11-13 15:54:00,DONATION1634,,,POSTED,
TXNEC84FE80BC,BB013,O+,Platelets,DONATION,1.0,2025-11-13 15:57:00,DONATION0379,,,POSTED,
TXN769F274C9B,BB012,B-,RBC,ISSUE,1.0,2025-11-13 16:18:00,,,,POSTED,ISSUE9FA93E75E6
TXN2C02596D3F,BB018,B+,Plasma,ISSUE,1.0,2025-11-13 17:06:00,,,,POSTED,ISSUE2AECDF591B
TXNE0D39D71AF,BB011,O+,Plasma,DONATION,1.0,2025-11-13 18:19:00,DONATION1634,,,POSTED,
TXN58406E1944,BB011,B+,Plasma,DONATION,1.0,2025-11-14 09:41:00,DONATION1649,,,POSTED,
TXN0A6B31CF0D,BB011,B+,RBC,DONATION,1.0,2025-11-14 11:34:00,DONATION1649,,,POSTED,
TXN9090217D1A,BB011,B+,Platelets,DONATION,1.0,2025-11-14 17:55:00,DONATION1649,,,POSTED,
TXNE345FF504B,BB013,O+,Platelets,ISSUE,1.0,2025-11-15 08:16:00,,,,POSTED,ISSUEE8C3FC894A
TXN7D0F8A8179,BB020,A-,RBC,ISSUE,1.0,2025-11-15 08:53:00,,,,POSTED,ISSUE517F156726
TXN9AE57AE0A8,BB006,O+,Platelets,ISSUE,3.0,2025-11-15 09:31:00,,,,POSTED,ISSUEEBDFEB1B74
TXNDB7805DABC,BB006,O+,Plasma,ISSUE,4.0,2025-11-15 10:32:00,,,,POSTED,ISSUE786EE82976
TXN7E1BCB0B06,BB007,O+,Plasma,ISSUE,2.0,2025-11-15 11:04:00,,,,POSTED,ISSUE47F1E899DC
TXNE77922455A,BB013,AB+,Plasma,DONATION,1.0,2025-11-15 12:09:00,DONATION1373,,,POSTED,
TXNE6E2BDCCD8,BB011,B+,RBC,ISSUE,2.0,2025-11-15 13:49:00,,,,POSTED,ISSUEE66BB98D76
TXN7DBE53AC03,BB020,A-,Plasma,ISSUE,1.0,2025-11-15 13:50:00,,,,POSTED,ISSUEBC42594857
TXN9A01FB11DA,BB019,O+,Plasma,ISSUE,2.0,2025-11-15 15:31:00,,,,POSTED,ISSUE31FD4BCEA6
TXN36114A4F06,BB013,AB+,RBC,DONATION,1.0,2025-11-15 18:59:00,DONATION1373,,,POSTED,
TXN485DCF8030,BB010,O+,Plasma,DONATION,1.0,2025-11-16 09:10:00,DONATION1841,,,POSTED,
TXNC55D0C3759,BB019,B+,RBC,DONATION,2.0,2025-11-16 09:30:00,DONATION1329,,,POSTED,
TXN676448BA71,BB019,B+,Platelets,DONATION,2.0,2025-11-16 14:16:00,DONATION1329,,,POSTED,
TXNB0B62167DA,BB010,O+,RBC,DONATION,1.0,2025-11-16 17:05:00,DONATION1841,,,POSTED,
TXN2A9A929BC9,BB019,B+,Plasma,DONATION,2.0,2025-11-16 17:47:00,DONATION1329,,,POSTED,
TXN5912015F2D,BB010,O+,Platelets,DONATION,1.0,2025-11-16 18:48:00,DONATION1841,,,POSTED,
TXNE42BDDBCE3,BB010,O+,Platelets,ISSUE,1.0,2025-11-17 09:55:00,,,,POSTED,ISSUE078C9BE5ED
TXN546E4D8EF0,BB018,A+,RBC,DONATION,3.0,2025-11-17 09:57:00,DONATION0604,,,POSTED,
TXN55159A32CF,BB020,A-,Platelets,ISSUE,1.0,2025-11-17 10:51:00,,,,POSTED,ISSUE94D413833A
TXN7102164366,BB018,A+,Platelets,DONATION,3.0,2025-11-17 11:57:00,DONATION0604,,,POSTED,
TXN8A7C15BBA8,BB018,O-,Platelets,DONATION,1.0,2025-11-17 14:08:00,DONATION1134,,,POSTED,
TXNB3252F519B,BB018,O-,RBC,DONATION,1.0,2025-11-17 15:38:00,DONATION1134,,,POSTED,
TXN8EB390140C,BB018,A+,Plasma,DONATION,3.0,2025-11-17 16:58:00,DONATION0604,,,POSTED,
TXNCDE726B880,BB018,O-,Plasma,DONATION,1.0,2025-11-17 17:04:00,DONATION1134,,,POSTED,
TXN2B10658034,BB016,O+,Platelets,ISSUE,3.0,2025-11-18 12:00:00,,,,POSTED,ISSUEEE54D5B5C5
TXN1C963075CD,BB011,B-,Plasma,ISSUE,1.0,2025-11-18 14:28:00,,,,POSTED,ISSUECFC58019AE
TXN295CDF3D84,BB018,B-,Plasma,DONATION,1.0,2025-11-19 08:35:00,DONATION0177,,,POSTED,
TXNA0D951D587,BB018,B-,Platelets,DONATION,1.0,2025-11-19 10:40:00,DONATION0177,,,POSTED,
TXN4597F72F6F,BB014,O+,Plasma,DONATION,1.0,2025-11-19 10:55:00,DONATION1218,,,POSTED,
TXN6484C321F0,BB018,B-,RBC,DONATION,1.0,2025-11-19 12:02:00,DONATION0177,,,POSTED,
TXN0F277657F3,BB014,O+,Platelets,DONATION,1.0,2025-11-19 13:26:00,DONATION1218,,,POSTED,
TXNAFC6BABB22,BB014,O+,RBC,DONATION,1.0,2025-11-19 15:40:00,DONATION1218,,,POSTED,
TXN6A13867439,BB011,O-,RBC,DONATION,2.0,2025-11-19 17:17:00,DONATION1150,,,POSTED,
TXN435533D32A,BB011,O-,Plasma,DONATION,2.0,2025-11-19 18:25:00,DONATION1150,,,POSTED,
TXN8A33E2F833,BB004,O-,Plasma,ISSUE,1.0,2025-11-19 18:53:00,,,,POSTED,ISSUE3B17B66933
TXN711EF5C562,BB018,A+,Plasma,DONATION,2.0,2025-11-20 11:40:00,DONATION0237,,,POSTED,
TXN4C48276F18,BB018,A+,RBC,DONATION,2.0,2025-11-20 17:04:00,DONATION0237,,,POSTED,
TXN13C0E7D337,BB011,AB-,RBC,DONATION,1.0,2025-11-20 17:28:00,DONATION0345,,,POSTED,
TXN79E3811416,BB011,AB-,Plasma,DONATION,1.0,2025-11-20 18:59:00,DONATION0345,,,POSTED,
TXN6A05308568,BB002,B-,Plasma,DONATION,2.0,2025-11-21 10:09:00,DONATION0182,,,POSTED,
TXN07DD36C05A,BB005,B+,Plasma,DONATION,1.0,2025-11-21 11:21:00,DONATION0455,,,POSTED,
TXN9D73F257BC,BB013,AB+,Platelets,DONATION,1.0,2025-11-21 11:33:00,DONATION1172,,,POSTED,
TXN80AB8AA63E,BB013,AB+,RBC,DONATION,1.0,2025-11-21 14:22:00,DONATION1172,,,POSTED,
TXN56772EF285,BB011,AB-,RBC,ISSUE,1.0,2025-11-21 14:35:00,,,,POSTED,ISSUE6E3FA25BB0
TXNC7B9447A6D,BB005,B+,RBC,DONATION,1.0,2025-11-21 15:29:00,DONATION0455,,,POSTED,
TXN400B0C726F,BB018,O-,Plasma,ISSUE,1.0,2025-11-21 16:33:00,,,,POSTED,ISSUE4237FD548B
TXN4E76DC115B,BB009,A-,Platelets,ISSUE,1.0,2025-11-21 18:02:00,,,,POSTED,ISSUE4BC06300DF
TXNA237E45547,BB002,B-,RBC,DONATION,2.0,2025-11-21 18:03:00,DONATION0182,,,POSTED,
TXN75C8701EA4,BB013,AB+,Plasma,DONATION,1.0,2025-11-21 18:25:00,DONATION1172,,,POSTED,
TXN677789C783,BB019,B+,Plasma,ISSUE,1.0,2025-11-22 10:43:00,,,,POSTED,ISSUE91A8EA3731
TXNBCAA27D85E,BB018,O-,Platelets,ISSUE,1.0,2025-11-22 10:51:00,,,,POSTED,ISSUE70A545E8F7
TXN47985FA63E,BB015,A-,Plasma,DONATION,1.0,2025-11-23 08:57:00,DONATION0386,,,POSTED,
TXN67A285AEE6,BB015,A-,Platelets,DONATION,1.0,2025-11-23 12:13:00,DONATION0386,,,POSTED,
TXN70713E64BD,BB014,O-,Platelets,DONATION,1.0,2025-11-23 15:09:00,DONATION0842,,,POSTED,
TXN549B089777,BB011,B+,Platelets,ISSUE,1.0,2025-11-23 15:32:00,,,,POSTED,ISSUEA59F99C6B2
TXN789187688E,BB015,A-,RBC,DONATION,1.0,2025-11-23 15:39:00,DONATION0386,,,POSTED,
TXN13D0D9D2F3,BB005,B+,Plasma,ISSUE,1.0,2025-11-23 15:55:00,,,,POSTED,ISSUEBB94D746A2
TXN48589DF789,BB014,O-,RBC,DONATION,1.0,2025-11-23 17:14:00,DONATION0842,,,POSTED,
TXNE130ECC615,BB018,B-,Plasma,ISSUE,1.0,2025-11-23 17:47:00,,,,POSTED,ISSUEEBF5E53781
TXN48223C44F8,BB014,O-,Plasma,DONATION,1.0,2025-11-23 18:36:00,DONATION0842,,,POSTED,
TXNC25227221A,BB007,A+,Plasma,DONATION,2.0,2025-11-24 08:00:00,DONATION0943,,,POSTED,
TXN3B1FF8B3FE,BB013,B+,Plasma,DONATION,3.0,2025-11-24 11:14:00,DONATION1479,,,POSTED,
TXN6B1CED1B61,BB007,A+,Platelets,DONATION,2.0,2025-11-24 11:48:00,DONATION0943,,,POSTED,
TXN54A85CAE33,BB009,B-,Plasma,EXPIRY,1.0,2025-11-24 13:06:00,,,,POSTED,
TXND2E93E9812,BB007,A+,RBC,DONATION,2.0,2025-11-24 13:40:00,DONATION0943,,,POSTED,
TXNA879A0E22A,BB009,O+,RBC,DONATION,3.0,2025-11-24 14:13:00,DONATION1568,,,POSTED,
TXN7A00AF6B6A,BB013,B+,RBC,DONATION,3.0,2025-11-24 15:30:00,DONATION1479,,,POSTED,
TXNDAB82BC28C,BB009,O+,Platelets,DONATION,3.0,2025-11-24 15:45:00,DONATION1568,,,POSTED,
TXN47E2ECF9D9,BB018,O-,RBC,ISSUE,1.0,2025-11-24 16:09:00,,,,POSTED,ISSUE535C3402B3
TXNADCF7BDF8B,BB013,B+,Platelets,DONATION,3.0,2025-11-24 17:16:00,DONATION1479,,,POSTED,
TXN34D225518D,BB009,O+,Plasma,DONATION,3.0,2025-11-24 17:41:00,DONATION1568,,,POSTED,
TXN5D17DAA578,BB015,A-,Platelets,ISSUE,1.0,2025-11-24 18:18:00,,,,POSTED,ISSUE2F6C0516D1
TXN5C4E7AC7D3,BB018,O+,Plasma,DONATION,1.0,2025-11-25 10:47:00,DONATION1187,,,POSTED,
TXN89419C1A63,BB018,A+,Plasma,ISSUE,3.0,2025-11-25 13:06:00,,,,POSTED,ISSUE46BD721F00
TXN92F450538C,BB003,O+,Plasma,DONATION,1.0,2025-11-25 15:58:00,DONATION0186,,,POSTED,
TXNA39F31F2FE,BB003,O+,RBC,DONATION,1.0,2025-11-25 16:24:00,DONATION0186,,,POSTED,
TXNA61F06D636,BB018,O+,RBC,DONATION,1.0,2025-11-25 17:17:00,DONATION1187,,,POSTED,
TXN8A76FD6150,BB003,O+,Platelets,DONATION,1.0,2025-11-25 17:27:00,DONATION0186,,,POSTED,
TXN719D45F3B5,BB002,B-,RBC,ISSUE,1.0,2025-11-25 18:27:00,,,,POSTED,ISSUEC97694C8A1
TXN0C381DCFEF,BB008,B+,RBC,DONATION,1.0,2025-11-26 08:00:00,DONATION0980,,,POSTED,
TXNCE0BD86FF8,BB010,B-,RBC,DONATION,2.0,2025-11-26 10:30:00,DONATION1660,,,POSTED,
TXNE18A9090E0,BB008,B+,Plasma,DONATION,1.0,2025-11-26 10:42:00,DONATION0980,,,POSTED,
TXNC87AA70D7A,BB005,O+,Plasma,DONATION,1.0,2025-11-26 10:52:00,DONATION0460,,,POSTED,
TXNF83EB13AFE,BB010,B-,Plasma,DONATION,2.0,2025-11-26 13:26:00,DONATION1660,,,POSTED,
TXN7241532950,BB005,O+,RBC,DONATION,1.0,2025-11-26 14:15:00,DONATION0460,,,POSTED,
TXNC0E286CC29,BB005,O+,Platelets,DONATION,1.0,2025-11-26 17:46:00,DONATION0460,,,POSTED,
TXNE457368BA8,BB010,B-,Platelets,DONATION,2.0,2025-11-26 18:01:00,DONATION1660,,,POSTED,
TXNC26927E3CA,BB006,A+,Platelets,DONATION,1.0,2025-11-27 08:35:00,DONATION0544,,,POSTED,
TXNB07D16874A,BB009,AB+,RBC,DONATION,3.0,2025-11-27 10:15:00,DONATION0790,,,POSTED,
TXN7A6B01AE2A,BB009,AB+,Plasma,DONATION,3.0,2025-11-27 12:16:00,DONATION0790,,,POSTED,
TXN35515F7D32,BB006,A+,RBC,DONATION,1.0,2025-11-27 15:08:00,DONATION0544,,,POSTED,
TXN2BD4BE879B,BB006,A+,Plasma,DONATION,1.0,2025-11-27 16:26:00,DONATION0544,,,POSTED,
TXN604527A869,BB001,O+,RBC,DONATION,1.0,2025-11-27 17:59:00,DONATION1929,,,POSTED,
TXN3695333932,BB001,O+,Plasma,DONATION,1.0,2025-11-27 18:57:00,DONATION1929,,,POSTED,
TXNE478E825FA,BB016,B-,RBC,DONATION,2.0,2025-11-28 08:28:00,DONATION0559,,,POSTED,
TXN9717CDF55A,BB005,B+,RBC,ISSUE,3.0,2025-11-28 09:03:00,,,,POSTED,ISSUE6FA7A12527
TXNF08CD3A6BE,BB012,O+,RBC,DONATION,2.0,2025-11-28 11:13:00,DONATION0174,,,POSTED,
TXNF9C42D71DB,BB012,O+,Plasma,DONATION,2.0,2025-11-28 15:17:00,DONATION0174,,,POSTED,
TXNF5FF7CE67F,BB014,O+,Platelets,ISSUE,2.0,2025-11-28 16:07:00,,,,POSTED,ISSUE71B0ED05B7
TXNF8B3C1CACA,BB009,O+,Platelets,ISSUE,3.0,2025-11-28 17:07:00,,,,POSTED,ISSUE5605A18B66
TXN324BC73EB4,BB016,B-,Plasma,DONATION,2.0,2025-11-28 17:43:00,DONATION0559,,,POSTED,
TXN85FA2E9BBD,BB013,B+,Platelets,ISSUE,1.0,2025-11-28 18:52:00,,,,POSTED,ISSUE164419496F
TXNF05FEAD735,BB016,A+,RBC,DONATION,2.0,2025-11-29 09:18:00,DONATION1090,,,POSTED,
TXN35B86B6F55,BB011,A+,RBC,DONATION,1.0,2025-11-29 12:23:00,DONATION1957,,,POSTED,
TXN5926C16609,BB011,A+,Plasma,DONATION,1.0,2025-11-29 14:23:00,DONATION1957,,,POSTED,
TXNDDFE98316A,BB005,A+,Plasma,DONATION,2.0,2025-11-29 14:55:00,DONATION1914,,,POSTED,
TXN4FFF63C946,BB005,A+,RBC,DONATION,2.0,2025-11-29 15:44:00,DONATION1914,,,POSTED,
TXNEB03F6950C,BB016,A+,Plasma,DONATION,2.0,2025-11-29 17:04:00,DONATION1090,,,POSTED,
TXNCB7883C6D6,BB004,O+,RBC,DONATION,1.0,2025-11-30 08:05:00,DONATION0169,,,POSTED,
TXN32BC4565F7,BB009,AB+,RBC,ISSUE,1.0,2025-11-30 09:24:00,,,,POSTED,ISSUE463A28AF59
TXNFF9154CCCF,BB004,O+,RBC,DONATION,1.0,2025-11-30 10:06:00,DONATION1253,,,POSTED,
TXN8A288E1D91,BB004,O+,Platelets,DONATION,1.0,2025-11-30 11:19:00,DONATION0169,,,POSTED,
TXN610E01E657,BB004,O+,Plasma,DONATION,1.0,2025-11-30 12:14:00,DONATION0169,,,POSTED,
TXN76FA1167F6,BB004,O+,Plasma,DONATION,1.0,2025-11-30 12:17:00,DONATION1253,,,POSTED,
TXN0005C2CB99,BB018,A+,RBC,ISSUE,5.0,2025-11-30 14:03:00,,,,POSTED,ISSUEA90810918E
TXN85EF9E3178,BB004,O+,Platelets,DONATION,1.0,2025-11-30 15:46:00,DONATION1253,,,POSTED,
TXN625E63DEE6,BB005,O+,Plasma,DONATION,1.0,2025-12-01 08:33:00,DONATION1877,,,POSTED,
TXN0DB0CA4700,BB005,O+,RBC,DONATION,1.0,2025-12-01 11:37:00,DONATION1877,,,POSTED,
TXNDA404F93F4,BB014,O-,Platelets,ISSUE,2.0,2025-12-01 14:14:00,,,,POSTED,ISSUE83B93296C0
TXN311D2BF43F,BB006,B+,Plasma,DONATION,1.0,2025-12-01 16:00:00,DONATION1071,,,POSTED,
TXN3D6394954F,BB006,B+,RBC,DONATION,1.0,2025-12-01 18:07:00,DONATION1071,,,POSTED,
TXN4E659A651A,BB018,O+,Plasma,ISSUE,3.0,2025-12-01 18:28:00,,,,POSTED,ISSUE5E8C960998
TXNBC63BA6A93,BB012,O-,Plasma,DONATION,1.0,2025-12-02 08:04:00,DONATION1569,,,POSTED,
TXNC9510C783A,BB006,O+,RBC,DONATION,1.0,2025-12-02 11:55:00,DONATION1064,,,POSTED,
TXN06D31AE8EA,BB012,O-,RBC,DONATION,1.0,2025-12-02 12:06:00,DONATION1569,,,POSTED,
TXN4BF1F3B59B,BB012,O-,Platelets,DONATION,1.0,2025-12-02 12:49:00,DONATION1569,,,POSTED,
TXND7EBD02502,BB010,B-,Platelets,ISSUE,1.0,2025-12-02 14:46:00,,,,POSTED,ISSUEC4988A9D96
TXN5D962F8F91,BB016,A+,RBC,ISSUE,2.0,2025-12-02 16:47:00,,,,POSTED,ISSUE94D5799CE4
TXNEEDE712B4A,BB009,O+,RBC,ISSUE,1.0,2025-12-02 18:05:00,,,,POSTED,ISSUEEDE0759EBE
TXNAE1268CD5E,BB006,O+,Plasma,DONATION,1.0,2025-12-02 18:27:00,DONATION1064,,,POSTED,
TXNBFA8ABFA66,BB005,A-,RBC,DONATION,1.0,2025-12-03 08:05:00,DONATION0054,,,POSTED,
TXNBE7A325B2E,BB005,A-,Plasma,DONATION,1.0,2025-12-03 11:10:00,DONATION0054,,,POSTED,
TXN865E9106DF,BB001,B+,RBC,DONATION,2.0,2025-12-03 14:15:00,DONATION1540,,,POSTED,
TXN0C519A122F,BB005,A-,Platelets,DONATION,1.0,2025-12-03 15:13:00,DONATION0054,,,POSTED,
TXN04B2C2501C,BB001,B+,Plasma,DONATION,2.0,2025-12-03 18:28:00,DONATION1540,,,POSTED,
TXNC596F3513B,BB005,O+,Plasma,ISSUE,1.0,2025-12-04 08:03:00,,,,POSTED,ISSUE2013A0303E
TXNC07DA3F03E,BB012,O-,RBC,ISSUE,1.0,2025-12-04 08:46:00,,,,POSTED,ISSUE0D5DE310CD
TXN84491E770D,BB007,B-,Plasma,DONATION,1.0,2025-12-04 12:47:00,DONATION0263,,,POSTED,
TXN0C0E076452,BB003,O+,Platelets,ISSUE,1.0,2025-12-04 13:09:00,,,,POSTED,ISSUE64D1ACD7EA
TXNEC15D22ADB,BB007,B-,RBC,DONATION,1.0,2025-12-04 15:51:00,DONATION0263,,,POSTED,
TXND8CF9F944D,BB008,B+,Plasma,ISSUE,1.0,2025-12-04 16:54:00,,,,POSTED,ISSUE7296C1F0AF
TXN23B7F9E17B,BB005,A-,Platelets,ISSUE,1.0,2025-12-04 17:00:00,,,,POSTED,ISSUEA2F4274AFB
TXN28BFECBA2C,BB003,A+,RBC,DONATION,2.0,2025-12-05 09:18:00,DONATION0969,,,POSTED,
TXN28EE1F55E9,BB003,A+,Plasma,DONATION,2.0,2025-12-05 09:50:00,DONATION0969,,,POSTED,
TXNEABB73BB18,BB003,O+,Plasma,ISSUE,5.0,2025-12-05 10:01:00,,,,POSTED,ISSUEDC24D82D32
TXN15B567F115,BB003,A+,Platelets,DONATION,2.0,2025-12-05 11:38:00,DONATION0969,,,POSTED,
TXND6FBA283DE,BB004,B-,RBC,DONATION,2.0,2025-12-05 11:52:00,DONATION1212,,,POSTED,
TXN3C4CFB3139,BB004,B-,Plasma,DONATION,2.0,2025-12-05 12:30:00,DONATION1212,,,POSTED,
TXNEA0C6C9AB4,BB013,O+,RBC,DONATION,1.0,2025-12-05 13:13:00,DONATION0082,,,POSTED,
TXN12A79E2E9E,BB013,O+,Plasma,DONATION,1.0,2025-12-05 18:15:00,DONATION0082,,,POSTED,
TXNDE12264038,BB016,A+,Plasma,ISSUE,1.0,2025-12-06 09:00:00,,,,POSTED,ISSUE432F68EECA
TXN5302DBD134,BB017,B+,Platelets,DONATION,2.0,2025-12-07 12:23:00,DONATION0528,,,POSTED,
TXNF3993FE24E,BB017,B+,Plasma,DONATION,2.0,2025-12-07 12:44:00,DONATION0528,,,POSTED,
TXN0C03D99908,BB010,B-,RBC,DONATION,1.0,2025-12-07 13:07:00,DONATION0173,,,POSTED,
TXN786B74070F,BB010,B-,Plasma,DONATION,1.0,2025-12-07 16:48:00,DONATION0173,,,POSTED,
TXNC580C95234,BB017,B+,RBC,DONATION,2.0,2025-12-07 16:59:00,DONATION0528,,,POSTED,
TXN87AAC1F253,BB006,B+,RBC,ISSUE,1.0,2025-12-07 18:08:00,,,,POSTED,ISSUE3133F148BC
TXN2D4E3EC651,BB005,O-,RBC,DONATION,2.0,2025-12-08 09:33:00,DONATION1811,,,POSTED,
TXNE714D1EF59,BB016,A+,Platelets,DONATION,1.0,2025-12-08 13:10:00,DONATION0144,,,POSTED,
TXN401B0B5F01,BB004,B-,RBC,ISSUE,1.0,2025-12-08 13:32:00,,,,POSTED,ISSUE9A1E4AA066
TXN2149613627,BB020,A+,RBC,DONATION,1.0,2025-12-08 15:20:00,DONATION0704,,,POSTED,
TXN90B0A6C980,BB016,A+,Plasma,DONATION,1.0,2025-12-08 15:44:00,DONATION0144,,,POSTED,
TXN1BDB0CAB1A,BB004,O+,RBC,ISSUE,2.0,2025-12-08 16:47:00,,,,POSTED,ISSUE227A43777A
TXNDDB355C73A,BB020,A+,Plasma,DONATION,1.0,2025-12-08 17:00:00,DONATION0704,,,POSTED,
TXN8BE633BBE4,BB016,A+,RBC,DONATION,1.0,2025-12-08 17:13:00,DONATION0144,,,POSTED,
TXNCC438E0CEA,BB005,O-,Plasma,DONATION,2.0,2025-12-08 18:53:00,DONATION1811,,,POSTED,
TXN1AE5C29E5D,BB005,O-,Plasma,ISSUE,1.0,2025-12-09 10:38:00,,,,POSTED,ISSUE2FE20DB985
TXNB40D14C3F3,BB013,O+,RBC,ISSUE,5.0,2025-12-09 16:54:00,,,,POSTED,ISSUE050F14B728
TXN01F268D9A0,BB001,B+,Plasma,ISSUE,2.0,2025-12-09 17:33:00,,,,POSTED,ISSUE94BD15A76F
TXN2B79DDE2C8,BB016,O-,Plasma,DONATION,1.0,2025-12-10 08:39:00,DONATION1467,,,POSTED,
TXNBCEF9F1527,BB006,O+,Plasma,ISSUE,2.0,2025-12-10 09:09:00,,,,POSTED,ISSUEFB2ADB1007
TXND592BAF3F0,BB003,B-,Platelets,DONATION,2.0,2025-12-10 09:27:00,DONATION1725,,,POSTED,
TXN02F9826DD9,BB003,B-,Plasma,DONATION,2.0,2025-12-10 10:13:00,DONATION1725,,,POSTED,
TXN6E76A6F74D,BB004,B+,Plasma,DONATION,1.0,2025-12-10 10:41:00,DONATION0724,,,POSTED,
TXN31176059A7,BB003,B-,RBC,DONATION,2.0,2025-12-10 11:19:00,DONATION1725,,,POSTED,
TXNB7206BB250,BB016,O-,RBC,DONATION,1.0,2025-12-10 12:07:00,DONATION1467,,,POSTED,
TXN53D0B641DE,BB004,B+,RBC,DONATION,1.0,2025-12-10 14:49:00,DONATION0724,,,POSTED,
TXN564D122332,BB007,O-,Plasma,DONATION,2.0,2025-12-10 15:15:00,DONATION0046,,,POSTED,
TXN13CE621DC3,BB007,O-,RBC,DONATION,2.0,2025-12-10 17:36:00,DONATION0046,,,POSTED,
TXNF1D7B18F7D,BB010,O+,RBC,DONATION,1.0,2025-12-11 08:15:00,DONATION0560,,,POSTED,
TXN9F54F19B0B,BB010,O+,Plasma,DONATION,1.0,2025-12-11 08:25:00,DONATION0560,,,POSTED,
TXN7A0D2E2AF5,BB013,AB+,Plasma,DONATION,1.0,2025-12-11 09:25:00,DONATION0982,,,POSTED,
TXN41A1E7DE75,BB004,B-,Plasma,ISSUE,1.0,2025-12-11 09:52:00,,,,POSTED,ISSUE760990FD73
TXN01074A0C61,BB010,B-,Plasma,ISSUE,1.0,2025-12-11 10:07:00,,,,POSTED,ISSUE07E5F686CE
TXNB6E84DDFFC,BB013,AB+,RBC,DONATION,1.0,2025-12-11 13:11:00,DONATION0982,,,POSTED,
TXN3FB505693A,BB013,AB+,Platelets,DONATION,1.0,2025-12-11 15:17:00,DONATION0982,,,POSTED,
TXNA54F3D5525,BB005,O-,RBC,ISSUE,1.0,2025-12-11 15:22:00,,,,POSTED,ISSUEE161A45291
TXN4513C8A4AA,BB010,O+,Platelets,DONATION,1.0,2025-12-11 16:13:00,DONATION0560,,,POSTED,
TXNA1BC0874BC,BB003,B-,Platelets,DONATION,1.0,2025-12-12 10:27:00,DONATION1361,,,POSTED,
TXNA40844663E,BB003,B-,Plasma,DONATION,1.0,2025-12-12 11:26:00,DONATION1361,,,POSTED,
TXN448C2F63ED,BB016,O-,RBC,ISSUE,2.0,2025-12-12 12:32:00,,,,POSTED,ISSUE3700869D31
TXN4B0E3505C9,BB003,B-,RBC,DONATION,1.0,2025-12-12 18:43:00,DONATION1361,,,POSTED,
TXNA8E0C8886D,BB001,B+,RBC,ISSUE,1.0,2025-12-13 11:07:00,,,,POSTED,ISSUE48B129B111
TXNB22B425AF9,BB001,A-,Plasma,DONATION,2.0,2025-12-13 12:02:00,DONATION0605,,,POSTED,
TXN1E71C98AEC,BB004,B+,RBC,ISSUE,1.0,2025-12-13 13:04:00,,,,POSTED,ISSUE1E1280E4AB
TXNAB7812E1F6,BB002,AB+,Plasma,DONATION,1.0,2025-12-13 13:11:00,DONATION0490,,,POSTED,
TXN7005FFA667,BB002,AB+,Platelets,DONATION,1.0,2025-12-13 16:21:00,DONATION0490,,,POSTED,
TXN3B10BD8366,BB002,AB+,RBC,DONATION,1.0,2025-12-13 16:24:00,DONATION0490,,,POSTED,
TXN1B99A4A2F1,BB012,O+,RBC,DONATION,1.0,2025-12-13 16:40:00,DONATION0483,,,POSTED,
TXNF20516A413,BB001,A-,RBC,DONATION,2.0,2025-12-13 17:30:00,DONATION0605,,,POSTED,
TXNEDABA33A67,BB012,O+,Plasma,DONATION,1.0,2025-12-13 17:49:00,DONATION0483,,,POSTED,
TXNEF1B11266A,BB001,O+,RBC,DONATION,3.0,2025-12-14 09:49:00,DONATION0093,,,POSTED,
TXN3B0A8E840E,BB001,O+,Plasma,DONATION,3.0,2025-12-14 12:22:00,DONATION0093,,,POSTED,
TXN1CA77DB479,BB015,O+,RBC,DONATION,2.0,2025-12-14 13:05:00,DONATION1504,,,POSTED,
TXN3291C908F9,BB005,O+,Platelets,DONATION,1.0,2025-12-14 14:23:00,DONATION1685,,,POSTED,
TXN6C158F5C84,BB005,O+,RBC,DONATION,1.0,2025-12-14 16:03:00,DONATION1685,,,POSTED,
TXN7C12B27BD8,BB015,O+,Plasma,DONATION,2.0,2025-12-14 17:00:00,DONATION1504,,,POSTED,
TXN225FF9CA77,BB005,O+,Plasma,DONATION,1.0,2025-12-14 18:23:00,DONATION1685,,,POSTED,
TXN679FB15783,BB002,AB+,Platelets,ISSUE,1.0,2025-12-15 08:13:00,,,,POSTED,ISSUE9B725721D0
TXNF344A8255A,BB004,AB+,Plasma,DONATION,1.0,2025-12-15 08:18:00,DONATION0384,,,POSTED,
TXN9C1C9428B8,BB013,AB+,RBC,DONATION,2.0,2025-12-15 09:56:00,DONATION0095,,,POSTED,
TXNB50E14CE29,BB004,AB+,RBC,DONATION,1.0,2025-12-15 10:08:00,DONATION0384,,,POSTED,
TXN5C6D928F42,BB014,O-,Plasma,DONATION,2.0,2025-12-15 11:07:00,DONATION0172,,,POSTED,
TXN3E09339D8A,BB012,O+,RBC,ISSUE,3.0,2025-12-15 11:08:00,,,,POSTED,ISSUE68655B7119
TXN94B60429B8,BB013,AB+,Plasma,DONATION,2.0,2025-12-15 12:11:00,DONATION0095,,,POSTED,
TXN4E246DD4ED,BB014,O-,RBC,DONATION,2.0,2025-12-15 12:16:00,DONATION0172,,,POSTED,
TXNC2BBA3BD25,BB006,O+,Plasma,DONATION,1.0,2025-12-15 12:49:00,DONATION0253,,,POSTED,
TXN9187E90CC4,BB001,A-,Plasma,ISSUE,1.0,2025-12-15 15:27:00,,,,POSTED,ISSUE3F1B42D7D2
TXN29B8AA95A6,BB006,O+,RBC,DONATION,1.0,2025-12-15 15:53:00,DONATION0253,,,POSTED,
TXN0FE150FCFD,BB002,A-,Plasma,EXPIRY,1.0,2025-12-16 15:07:00,,,,POSTED,
TXN699F3E94D5,BB014,AB+,Plasma,DONATION,1.0,2025-12-17 10:29:00,DONATION1393,,,POSTED,
TXNC15635AE8E,BB014,AB+,RBC,DONATION,1.0,2025-12-17 16:57:00,DONATION1393,,,POSTED,
TXN6BCCA24C86,BB003,B-,Plasma,ISSUE,1.0,2025-12-18 09:11:00,,,,POSTED,ISSUEB44DE36D15
TXN51D777B833,BB001,O+,Plasma,ISSUE,4.0,2025-12-18 11:35:00,,,,POSTED,ISSUE551210210A
TXN626FD9832A,BB003,O+,RBC,DONATION,1.0,2025-12-18 14:43:00,DONATION0094,,,POSTED,
TXNA81E3546D7,BB003,O+,Plasma,DONATION,1.0,2025-12-18 16:21:00,DONATION0094,,,POSTED,
TXNF266B3F307,BB012,O+,Plasma,ISSUE,1.0,2025-12-19 09:26:00,,,,POSTED,ISSUE8139209A78
TXN382E50ACFD,BB013,AB+,Platelets,ISSUE,1.0,2025-12-19 09:42:00,,,,POSTED,ISSUE517972667A
TXN421DBF31E9,BB003,B+,Platelets,DONATION,2.0,2025-12-19 10:13:00,DONATION0955,,,POSTED,
TXNEAF5B96A7A,BB003,B+,RBC,DONATION,2.0,2025-12-19 10:58:00,DONATION0955,,,POSTED,
TXN199B10DD8F,BB014,O+,Plasma,DONATION,1.0,2025-12-19 11:45:00,DONATION1857,,,POSTED,
TXNAB5A6D6737,BB016,B-,RBC,DONATION,2.0,2025-12-19 12:36:00,DONATION0520,,,POSTED,
TXN16C472BADE,BB003,B+,Plasma,DONATION,2.0,2025-12-19 14:01:00,DONATION0955,,,POSTED,
TXNE535EE2C68,BB014,O+,RBC,DONATION,1.0,2025-12-19 14:43:00,DONATION1857,,,POSTED,
TXNB1A0C8318A,BB014,O+,Platelets,DONATION,1.0,2025-12-19 14:47:00,DONATION1857,,,POSTED,
TXN6B709D66D1,BB016,B-,Platelets,DONATION,2.0,2025-12-19 17:54:00,DONATION0520,,,POSTED,
TXN6CD3931508,BB016,B-,Plasma,DONATION,2.0,2025-12-19 18:48:00,DONATION0520,,,POSTED,
TXN190995F36C,BB013,AB+,Plasma,ISSUE,1.0,2025-12-20 15:12:00,,,,POSTED,ISSUE6540DA8EEA
TXN25D980AFB3,BB014,AB+,Plasma,ISSUE,1.0,2025-12-21 09:21:00,,,,POSTED,ISSUE29CCC32A5F
TXN43E43566C4,BB010,O+,Platelets,ISSUE,2.0,2025-12-21 15:39:00,,,,POSTED,ISSUE91715D6D0E
TXN2029627A65,BB003,B-,Plasma,ISSUE,1.0,2025-12-21 16:00:00,,,,POSTED,ISSUEA45B7C1746
TXN564FBFED4D,BB003,O+,RBC,ISSUE,5.0,2025-12-22 10:06:00,,,,POSTED,ISSUE2EAC8E91B5
TXNB5BF1D72A0,BB002,AB+,Plasma,ISSUE,1.0,2025-12-22 18:31:00,,,,POSTED,ISSUE3BC133AD99
TXN1D65C6A489,BB013,A+,Plasma,DONATION,2.0,2025-12-23 10:39:00,DONATION1427,,,POSTED,
TXNE01F708716,BB013,A+,RBC,DONATION,2.0,2025-12-23 13:59:00,DONATION1427,,,POSTED,
TXN723147E50F,BB014,O+,Platelets,ISSUE,1.0,2025-12-23 14:09:00,,,,POSTED,ISSUE16011D5798
TXN5E34DFDDED,BB013,A+,RBC,DONATION,1.0,2025-12-24 09:20:00,DONATION1985,,,POSTED,
TXNF193C3E83E,BB015,O+,Plasma,ISSUE,2.0,2025-12-24 12:17:00,,,,POSTED,ISSUE0A7789481B
TXN38EB3052DD,BB013,A+,Platelets,DONATION,1.0,2025-12-24 13:29:00,DONATION1985,,,POSTED,
TXNFFC9FA7A58,BB013,A+,Plasma,DONATION,1.0,2025-12-24 16:37:00,DONATION1985,,,POSTED,
TXN4B5DAA9FAC,BB015,B+,RBC,DONATION,2.0,2025-12-26 09:04:00,DONATION0437,,,POSTED,
TXN375AA510BA,BB008,B+,Plasma,DONATION,2.0,2025-12-26 10:27:00,DONATION1368,,,POSTED,
TXN2AEE3D67EB,BB003,B+,Plasma,ISSUE,4.0,2025-12-26 11:39:00,,,,POSTED,ISSUE0E308A4C6E
TXN0F9BEA615D,BB015,B+,Plasma,DONATION,2.0,2025-12-26 12:25:00,DONATION0437,,,POSTED,
TXNB800ECABEA,BB008,B+,RBC,DONATION,2.0,2025-12-26 16:58:00,DONATION1368,,,POSTED,
TXNFCDC100474,BB013,A+,Platelets,ISSUE,1.0,2025-12-27 08:54:00,,,,POSTED,ISSUEB1AC03D4A6
TXN8367543389,BB003,B+,Platelets,ISSUE,2.0,2025-12-27 10:41:00,,,,POSTED,ISSUE0699232665
TXN2F1FEFAC32,BB015,O-,Plasma,DONATION,1.0,2025-12-27 12:15:00,DONATION0034,,,POSTED,
TXN4E272CC295,BB010,A+,Plasma,DONATION,1.0,2025-12-27 12:37:00,DONATION0348,,,POSTED,
TXNDF773BEEBC,BB010,A+,RBC,DONATION,1.0,2025-12-27 12:50:00,DONATION0348,,,POSTED,
TXN25329DC4B0,BB015,O-,RBC,DONATION,1.0,2025-12-27 13:56:00,DONATION0034,,,POSTED,
TXN64FCC5E2E3,BB010,A+,Platelets,DONATION,1.0,2025-12-27 16:04:00,DONATION0348,,,POSTED,
TXN022AEC4AFC,BB015,O-,Platelets,DONATION,1.0,2025-12-27 17:05:00,DONATION0034,,,POSTED,
TXNFF457FC936,BB016,B-,Platelets,ISSUE,1.0,2025-12-27 17:48:00,,,,POSTED,ISSUEF5DFA9E145
TXN05BAA860DA,BB013,A+,RBC,ISSUE,1.0,2025-12-28 10:49:00,,,,POSTED,ISSUEE7F3E1E310
TXNCF46AC1AF6,BB002,A+,RBC,DONATION,1.0,2025-12-28 11:25:00,DONATION0579,,,POSTED,
TXNE7E47B8F91,BB002,A+,Plasma,DONATION,1.0,2025-12-28 11:35:00,DONATION0579,,,POSTED,
TXND9D42C2618,BB002,A+,Platelets,DONATION,1.0,2025-12-28 12:24:00,DONATION0579,,,POSTED,
TXN1333FE20D2,BB007,A+,RBC,DONATION,1.0,2025-12-28 12:36:00,DONATION0773,,,POSTED,
TXN00B4471D58,BB007,A+,Plasma,DONATION,1.0,2025-12-28 12:47:00,DONATION0773,,,POSTED,
TXN862B5AE679,BB014,O+,RBC,ISSUE,2.0,2025-12-28 16:16:00,,,,POSTED,ISSUED3205F796A
TXN531B97CA49,BB006,A+,RBC,DONATION,2.0,2025-12-29 08:16:00,DONATION1348,,,POSTED,
TXN934C05AB48,BB002,A+,Plasma,DONATION,1.0,2025-12-29 08:22:00,DONATION0565,,,POSTED,
TXN4E3073BE65,BB016,O+,RBC,DONATION,3.0,2025-12-29 09:05:00,DONATION1220,,,POSTED,
TXN327A57CF88,BB006,A+,Plasma,DONATION,2.0,2025-12-29 10:03:00,DONATION1348,,,POSTED,
TXNFA6BF56E51,BB008,B+,RBC,ISSUE,2.0,2025-12-29 10:13:00,,,,POSTED,ISSUE2C01A42449
TXN9034327A59,BB016,O+,Plasma,DONATION,3.0,2025-12-29 10:21:00,DONATION1220,,,POSTED,
TXN38CB1B0F50,BB014,O+,Plasma,ISSUE,2.0,2025-12-29 10:41:00,,,,POSTED,ISSUE8962DE1440
TXN7278E30F97,BB016,O+,Platelets,DONATION,3.0,2025-12-29 13:41:00,DONATION1220,,,POSTED,
TXND8FD1E12BB,BB002,A+,RBC,DONATION,1.0,2025-12-29 16:31:00,DONATION0565,,,POSTED,
TXN09207F6946,BB002,A+,RBC,ISSUE,2.0,2025-12-29 17:12:00,,,,POSTED,ISSUE254BD78144
TXN0EB408A8B2,BB006,A+,Platelets,DONATION,2.0,2025-12-29 17:17:00,DONATION1348,,,POSTED,
TXN1042526A99,BB007,A+,RBC,ISSUE,4.0,2025-12-30 11:41:00,,,,POSTED,ISSUE467157532B
TXNF4955901F1,BB013,A+,RBC,ISSUE,1.0,2025-12-30 14:46:00,,,,POSTED,ISSUE9A1A882D48
TXND5828BF028,BB018,A+,RBC,DONATION,1.0,2025-12-31 09:53:00,DONATION0657,,,POSTED,
TXN020F57179F,BB018,A+,Plasma,DONATION,1.0,2025-12-31 10:22:00,DONATION0657,,,POSTED,
TXNE7690205DB,BB005,O+,RBC,DONATION,3.0,2025-12-31 11:27:00,DONATION0707,,,POSTED,
TXN547868B0B2,BB005,O+,Plasma,DONATION,3.0,2025-12-31 11:31:00,DONATION0707,,,POSTED,
TXN45AE905D24,BB005,O+,Platelets,DONATION,3.0,2025-12-31 12:21:00,DONATION0707,,,POSTED,
TXNCD4EF90A65,BB001,B-,Platelets,DONATION,1.0,2025-12-31 12:21:00,DONATION0232,,,POSTED,
TXN2A58F29634,BB001,B-,RBC,DONATION,1.0,2025-12-31 14:55:00,DONATION0232,,,POSTED,
TXNCC1DCE9C81,BB018,A+,Platelets,DONATION,1.0,2025-12-31 15:50:00,DONATION0657,,,POSTED,
TXN442D1735C6,BB001,B-,Plasma,DONATION,1.0,2025-12-31 18:09:00,DONATION0232,,,POSTED,
TXN798D817E5A,BB018,A+,Plasma,ISSUE,3.0,2026-01-01 09:39:00,,,,POSTED,ISSUE9F32C1047A
TXN3235D03BE9,BB015,B+,RBC,ISSUE,1.0,2026-01-01 11:19:00,,,,POSTED,ISSUEBAADBDFAAB
TXNBE47490C3A,BB020,AB+,RBC,DONATION,1.0,2026-01-02 08:12:00,DONATION1289,,,POSTED,
TXNBC326669B8,BB020,AB+,Platelets,DONATION,1.0,2026-01-02 08:36:00,DONATION1289,,,POSTED,
TXNC603A94CB6,BB001,B+,Plasma,DONATION,1.0,2026-01-02 09:20:00,DONATION1866,,,POSTED,
TXN80CE12D6B8,BB020,AB+,Plasma,DONATION,1.0,2026-01-02 09:31:00,DONATION1289,,,POSTED,
TXN11345B3BB3,BB003,O+,Plasma,DONATION,1.0,2026-01-02 09:38:00,DONATION0096,,,POSTED,
TXN0F772CE567,BB001,B+,RBC,DONATION,1.0,2026-01-02 10:16:00,DONATION1866,,,POSTED,
TXN98789E1515,BB001,B+,Platelets,DONATION,1.0,2026-01-02 10:31:00,DONATION1866,,,POSTED,
TXNCE00D5F274,BB003,O+,RBC,DONATION,1.0,2026-01-02 12:02:00,DONATION0096,,,POSTED,
TXNB1A4D23AE9,BB003,O+,Platelets,DONATION,1.0,2026-01-02 13:27:00,DONATION0096,,,POSTED,
TXN53DE5C2242,BB009,B+,RBC,DONATION,1.0,2026-01-03 09:48:00,DONATION0190,,,POSTED,
TXNF92E092771,BB017,O+,Plasma,DONATION,1.0,2026-01-03 11:36:00,DONATION1305,,,POSTED,
TXN073C89D39A,BB009,B+,Plasma,DONATION,1.0,2026-01-03 11:40:00,DONATION0190,,,POSTED,
TXN8543BCDB25,BB017,O+,RBC,DONATION,1.0,2026-01-03 13:38:00,DONATION1305,,,POSTED,
TXNA268D8E017,BB010,A+,Plasma,ISSUE,3.0,2026-01-03 15:49:00,,,,POSTED,ISSUE013363940F
TXNB2B753C762,BB009,B+,Platelets,DONATION,1.0,2026-01-03 18:05:00,DONATION0190,,,POSTED,
TXNCA2E4B2ED0,BB009,B+,RBC,ISSUE,4.0,2026-01-04 10:25:00,,,,POSTED,ISSUEC1AAFBB888
TXNC13A01E051,BB001,B+,Plasma,DONATION,1.0,2026-01-04 11:40:00,DONATION0726,,,POSTED,
TXNAEC0526BB0,BB011,A+,Plasma,DONATION,1.0,2026-01-04 12:38:00,DONATION1883,,,POSTED,
TXNAC964C8BAA,BB017,O+,Plasma,DONATION,2.0,2026-01-04 14:49:00,DONATION1600,,,POSTED,
TXN6146EAF28C,BB017,O+,Platelets,DONATION,2.0,2026-01-04 15:05:00,DONATION1600,,,POSTED,
TXNCF1518E733,BB001,B+,RBC,DONATION,1.0,2026-01-04 15:22:00,DONATION0726,,,POSTED,
TXN0A5CE73714,BB011,A+,RBC,DONATION,1.0,2026-01-04 15:40:00,DONATION1883,,,POSTED,
TXN145650CEFA,BB017,O+,RBC,DONATION,2.0,2026-01-04 18:39:00,DONATION1600,,,POSTED,
TXNA7BFDEB3BD,BB001,B+,Plasma,ISSUE,1.0,2026-01-05 08:42:00,,,,POSTED,ISSUE423CDF4D95
TXN0DA0FF450B,BB017,A+,RBC,DONATION,1.0,2026-01-05 12:58:00,DONATION1312,,,POSTED,
TXNA774EF0966,BB018,A+,RBC,ISSUE,2.0,2026-01-05 14:01:00,,,,POSTED,ISSUE1FF305E4DB
TXN222DA7674D,BB009,B+,Plasma,DONATION,1.0,2026-01-05 16:26:00,DONATION1298,,,POSTED,
TXN51CB09EC71,BB017,A+,Plasma,DONATION,1.0,2026-01-05 16:32:00,DONATION1312,,,POSTED,
TXNB972CFCFA7,BB009,B+,RBC,DONATION,1.0,2026-01-05 16:47:00,DONATION1298,,,POSTED,
TXNC2EE3A4FDD,BB002,A+,RBC,ISSUE,2.0,2026-01-05 17:39:00,,,,POSTED,ISSUE05D85FC2E7
TXN92EFDB68A2,BB019,A+,Platelets,DONATION,2.0,2026-01-06 10:34:00,DONATION0552,,,POSTED,
TXNDC5DDC4AAC,BB015,O-,RBC,ISSUE,1.0,2026-01-06 12:08:00,,,,POSTED,ISSUEB6318D1CD9
TXNFCFABE78D9,BB017,A+,Plasma,ISSUE,1.0,2026-01-06 13:13:00,,,,POSTED,ISSUE27631411E3
TXN89A7AE9F3F,BB002,A+,Plasma,ISSUE,5.0,2026-01-06 14:13:00,,,,POSTED,ISSUEA711743945
TXN09558CF3BF,BB001,B+,RBC,ISSUE,1.0,2026-01-06 14:26:00,,,,POSTED,ISSUEC3745330FA
TXN1CBCF60AF5,BB017,A+,RBC,ISSUE,1.0,2026-01-06 14:35:00,,,,POSTED,ISSUEBFC6C0BFE9
TXNBD31F1D359,BB019,A+,RBC,DONATION,2.0,2026-01-06 16:08:00,DONATION0552,,,POSTED,
TXN841A9B068D,BB011,A+,Plasma,ISSUE,1.0,2026-01-06 17:32:00,,,,POSTED,ISSUE92DE16E6DA
TXN48912B3798,BB019,A+,Plasma,DONATION,2.0,2026-01-06 18:55:00,DONATION0552,,,POSTED,
TXNDE03A1E7B3,BB015,A-,Plasma,DONATION,1.0,2026-01-07 08:26:00,DONATION1214,,,POSTED,
TXNA324F84C54,BB001,B+,Plasma,ISSUE,1.0,2026-01-07 09:56:00,,,,POSTED,ISSUECD6F5015B3
TXND43F3E6F83,BB020,A-,Platelets,DONATION,1.0,2026-01-07 09:56:00,DONATION0079,,,POSTED,
TXN53AA122EB8,BB011,O+,RBC,DONATION,1.0,2026-01-07 10:44:00,DONATION1346,,,POSTED,
TXN2BEADE6A7C,BB016,O+,Plasma,ISSUE,3.0,2026-01-07 11:47:00,,,,POSTED,ISSUE6DD1B34A94
TXN37EC52BACC,BB020,AB-,Plasma,DONATION,1.0,2026-01-07 12:00:00,DONATION0251,,,POSTED,
TXN769494D143,BB015,A-,RBC,DONATION,1.0,2026-01-07 12:22:00,DONATION1214,,,POSTED,
TXN7FCE60F05B,BB020,A-,Plasma,DONATION,1.0,2026-01-07 14:35:00,DONATION0079,,,POSTED,
TXNFB80BD34A0,BB017,O+,Plasma,ISSUE,1.0,2026-01-07 15:26:00,,,,POSTED,ISSUEE78A5E5E66
TXN3CEDD180D4,BB020,A-,RBC,DONATION,1.0,2026-01-07 15:35:00,DONATION0079,,,POSTED,
TXN820DB48D86,BB011,O+,Plasma,DONATION,1.0,2026-01-07 18:01:00,DONATION1346,,,POSTED,
TXNBCBE627D64,BB020,AB-,RBC,DONATION,1.0,2026-01-07 18:25:00,DONATION0251,,,POSTED,
TXN89830362D9,BB011,O+,Platelets,DONATION,1.0,2026-01-07 18:33:00,DONATION1346,,,POSTED,
TXN8B463E2052,BB015,A-,Platelets,DONATION,1.0,2026-01-07 18:38:00,DONATION1214,,,POSTED,
TXN0F83FA4856,BB009,B+,Platelets,ISSUE,1.0,2026-01-08 09:46:00,,,,POSTED,ISSUEFC3914877A
TXNF763AD174E,BB006,A+,RBC,DONATION,3.0,2026-01-09 12:10:00,DONATION1665,,,POSTED,
TXN708B712386,BB006,A+,Plasma,DONATION,3.0,2026-01-09 12:14:00,DONATION1665,,,POSTED,
TXN7BAD632601,BB006,A+,Platelets,DONATION,3.0,2026-01-09 12:49:00,DONATION1665,,,POSTED,
TXNAC6B20C98E,BB009,B+,Plasma,ISSUE,3.0,2026-01-09 17:55:00,,,,POSTED,ISSUEE2627D194B
TXNF0F8280D54,BB015,A-,Plasma,DONATION,2.0,2026-01-10 08:06:00,DONATION1547,,,POSTED,
TXNEF26C72A53,BB001,B+,RBC,ISSUE,2.0,2026-01-10 08:27:00,,,,POSTED,ISSUEC6F2B151E6
TXNE9144FED41,BB005,B-,Plasma,DONATION,2.0,2026-01-10 08:58:00,DONATION0252,,,POSTED,
TXN1F6C00D9AB,BB012,B+,RBC,DONATION,1.0,2026-01-10 09:23:00,DONATION1706,,,POSTED,
TXN37F80D5D83,BB005,O+,RBC,ISSUE,3.0,2026-01-10 14:56:00,,,,POSTED,ISSUEC02F4290D0
TXN7FCD86FF2E,BB015,A-,RBC,DONATION,2.0,2026-01-10 16:43:00,DONATION1547,,,POSTED,
TXN644C69ED31,BB012,B+,Plasma,DONATION,1.0,2026-01-10 16:46:00,DONATION1706,,,POSTED,
TXN6A880B3A88,BB005,B-,RBC,DONATION,2.0,2026-01-10 18:49:00,DONATION0252,,,POSTED,
TXNCBA8BE88B4,BB007,O-,Platelets,DONATION,1.0,2026-01-11 10:27:00,DONATION1516,,,POSTED,
TXN29E90E38D4,BB017,O+,RBC,ISSUE,2.0,2026-01-11 10:37:00,,,,POSTED,ISSUECCA4167210
TXN6A63D62D5C,BB010,AB+,RBC,DONATION,1.0,2026-01-11 10:51:00,DONATION0571,,,POSTED,
TXN9FB7E85ED5,BB010,AB+,Platelets,DONATION,1.0,2026-01-11 14:26:00,DONATION0571,,,POSTED,
TXND797156BCE,BB007,O-,Plasma,DONATION,1.0,2026-01-11 15:24:00,DONATION1516,,,POSTED,
TXNDC902563F2,BB010,AB+,Plasma,DONATION,1.0,2026-01-11 15:58:00,DONATION0571,,,POSTED,
TXNC53FB4921E,BB020,AB+,RBC,ISSUE,1.0,2026-01-11 16:10:00,,,,POSTED,ISSUE1301D04E59
TXN3DAFD99A62,BB007,O-,RBC,DONATION,1.0,2026-01-11 16:52:00,DONATION1516,,,POSTED,
TXN0BDA1919DD,BB014,B+,RBC,DONATION,1.0,2026-01-12 09:43:00,DONATION1269,,,POSTED,
TXN22FA152D2C,BB004,O-,Plasma,DONATION,1.0,2026-01-12 11:43:00,DONATION0535,,,POSTED,
TXN1D1DECC8DF,BB004,O-,RBC,DONATION,1.0,2026-01-12 11:48:00,DONATION0535,,,POSTED,
TXNF347EE8BD4,BB014,B+,Plasma,DONATION,1.0,2026-01-12 17:21:00,DONATION1269,,,POSTED,
TXN83018DAD8C,BB009,A+,RBC,DONATION,1.0,2026-01-13 09:07:00,DONATION1399,,,POSTED,
TXN1EE7469FAD,BB020,A-,Platelets,ISSUE,1.0,2026-01-13 09:36:00,,,,POSTED,ISSUE7A8FB219C0
TXNB92AD0696D,BB014,B+,RBC,DONATION,1.0,2026-01-13 09:57:00,DONATION1615,,,POSTED,
TXN7A623855A5,BB014,B+,Plasma,DONATION,1.0,2026-01-13 11:46:00,DONATION1615,,,POSTED,
TXNBF8A78F10C,BB020,A-,RBC,ISSUE,1.0,2026-01-13 13:21:00,,,,POSTED,ISSUEA36951B493
TXN47CA12835C,BB010,AB+,Platelets,ISSUE,1.0,2026-01-13 14:28:00,,,,POSTED,ISSUEDFEFB6B77C
TXNCE8BB1593D,BB009,A+,Plasma,DONATION,1.0,2026-01-13 15:40:00,DONATION1399,,,POSTED,
TXN15859EF8C4,BB009,A+,Platelets,DONATION,1.0,2026-01-13 16:45:00,DONATION1399,,,POSTED,
TXNC3CADF996A,BB014,B+,Platelets,DONATION,1.0,2026-01-13 17:20:00,DONATION1615,,,POSTED,
TXNA55317DFFE,BB017,O+,Plasma,ISSUE,3.0,2026-01-13 17:26:00,,,,POSTED,ISSUEB04287E9B9
TXN93A6BCA0EA,BB008,O+,Plasma,DONATION,2.0,2026-01-14 10:36:00,DONATION1448,,,POSTED,
TXN8EA6B7254E,BB009,O+,Platelets,DONATION,1.0,2026-01-14 10:41:00,DONATION0114,,,POSTED,
TXN73ECDDBED4,BB009,O+,RBC,DONATION,1.0,2026-01-14 11:45:00,DONATION0114,,,POSTED,
TXNFA7AC724E7,BB014,B+,RBC,ISSUE,1.0,2026-01-14 13:37:00,,,,POSTED,ISSUE396EC2B519
TXN189F0D467F,BB001,AB+,RBC,DONATION,1.0,2026-01-14 14:10:00,DONATION0695,,,POSTED,
TXN30BA0CBD79,BB009,O+,Plasma,DONATION,1.0,2026-01-14 14:31:00,DONATION0114,,,POSTED,
TXN591D7562F2,BB001,AB+,Plasma,DONATION,1.0,2026-01-14 17:08:00,DONATION0695,,,POSTED,
TXN76B55D9552,BB015,A-,Plasma,ISSUE,1.0,2026-01-14 17:51:00,,,,POSTED,ISSUE1ABFDBDFC6
TXNAA7F6BAFDF,BB008,O+,RBC,DONATION,2.0,2026-01-14 18:34:00,DONATION1448,,,POSTED,
TXN637C9C8ED7,BB004,B+,Plasma,DONATION,1.0,2026-01-15 08:16:00,DONATION0179,,,POSTED,
TXNC42E6744D3,BB007,B+,Plasma,DONATION,1.0,2026-01-15 09:44:00,DONATION1561,,,POSTED,
TXN92726E0EA2,BB011,O-,Platelets,DONATION,2.0,2026-01-15 10:46:00,DONATION0156,,,POSTED,
TXNC2FBBBD876,BB007,B+,RBC,DONATION,1.0,2026-01-15 10:57:00,DONATION1561,,,POSTED,
TXN7FF9D6EDE8,BB007,O-,RBC,DONATION,1.0,2026-01-15 12:03:00,DONATION1531,,,POSTED,
TXNCB9D65DFD9,BB007,B+,Platelets,DONATION,1.0,2026-01-15 12:29:00,DONATION1561,,,POSTED,
TXNDECE9B623E,BB007,O-,RBC,ISSUE,1.0,2026-01-15 13:02:00,,,,POSTED,ISSUEC72EE48897
TXN9B09003DB6,BB004,B+,RBC,DONATION,1.0,2026-01-15 13:11:00,DONATION0179,,,POSTED,
TXN3C55FF8B16,BB011,O-,Plasma,DONATION,2.0,2026-01-15 15:45:00,DONATION0156,,,POSTED,
TXND1CE410113,BB007,O-,Plasma,ISSUE,1.0,2026-01-15 17:50:00,,,,POSTED,ISSUEDF92998B63
TXN6845A1915E,BB007,O-,Plasma,DONATION,1.0,2026-01-15 18:30:00,DONATION1531,,,POSTED,
TXN01D95C7638,BB011,O-,RBC,DONATION,2.0,2026-01-15 18:57:00,DONATION0156,,,POSTED,
TXN2CC7121694,BB013,A+,Platelets,DONATION,1.0,2026-01-16 08:54:00,DONATION0978,,,POSTED,
TXN8ACBBDF015,BB013,A+,Plasma,DONATION,1.0,2026-01-16 09:52:00,DONATION0978,,,POSTED,
TXN6C7E68B268,BB010,O+,Platelets,DONATION,3.0,2026-01-16 10:17:00,DONATION0556,,,POSTED,
TXN1560AE94AE,BB010,O+,Plasma,DONATION,3.0,2026-01-16 11:15:00,DONATION0556,,,POSTED,
TXN52CB6978D3,BB019,A+,Plasma,ISSUE,4.0,2026-01-16 14:20:00,,,,POSTED,ISSUEA3F4BCCB51
TXN81BA819E65,BB013,A+,RBC,DONATION,1.0,2026-01-16 15:03:00,DONATION0978,,,POSTED,
TXNEBB26F1312,BB010,O+,RBC,DONATION,3.0,2026-01-16 16:24:00,DONATION0556,,,POSTED,
TXN9FE6D9BDBA,BB004,O-,RBC,ISSUE,1.0,2026-01-17 09:33:00,,,,POSTED,ISSUE78EDCA7DC9
TXND56E5735C7,BB009,A+,Platelets,ISSUE,2.0,2026-01-17 10:17:00,,,,POSTED,ISSUE9D89C8025E
TXN9008FE73BB,BB010,O+,Platelets,ISSUE,2.0,2026-01-17 14:13:00,,,,POSTED,ISSUE77B8229902
TXN0C712C4214,BB009,A+,Plasma,ISSUE,1.0,2026-01-18 18:18:00,,,,POSTED,ISSUE7C123A5783
TXN1AC16F423D,BB007,B+,RBC,ISSUE,1.0,2026-01-19 11:16:00,,,,POSTED,ISSUECEED2C3AAF
TXN4D258D8ED0,BB013,A+,RBC,ISSUE,5.0,2026-01-19 17:53:00,,,,POSTED,ISSUECC6D73E765
TXNF97EBEB1CE,BB010,AB+,Plasma,ISSUE,1.0,2026-01-20 08:57:00,,,,POSTED,ISSUEE5CD1FBC0E
TXN35B20A86C4,BB015,A-,RBC,ISSUE,1.0,2026-01-20 09:16:00,,,,POSTED,ISSUEA88702EC07
TXND97ECC00CF,BB012,A+,Platelets,DONATION,2.0,2026-01-20 09:51:00,DONATION0852,,,POSTED,
TXN5125B38024,BB008,O+,RBC,ISSUE,3.0,2026-01-20 13:37:00,,,,POSTED,ISSUEBD0B03719C
TXNEEDD9723FE,BB012,A+,Plasma,DONATION,2.0,2026-01-20 18:14:00,DONATION0852,,,POSTED,
TXNC9727C673B,BB012,A+,RBC,DONATION,2.0,2026-01-20 18:48:00,DONATION0852,,,POSTED,
TXN56AC093A98,BB001,O+,Plasma,DONATION,1.0,2026-01-21 08:42:00,DONATION1571,,,POSTED,
TXN131D4224CF,BB001,O+,RBC,DONATION,1.0,2026-01-21 08:59:00,DONATION1571,,,POSTED,
TXN6DD94719FD,BB005,B+,Plasma,DONATION,1.0,2026-01-21 09:48:00,DONATION1008,,,POSTED,
TXNDF33774140,BB001,O+,Platelets,DONATION,1.0,2026-01-21 10:44:00,DONATION1571,,,POSTED,
TXND4A1FFF6ED,BB002,O+,RBC,DONATION,1.0,2026-01-21 13:35:00,DONATION1304,,,POSTED,
TXN179D539290,BB004,B+,Plasma,ISSUE,3.0,2026-01-21 13:46:00,,,,POSTED,ISSUEB0CF3E113E
TXN368FE3A273,BB002,O+,Plasma,DONATION,1.0,2026-01-21 13:54:00,DONATION1304,,,POSTED,
TXNAC63737DA1,BB005,B+,RBC,DONATION,1.0,2026-01-21 15:07:00,DONATION1008,,,POSTED,
TXN03EF5982F6,BB010,AB+,Plasma,DONATION,1.0,2026-01-21 16:15:00,DONATION0815,,,POSTED,
TXN579E7C9F3F,BB001,AB+,RBC,ISSUE,1.0,2026-01-21 17:03:00,,,,POSTED,ISSUE5BD345576A
TXN2355E57246,BB002,O+,Platelets,DONATION,1.0,2026-01-21 18:27:00,DONATION1304,,,POSTED,
TXNA1D2F06DFB,BB010,AB+,RBC,DONATION,1.0,2026-01-21 18:56:00,DONATION0815,,,POSTED,
TXN49D88F3396,BB003,O+,Plasma,DONATION,2.0,2026-01-22 09:24:00,DONATION1741,,,POSTED,
TXNEC5C71DBB1,BB003,O+,RBC,DONATION,2.0,2026-01-22 13:31:00,DONATION1741,,,POSTED,
TXNE80861CBF0,BB003,O+,Platelets,DONATION,2.0,2026-01-22 17:47:00,DONATION1741,,,POSTED,
TXN527446B12D,BB016,B-,Platelets,DONATION,1.0,2026-01-23 10:51:00,DONATION1205,,,POSTED,
TXN4678370A53,BB016,B-,RBC,DONATION,1.0,2026-01-23 11:35:00,DONATION1205,,,POSTED,
TXN1581D0D304,BB016,B-,Plasma,DONATION,1.0,2026-01-23 14:54:00,DONATION1205,,,POSTED,
TXN30D4F8BB80,BB015,A-,Plasma,DONATION,2.0,2026-01-24 08:07:00,DONATION1702,,,POSTED,
TXN96956A4FEA,BB011,O-,Plasma,ISSUE,2.0,2026-01-24 10:10:00,,,,POSTED,ISSUE6DBA6526B6
TXNED14C15BB3,BB015,A-,RBC,DONATION,2.0,2026-01-24 18:15:00,DONATION1702,,,POSTED,
TXN6BEA1A75E3,BB008,A+,RBC,DONATION,1.0,2026-01-25 08:00:00,DONATION1862,,,POSTED,
TXN19AB1B4582,BB019,O+,Platelets,DONATION,2.0,2026-01-25 08:13:00,DONATION0212,,,POSTED,
TXNE76E42CBFA,BB010,AB+,RBC,ISSUE,1.0,2026-01-25 11:33:00,,,,POSTED,ISSUED238C96C1A
TXN0E52912C17,BB008,A+,Plasma,DONATION,1.0,2026-01-25 12:32:00,DONATION1862,,,POSTED,
TXNE4EDA717F5,BB019,O+,RBC,DONATION,2.0,2026-01-25 13:39:00,DONATION0212,,,POSTED,
TXNEA938273B1,BB011,O-,Platelets,ISSUE,1.0,2026-01-25 14:08:00,,,,POSTED,ISSUE300FF574F9
TXN8F43CE5F21,BB019,O+,Plasma,DONATION,2.0,2026-01-25 15:40:00,DONATION0212,,,POSTED,
TXN8157C54666,BB012,A+,Plasma,DONATION,2.0,2026-01-26 13:14:00,DONATION0836,,,POSTED,
TXN1CD45B6553,BB008,O-,RBC,DONATION,1.0,2026-01-26 16:07:00,DONATION0937,,,POSTED,
TXNAEA4D08B87,BB012,A+,RBC,DONATION,2.0,2026-01-26 17:50:00,DONATION0836,,,POSTED,
TXN81D8E8B14E,BB008,O-,Plasma,DONATION,1.0,2026-01-26 18:24:00,DONATION0937,,,POSTED,
TXN5736B898B9,BB016,B-,Plasma,ISSUE,2.0,2026-01-27 09:08:00,,,,POSTED,ISSUE2E633A76D2
TXN8AA357CF9E,BB005,B+,Plasma,ISSUE,2.0,2026-01-28 08:31:00,,,,POSTED,ISSUEB90DEF72D8
TXNDB02167B92,BB017,B+,RBC,DONATION,1.0,2026-01-28 09:37:00,DONATION1785,,,POSTED,
TXNA77826E94B,BB010,AB+,Plasma,ISSUE,1.0,2026-01-28 10:57:00,,,,POSTED,ISSUEB2A4495683
TXNDB134EDD76,BB009,B-,Plasma,DONATION,1.0,2026-01-28 11:56:00,DONATION1397,,,POSTED,
TXND8048F5B19,BB015,B+,RBC,DONATION,2.0,2026-01-28 12:15:00,DONATION0123,,,POSTED,
TXNA6834AFD6D,BB009,B-,Platelets,DONATION,1.0,2026-01-28 12:20:00,DONATION1397,,,POSTED,
TXN3CD1743192,BB015,B+,Plasma,DONATION,2.0,2026-01-28 12:21:00,DONATION0123,,,POSTED,
TXNDC12EEA66A,BB017,B+,Plasma,DONATION,1.0,2026-01-28 13:17:00,DONATION1785,,,POSTED,
TXN6F7102730A,BB011,O-,Plasma,DONATION,2.0,2026-01-28 13:46:00,DONATION1280,,,POSTED,
TXN93F63E9F86,BB009,B-,RBC,DONATION,1.0,2026-01-28 15:37:00,DONATION1397,,,POSTED,
TXNC1E3D4D038,BB015,B+,Platelets,DONATION,2.0,2026-01-28 16:05:00,DONATION0123,,,POSTED,
TXN0E8C8892E8,BB011,O-,RBC,DONATION,2.0,2026-01-28 16:22:00,DONATION1280,,,POSTED,
TXN9DBF773F89,BB017,B+,Platelets,DONATION,1.0,2026-01-28 16:30:00,DONATION1785,,,POSTED,
TXN1423856AFB,BB011,O-,Platelets,DONATION,2.0,2026-01-28 17:58:00,DONATION1280,,,POSTED,
TXN8E7729CDC8,BB005,A+,RBC,DONATION,1.0,2026-01-29 09:58:00,DONATION1731,,,POSTED,
TXNF3C319949F,BB019,O+,Platelets,ISSUE,1.0,2026-01-29 10:06:00,,,,POSTED,ISSUEF32DDA94B2
TXN298282C55E,BB019,O+,Plasma,DONATION,2.0,2026-01-29 10:17:00,DONATION0317,,,POSTED,
TXN85A86B5439,BB018,O+,Plasma,DONATION,2.0,2026-01-29 10:50:00,DONATION0288,,,POSTED,
TXND6E6052CEC,BB019,O+,RBC,DONATION,2.0,2026-01-29 12:01:00,DONATION0317,,,POSTED,
TXN7272643667,BB018,O+,RBC,DONATION,2.0,2026-01-29 13:49:00,DONATION0288,,,POSTED,
TXN9EF4EBEEB9,BB005,A+,Plasma,DONATION,1.0,2026-01-29 17:13:00,DONATION1731,,,POSTED,
TXND6431C9BCB,BB003,O+,Platelets,DONATION,1.0,2026-01-30 08:23:00,DONATION1169,,,POSTED,
TXN4CD8B5556D,BB003,O+,Plasma,DONATION,1.0,2026-01-30 11:39:00,DONATION1169,,,POSTED,
TXN6C36F3C927,BB012,O+,RBC,DONATION,1.0,2026-01-30 12:55:00,DONATION0886,,,POSTED,
TXNF171EB0E33,BB001,A+,Plasma,DONATION,1.0,2026-01-30 13:07:00,DONATION1178,,,POSTED,
TXNEEE0955298,BB012,O+,Platelets,DONATION,1.0,2026-01-30 14:16:00,DONATION0886,,,POSTED,
TXN39E5A8F68C,BB016,A+,Plasma,DONATION,1.0,2026-01-30 14:37:00,DONATION1988,,,POSTED,
TXNC57D94B091,BB001,A+,RBC,DONATION,1.0,2026-01-30 16:18:00,DONATION1178,,,POSTED,
TXN9F0DD9A8B5,BB003,O+,RBC,DONATION,1.0,2026-01-30 16:33:00,DONATION1169,,,POSTED,
TXN205EFA4D11,BB012,O+,Plasma,DONATION,1.0,2026-01-30 16:56:00,DONATION0886,,,POSTED,
TXN25C43CA630,BB016,A+,RBC,DONATION,1.0,2026-01-30 18:33:00,DONATION1988,,,POSTED,
TXN82D491C52C,BB015,O+,Plasma,DONATION,2.0,2026-01-31 09:15:00,DONATION0821,,,POSTED,
TXN365D413116,BB015,AB+,Plasma,DONATION,2.0,2026-01-31 09:43:00,DONATION0540,,,POSTED,
TXNAB46D7C0E9,BB015,O+,RBC,DONATION,2.0,2026-01-31 11:10:00,DONATION0821,,,POSTED,
TXN4528288FA7,BB014,O+,Platelets,DONATION,1.0,2026-01-31 13:56:00,DONATION1971,,,POSTED,
TXNBA02AA4986,BB015,AB+,RBC,DONATION,2.0,2026-01-31 16:28:00,DONATION0540,,,POSTED,
TXN302F7E448E,BB014,O+,RBC,DONATION,1.0,2026-01-31 16:39:00,DONATION1971,,,POSTED,
TXN0C1314F594,BB015,AB+,Platelets,DONATION,2.0,2026-01-31 17:31:00,DONATION0540,,,POSTED,
TXN6EDDE28498,BB014,O+,Plasma,DONATION,1.0,2026-01-31 17:41:00,DONATION1971,,,POSTED,
TXN6B6FC8EB26,BB002,O+,Plasma,ISSUE,3.0,2026-01-31 18:52:00,,,,POSTED,ISSUE3C6F9FA5F8
TXNA1C7BEDB4D,BB014,O+,RBC,ISSUE,1.0,2026-02-01 08:40:00,,,,POSTED,ISSUE6121FFDEB4
TXN56753E3EF7,BB004,A+,Plasma,DONATION,1.0,2026-02-01 09:19:00,DONATION0609,,,POSTED,
TXNE5F62637D9,BB019,O-,Plasma,DONATION,1.0,2026-02-01 11:00:00,DONATION0524,,,POSTED,
TXN9CE21252E0,BB019,O-,Platelets,DONATION,1.0,2026-02-01 11:28:00,DONATION0524,,,POSTED,
TXN2D1F115751,BB004,A+,Platelets,DONATION,1.0,2026-02-01 11:36:00,DONATION0609,,,POSTED,
TXN574F59603A,BB012,B-,RBC,DONATION,1.0,2026-02-01 12:13:00,DONATION1082,,,POSTED,
TXN3F898F9EEC,BB012,B-,Plasma,DONATION,1.0,2026-02-01 13:13:00,DONATION1082,,,POSTED,
TXN9D1079F34C,BB012,O+,RBC,ISSUE,1.0,2026-02-01 13:28:00,,,,POSTED,ISSUE25DAB2E6AD
TXNE810210A4E,BB004,A+,RBC,DONATION,1.0,2026-02-01 14:59:00,DONATION0609,,,POSTED,
TXN76C59C2F41,BB019,O-,RBC,DONATION,1.0,2026-02-01 15:20:00,DONATION0524,,,POSTED,
TXN09F5BA738F,BB015,AB+,RBC,ISSUE,1.0,2026-02-01 18:12:00,,,,POSTED,ISSUED67C844840
TXN85705864EE,BB012,B-,Platelets,DONATION,1.0,2026-02-01 18:54:00,DONATION1082,,,POSTED,
TXN632304821A,BB012,B+,Plasma,DONATION,1.0,2026-02-02 14:14:00,DONATION1246,,,POSTED,
TXNFC55139F94,BB012,B+,Platelets,DONATION,1.0,2026-02-02 14:40:00,DONATION1246,,,POSTED,
TXN5573DC127D,BB012,B+,RBC,DONATION,1.0,2026-02-02 18:24:00,DONATION1246,,,POSTED,
TXN36A5BA9AD2,BB012,B+,Plasma,DONATION,1.0,2026-02-03 08:51:00,DONATION0922,,,POSTED,
TXN7C31CC9550,BB009,B-,RBC,ISSUE,1.0,2026-02-03 08:52:00,,,,POSTED,ISSUEF3C9F6DD4B
TXNB486D2EDA0,BB010,O+,RBC,DONATION,1.0,2026-02-03 09:41:00,DONATION0216,,,POSTED,
TXN895F9421FE,BB010,O+,Plasma,DONATION,1.0,2026-02-03 10:31:00,DONATION0216,,,POSTED,
TXN4E0B01A2D3,BB012,B+,RBC,DONATION,1.0,2026-02-03 11:57:00,DONATION0922,,,POSTED,
TXNEFAF54B3CA,BB012,B+,RBC,ISSUE,1.0,2026-02-03 15:53:00,,,,POSTED,ISSUEF4DC80301F
TXNFCABEDD6CB,BB005,O+,Platelets,DONATION,1.0,2026-02-04 10:33:00,DONATION1051,,,POSTED,
TXNEB3DEDB8DA,BB015,AB+,Platelets,ISSUE,1.0,2026-02-04 12:00:00,,,,POSTED,ISSUE014041896B
TXNB149C43766,BB005,O+,RBC,DONATION,1.0,2026-02-04 13:04:00,DONATION1051,,,POSTED,
TXN90C6BAFB1E,BB005,O+,Plasma,DONATION,1.0,2026-02-04 13:33:00,DONATION1051,,,POSTED,
TXN9E5D8254AD,BB005,A+,Platelets,DONATION,1.0,2026-02-04 14:46:00,DONATION1688,,,POSTED,
TXN5F2C68C16C,BB005,A+,RBC,DONATION,1.0,2026-02-04 14:51:00,DONATION1688,,,POSTED,
TXN1DDA11E095,BB005,A+,Plasma,DONATION,1.0,2026-02-04 15:18:00,DONATION1688,,,POSTED,
TXN0E85676B41,BB001,B+,Platelets,DONATION,1.0,2026-02-05 09:19:00,DONATION1469,,,POSTED,
TXN1B834F9C82,BB001,B+,RBC,DONATION,1.0,2026-02-05 12:09:00,DONATION1469,,,POSTED,
TXN961C961948,BB001,B+,Plasma,DONATION,1.0,2026-02-05 12:36:00,DONATION1469,,,POSTED,
TXNA4767C8167,BB017,B+,RBC,ISSUE,3.0,2026-02-05 16:02:00,,,,POSTED,ISSUE1006D013E6
TXNE4D8B8A88F,BB015,AB+,Platelets,EXPIRY,1.0,2026-02-05 17:14:00,,,,POSTED,
TXNA7355E8F57,BB011,O-,Platelets,ISSUE,1.0,2026-02-05 18:48:00,,,,POSTED,ISSUE36508D8446
TXN3043A448F9,BB019,O-,RBC,ISSUE,1.0,2026-02-05 18:50:00,,,,POSTED,ISSUED753EEA8F6
TXNF4DB37019C,BB011,O-,RBC,ISSUE,2.0,2026-02-06 08:20:00,,,,POSTED,ISSUEF7315511D7
TXN8840323340,BB003,B+,RBC,DONATION,2.0,2026-02-06 11:16:00,DONATION0641,,,POSTED,
TXN26A43D0642,BB005,A+,Plasma,ISSUE,2.0,2026-02-06 17:13:00,,,,POSTED,ISSUE2453C11321
TXNBE21984FE2,BB003,B+,Plasma,DONATION,2.0,2026-02-06 18:09:00,DONATION0641,,,POSTED,
TXN082F902F8F,BB015,B+,RBC,ISSUE,2.0,2026-02-07 08:43:00,,,,POSTED,ISSUE71FDB27C8B
TXNAA9F113BCE,BB014,O+,Platelets,ISSUE,1.0,2026-02-07 09:31:00,,,,POSTED,ISSUE8D79F8FFD3
TXN762CF1C55E,BB014,O+,Plasma,DONATION,3.0,2026-02-07 12:05:00,DONATION1185,,,POSTED,
TXN6A85D4B4B6,BB014,O+,RBC,DONATION,3.0,2026-02-07 12:15:00,DONATION1185,,,POSTED,
TXN4509F76E65,BB014,O+,Platelets,DONATION,3.0,2026-02-07 13:04:00,DONATION1185,,,POSTED,
TXN9DDADBE98B,BB018,O+,RBC,ISSUE,5.0,2026-02-07 15:42:00,,,,POSTED,ISSUE6C0F22ADDF
TXNB777D846B7,BB003,O+,Plasma,DONATION,1.0,2026-02-08 09:01:00,DONATION1661,,,POSTED,
TXN7A37B16FD7,BB006,B+,Plasma,DONATION,1.0,2026-02-08 11:30:00,DONATION0874,,,POSTED,
TXN583E921061,BB003,O+,RBC,DONATION,1.0,2026-02-08 12:12:00,DONATION1661,,,POSTED,
TXN864A73FB56,BB006,B+,Platelets,DONATION,1.0,2026-02-08 14:57:00,DONATION0874,,,POSTED,
TXN428CD7AA91,BB006,B+,RBC,DONATION,1.0,2026-02-08 15:36:00,DONATION0874,,,POSTED,
TXNDDD5CD75E5,BB005,O+,Plasma,ISSUE,3.0,2026-02-08 16:23:00,,,,POSTED,ISSUEDF437622B5
TXN7916A7E6B5,BB011,A-,Plasma,DONATION,1.0,2026-02-09 08:55:00,DONATION0043,,,POSTED,
TXN768DC6085E,BB011,A-,RBC,DONATION,1.0,2026-02-09 11:04:00,DONATION0043,,,POSTED,
TXN6BCF79CE38,BB008,A+,RBC,DONATION,1.0,2026-02-09 12:13:00,DONATION1035,,,POSTED,
TXN6BF4FCEF0E,BB012,B+,RBC,ISSUE,1.0,2026-02-09 13:53:00,,,,POSTED,ISSUE9E258B4BAE
TXNCE7B90A8D0,BB008,A+,Platelets,DONATION,1.0,2026-02-09 15:06:00,DONATION1035,,,POSTED,
TXNCD3EA6D498,BB008,A+,Plasma,DONATION,1.0,2026-02-09 16:02:00,DONATION1035,,,POSTED,
TXN33AB8228A3,BB011,A-,Platelets,DONATION,1.0,2026-02-09 16:15:00,DONATION0043,,,POSTED,
TXN22386E3D21,BB005,B-,RBC,DONATION,1.0,2026-02-10 11:40:00,DONATION0445,,,POSTED,
TXN0B91D053FA,BB001,B+,RBC,ISSUE,2.0,2026-02-10 11:42:00,,,,POSTED,ISSUEF88CB0A36D
TXN5D19962A62,BB005,B-,Platelets,DONATION,1.0,2026-02-10 12:39:00,DONATION0445,,,POSTED,
TXN428B8B6C5A,BB005,B-,Plasma,DONATION,1.0,2026-02-10 16:17:00,DONATION0445,,,POSTED,
TXNBEB303A939,BB004,A+,Platelets,ISSUE,2.0,2026-02-11 10:56:00,,,,POSTED,ISSUE66D135CDE6
TXNC12BB8EDEA,BB005,B-,RBC,ISSUE,1.0,2026-02-11 16:12:00,,,,POSTED,ISSUEEC0681480C
TXNE3AB105F85,BB020,B+,Plasma,DONATION,2.0,2026-02-11 16:28:00,DONATION1664,,,POSTED,
TXNE00349A5C6,BB020,B+,RBC,DONATION,2.0,2026-02-11 16:53:00,DONATION1664,,,POSTED,
TXN6EC6AE75BC,BB020,B+,Platelets,DONATION,2.0,2026-02-11 17:08:00,DONATION1664,,,POSTED,
TXN9F52BCA682,BB012,B-,RBC,ISSUE,1.0,2026-02-11 17:20:00,,,,POSTED,ISSUE1263D93C2D
TXN32AF7A3E35,BB005,A+,Plasma,DONATION,1.0,2026-02-12 09:09:00,DONATION1567,,,POSTED,
TXN43CCAB7973,BB017,A+,RBC,DONATION,1.0,2026-02-12 14:26:00,DONATION1040,,,POSTED,
TXN6D83619555,BB010,O+,Plasma,ISSUE,2.0,2026-02-12 15:10:00,,,,POSTED,ISSUE27B53E8DF0
TXN6D27329997,BB001,O+,Plasma,DONATION,1.0,2026-02-12 16:03:00,DONATION0871,,,POSTED,
TXNF0F503A64A,BB001,O+,RBC,DONATION,1.0,2026-02-12 17:14:00,DONATION0871,,,POSTED,
TXN61D62A66F6,BB005,O+,RBC,ISSUE,3.0,2026-02-12 17:59:00,,,,POSTED,ISSUE0D52A4857C
TXN4FB5C999E8,BB017,A+,Plasma,DONATION,1.0,2026-02-12 18:20:00,DONATION1040,,,POSTED,
TXN7F0711FB45,BB005,A+,RBC,ISSUE,1.0,2026-02-12 18:24:00,,,,POSTED,ISSUE20C4270AE2
TXN28265F12D5,BB005,A+,RBC,DONATION,1.0,2026-02-12 18:31:00,DONATION1567,,,POSTED,
TXNF4E646E8E6,BB003,O+,Plasma,DONATION,1.0,2026-02-13 10:42:00,DONATION0109,,,POSTED,
TXND9A2D0EDD2,BB003,O+,RBC,DONATION,1.0,2026-02-13 15:50:00,DONATION0109,,,POSTED,
TXN9DE386F95D,BB020,B+,RBC,ISSUE,3.0,2026-02-13 16:31:00,,,,POSTED,ISSUE0300A7FAC2
TXN51316CD35D,BB003,O+,Platelets,DONATION,1.0,2026-02-13 16:42:00,DONATION0109,,,POSTED,
TXNF91ED3D717,BB006,B+,Platelets,ISSUE,1.0,2026-02-14 08:05:00,,,,POSTED,ISSUEBCBAC5D863
TXNBBA0E8DB5E,BB002,B-,RBC,DONATION,3.0,2026-02-14 09:18:00,DONATION0656,,,POSTED,
TXN2354F93F85,BB011,A-,Plasma,ISSUE,2.0,2026-02-14 09:32:00,,,,POSTED,ISSUED0187A98F9
TXN0754199C32,BB002,B-,Plasma,DONATION,3.0,2026-02-14 14:58:00,DONATION0656,,,POSTED,
TXNAD11D0C922,BB020,O+,RBC,DONATION,1.0,2026-02-14 15:23:00,DONATION0775,,,POSTED,
TXN9D2DE776FF,BB020,O+,Plasma,DONATION,1.0,2026-02-14 17:31:00,DONATION0775,,,POSTED,
TXNFF45274F7F,BB014,O+,Plasma,ISSUE,4.0,2026-02-14 18:40:00,,,,POSTED,ISSUE44599928BF
TXN07D6441B1B,BB017,A+,RBC,ISSUE,2.0,2026-02-16 10:32:00,,,,POSTED,ISSUEA5AB1DEE4D
TXN15982B84DD,BB013,A-,Plasma,DONATION,1.0,2026-02-17 11:53:00,DONATION0797,,,POSTED,
TXN9F967023B9,BB013,A-,RBC,DONATION,1.0,2026-02-17 17:02:00,DONATION0797,,,POSTED,
TXND85BD4359C,BB003,O+,Plasma,ISSUE,2.0,2026-02-18 10:12:00,,,,POSTED,ISSUE024FB798F3
TXN6889A98DE1,BB005,B-,Plasma,ISSUE,1.0,2026-02-18 18:33:00,,,,POSTED,ISSUE6A35514AA3
TXN6265B2F09F,BB010,B+,Plasma,DONATION,1.0,2026-02-19 13:43:00,DONATION1300,,,POSTED,
TXN5CA40B0873,BB010,B+,Platelets,DONATION,1.0,2026-02-19 18:27:00,DONATION1300,,,POSTED,
TXN410C83EF79,BB010,B+,RBC,DONATION,1.0,2026-02-19 18:36:00,DONATION1300,,,POSTED,
TXNC205DFB28F,BB016,B-,Plasma,DONATION,1.0,2026-02-20 09:00:00,DONATION1856,,,POSTED,
TXNBF74E7DFE6,BB013,A+,RBC,DONATION,2.0,2026-02-20 09:13:00,DONATION1468,,,POSTED,
TXN4AC1BBEC04,BB004,B+,RBC,DONATION,1.0,2026-02-20 11:34:00,DONATION1065,,,POSTED,
TXN97736365CA,BB005,A+,RBC,ISSUE,3.0,2026-02-20 12:41:00,,,,POSTED,ISSUEA0C6047869
TXN8F1C5941DC,BB003,O-,RBC,DONATION,1.0,2026-02-20 12:44:00,DONATION1180,,,POSTED,
TXNF1E0F17866,BB016,B-,Platelets,DONATION,1.0,2026-02-20 13:44:00,DONATION1856,,,POSTED,
TXN9CB55C986D,BB001,O+,RBC,ISSUE,3.0,2026-02-20 13:48:00,,,,POSTED,ISSUE488B8F07D3
TXN7EF39F0F15,BB004,B+,Plasma,DONATION,1.0,2026-02-20 14:41:00,DONATION1065,,,POSTED,
TXNDEA100E212,BB003,O-,Plasma,DONATION,1.0,2026-02-20 15:24:00,DONATION1180,,,POSTED,
TXNDE38A2D680,BB013,A+,Plasma,DONATION,2.0,2026-02-20 16:22:00,DONATION1468,,,POSTED,
TXNB531F87938,BB016,B-,RBC,DONATION,1.0,2026-02-20 18:29:00,DONATION1856,,,POSTED,
TXNE1C81F2CB2,BB008,O+,RBC,DONATION,2.0,2026-02-21 09:02:00,DONATION1896,,,POSTED,
TXN68E3D4C824,BB009,B-,Platelets,DONATION,2.0,2026-02-21 09:03:00,DONATION1853,,,POSTED,
TXN8ED138C064,BB012,AB+,Platelets,DONATION,1.0,2026-02-21 09:41:00,DONATION0508,,,POSTED,
TXNAEB3640B5B,BB009,B-,RBC,DONATION,2.0,2026-02-21 11:52:00,DONATION1853,,,POSTED,
TXN198DCA05D1,BB016,AB+,RBC,DONATION,1.0,2026-02-21 12:10:00,DONATION1337,,,POSTED,
TXND7F046492F,BB012,AB+,RBC,DONATION,1.0,2026-02-21 12:20:00,DONATION0508,,,POSTED,
TXN6D86896E33,BB012,AB+,Plasma,DONATION,1.0,2026-02-21 12:41:00,DONATION0508,,,POSTED,
TXN97FB5EA413,BB009,B-,Plasma,DONATION,2.0,2026-02-21 12:46:00,DONATION1853,,,POSTED,
TXNF9B94C6442,BB009,B-,Plasma,DONATION,2.0,2026-02-21 13:16:00,DONATION1853,,,POSTED,
TXN8186B75F1D,BB016,AB+,Plasma,DONATION,1.0,2026-02-21 13:39:00,DONATION1337,,,POSTED,
TXN58B9111F8A,BB001,O+,RBC,DONATION,1.0,2026-02-21 14:49:00,DONATION1102,,,POSTED,
TXN0EC4C50D49,BB009,B-,RBC,DONATION,2.0,2026-02-21 14:57:00,DONATION1853,,,POSTED,
TXNEC5EB6FC93,BB008,O+,Plasma,DONATION,2.0,2026-02-21 16:21:00,DONATION1896,,,POSTED,
TXN79A4ECCEA9,BB001,O+,Plasma,DONATION,1.0,2026-02-21 17:13:00,DONATION1102,,,POSTED,
TXN64FE973A80,BB002,O+,Platelets,DONATION,1.0,2026-02-22 08:51:00,DONATION1885,,,POSTED,
TXN62D572682D,BB005,A+,Plasma,ISSUE,2.0,2026-02-22 11:14:00,,,,POSTED,ISSUE64D25FB434
TXN7405A5D900,BB020,O+,Plasma,ISSUE,1.0,2026-02-22 12:25:00,,,,POSTED,ISSUE9CB84D90AE
TXN18CA56A405,BB002,O+,RBC,DONATION,1.0,2026-02-22 13:46:00,DONATION1885,,,POSTED,
TXN26F04A2796,BB002,O+,Plasma,DONATION,1.0,2026-02-22 17:08:00,DONATION1885,,,POSTED,
TXN89C337E1FF,BB013,A-,Plasma,ISSUE,1.0,2026-02-23 11:36:00,,,,POSTED,ISSUEDECA267FA2
TXN044E62EDEB,BB005,A+,Plasma,DONATION,1.0,2026-02-24 14:05:00,DONATION0380,,,POSTED,
TXN4740B4AA3C,BB005,A+,RBC,DONATION,1.0,2026-02-24 16:09:00,DONATION0380,,,POSTED,
TXNE0A58AF778,BB013,A-,RBC,ISSUE,1.0,2026-02-24 16:15:00,,,,POSTED,ISSUE058A7FBF51
TXN2F35DA23C8,BB008,O+,Plasma,ISSUE,1.0,2026-02-25 13:01:00,,,,POSTED,ISSUE5F3FEE9CD5
TXN9F34D53A01,BB004,B+,Plasma,ISSUE,1.0,2026-02-26 08:12:00,,,,POSTED,ISSUE03B3636B49
TXN6B0CED1448,BB006,O-,Platelets,DONATION,1.0,2026-02-26 09:23:00,DONATION0981,,,POSTED,
TXNB32702EF3B,BB012,AB+,Plasma,ISSUE,1.0,2026-02-26 11:21:00,,,,POSTED,ISSUE77C9FEFB51
TXN7FB6C38E45,BB019,A-,Plasma,DONATION,1.0,2026-02-26 12:48:00,DONATION1074,,,POSTED,
TXN933D0393E3,BB006,O-,RBC,DONATION,1.0,2026-02-26 13:22:00,DONATION0981,,,POSTED,
TXNB582E47438,BB011,B+,Plasma,DONATION,1.0,2026-02-26 14:29:00,DONATION0653,,,POSTED,
TXN6277817899,BB011,B+,RBC,DONATION,1.0,2026-02-26 15:23:00,DONATION0653,,,POSTED,
TXN840B6A1072,BB006,O-,Plasma,DONATION,1.0,2026-02-26 15:39:00,DONATION0981,,,POSTED,
TXN6B8D505429,BB019,A-,RBC,DONATION,1.0,2026-02-26 17:05:00,DONATION1074,,,POSTED,
TXNE8A78EC3C5,BB009,B-,Plasma,ISSUE,1.0,2026-02-27 09:09:00,,,,POSTED,ISSUE6C1D9068D6
TXNC88F2C36AA,BB010,B+,RBC,ISSUE,2.0,2026-02-27 09:23:00,,,,POSTED,ISSUEDC5BCF1B10
TXN5B6B9BD52B,BB005,AB+,Platelets,DONATION,1.0,2026-02-27 11:32:00,DONATION0108,,,POSTED,
TXNDB1E3F705C,BB011,A+,RBC,DONATION,1.0,2026-02-27 13:08:00,DONATION0440,,,POSTED,
TXN20F1C8A9F6,BB005,AB+,Plasma,DONATION,1.0,2026-02-27 15:28:00,DONATION0108,,,POSTED,
TXN67C0BEB6AF,BB011,A+,Plasma,DONATION,1.0,2026-02-27 16:40:00,DONATION0440,,,POSTED,
TXNFA0BD1AB63,BB005,AB+,RBC,DONATION,1.0,2026-02-27 18:20:00,DONATION0108,,,POSTED,
TXNF734809183,BB019,A+,Platelets,DONATION,2.0,2026-02-28 08:45:00,DONATION0488,,,POSTED,
TXN307CADFF99,BB005,O+,RBC,DONATION,1.0,2026-02-28 09:07:00,DONATION1597,,,POSTED,
TXNA4A3FF3B62,BB012,A+,Plasma,DONATION,3.0,2026-02-28 11:12:00,DONATION1013,,,POSTED,
TXN8FBF958C3D,BB005,O+,Plasma,DONATION,1.0,2026-02-28 12:09:00,DONATION1597,,,POSTED,
TXNEA64D5A104,BB005,A+,RBC,ISSUE,6.0,2026-02-28 12:35:00,,,,POSTED,ISSUEB21020E0EB
TXNB5BDA04D29,BB012,A+,RBC,DONATION,3.0,2026-02-28 12:39:00,DONATION1013,,,POSTED,
TXND1BB035982,BB012,A+,Platelets,DONATION,3.0,2026-02-28 14:13:00,DONATION1013,,,POSTED,
TXN9FE470970B,BB012,O+,Platelets,DONATION,1.0,2026-02-28 15:08:00,DONATION0929,,,POSTED,
TXN9E6777680B,BB012,O+,Plasma,DONATION,1.0,2026-02-28 16:11:00,DONATION0929,,,POSTED,
TXN4E51172283,BB019,A+,RBC,DONATION,2.0,2026-02-28 16:49:00,DONATION0488,,,POSTED,
TXNA513EC0333,BB019,A+,Plasma,DONATION,2.0,2026-02-28 17:58:00,DONATION0488,,,POSTED,
TXN6F833C9D88,BB012,O+,RBC,DONATION,1.0,2026-02-28 18:56:00,DONATION0929,,,POSTED,
TXNC0AD97DF88,BB011,B+,RBC,ISSUE,3.0,2026-03-01 09:30:00,,,,POSTED,ISSUEBFFE732346
TXN69537727CD,BB010,B+,Plasma,DONATION,1.0,2026-03-01 09:32:00,DONATION0968,,,POSTED,
TXN8FDE227A29,BB016,B-,RBC,ISSUE,1.0,2026-03-01 10:23:00,,,,POSTED,ISSUEDBED55DFA8
TXN04EABAB8B1,BB010,B+,RBC,DONATION,1.0,2026-03-01 10:26:00,DONATION0968,,,POSTED,
TXN88C9739A36,BB004,B+,RBC,ISSUE,2.0,2026-03-01 18:30:00,,,,POSTED,ISSUEC421079226
TXND32D4970A4,BB012,A+,Plasma,ISSUE,3.0,2026-03-02 10:57:00,,,,POSTED,ISSUECA5AF6FF2B
TXNA49D0848E5,BB016,AB+,Plasma,ISSUE,1.0,2026-03-02 12:06:00,,,,POSTED,ISSUE83DFEF9054
TXNBC166F4E1A,BB015,B+,Plasma,DONATION,1.0,2026-03-03 08:50:00,DONATION1728,,,POSTED,
TXN823B5791A6,BB015,B+,RBC,DONATION,1.0,2026-03-03 11:06:00,DONATION1728,,,POSTED,
TXNE7A8CD1C31,BB018,O+,RBC,DONATION,2.0,2026-03-03 13:13:00,DONATION0074,,,POSTED,
TXN5A38C2DCE5,BB005,O+,RBC,ISSUE,2.0,2026-03-03 13:55:00,,,,POSTED,ISSUE556EA37833
TXN6B4F13187C,BB016,A+,RBC,DONATION,1.0,2026-03-03 15:17:00,DONATION1791,,,POSTED,
TXNE277D88E54,BB009,B-,Platelets,ISSUE,1.0,2026-03-03 15:37:00,,,,POSTED,ISSUE6B2EA6BE8C
TXNA4D41BC599,BB012,A+,Platelets,ISSUE,1.0,2026-03-03 17:36:00,,,,POSTED,ISSUEDA6329B715
TXN500E1AD668,BB016,A+,Plasma,DONATION,1.0,2026-03-03 18:34:00,DONATION1791,,,POSTED,
TXN2D1DE82006,BB018,O+,Plasma,DONATION,2.0,2026-03-03 18:40:00,DONATION0074,,,POSTED,
TXNFF65D52786,BB015,O+,RBC,DONATION,2.0,2026-03-04 09:03:00,DONATION0459,,,POSTED,
TXN82DDC21691,BB015,O+,Plasma,DONATION,2.0,2026-03-04 12:24:00,DONATION0459,,,POSTED,
TXNB25C90F218,BB016,A+,Plasma,ISSUE,2.0,2026-03-04 12:52:00,,,,POSTED,ISSUEE28F93A872
TXN1B5B2A24B7,BB001,AB+,RBC,DONATION,2.0,2026-03-04 13:51:00,DONATION1156,,,POSTED,
TXN37A861288C,BB013,A+,RBC,DONATION,1.0,2026-03-04 14:39:00,DONATION0728,,,POSTED,
TXN95BDC5C467,BB014,A-,RBC,DONATION,1.0,2026-03-04 15:06:00,DONATION1478,,,POSTED,
TXNCE9694FCAC,BB014,A-,Plasma,DONATION,1.0,2026-03-04 15:19:00,DONATION1478,,,POSTED,
TXN0FA80A9781,BB001,AB+,Plasma,DONATION,2.0,2026-03-04 16:39:00,DONATION1156,,,POSTED,
TXNB8B377272E,BB013,A+,Plasma,DONATION,1.0,2026-03-04 18:28:00,DONATION0728,,,POSTED,
TXN3B5B2D2FCE,BB019,O+,Plasma,DONATION,1.0,2026-03-05 08:02:00,DONATION1355,,,POSTED,
TXNE4E21EA03B,BB010,A+,RBC,DONATION,2.0,2026-03-05 09:52:00,DONATION0640,,,POSTED,
TXNC34985D188,BB015,B+,Plasma,ISSUE,1.0,2026-03-05 10:08:00,,,,POSTED,ISSUE3436EE9AFA
TXNDD324D51A5,BB009,O+,RBC,DONATION,1.0,2026-03-05 10:36:00,DONATION1624,,,POSTED,
TXNE29101A8C6,BB005,AB+,Plasma,ISSUE,1.0,2026-03-05 14:22:00,,,,POSTED,ISSUE911DDF172B
TXNB4447915A5,BB010,A+,Plasma,DONATION,2.0,2026-03-05 14:43:00,DONATION0640,,,POSTED,
TXNAEFE2FED1F,BB009,O+,Platelets,DONATION,1.0,2026-03-05 14:54:00,DONATION1624,,,POSTED,
TXND08761295D,BB019,O+,RBC,DONATION,1.0,2026-03-05 15:35:00,DONATION1355,,,POSTED,
TXN9F9C804A82,BB019,O+,Platelets,DONATION,1.0,2026-03-05 16:19:00,DONATION1355,,,POSTED,
TXN9CDD62F139,BB009,O+,Plasma,DONATION,1.0,2026-03-05 16:54:00,DONATION1624,,,POSTED,
TXN512DB2290F,BB010,A+,Platelets,DONATION,2.0,2026-03-05 18:19:00,DONATION0640,,,POSTED,
TXN208639E1DB,BB005,A+,RBC,DONATION,1.0,2026-03-06 11:59:00,DONATION0038,,,POSTED,
TXN080CFE0A61,BB015,A+,Plasma,DONATION,2.0,2026-03-06 12:13:00,DONATION0916,,,POSTED,
TXNB4980B3974,BB015,A+,RBC,DONATION,2.0,2026-03-06 13:29:00,DONATION0916,,,POSTED,
TXN6338D6BEBC,BB010,A+,Platelets,ISSUE,2.0,2026-03-06 13:45:00,,,,POSTED,ISSUE8749077285
TXNBFDA75FE3B,BB015,A+,RBC,DONATION,1.0,2026-03-06 14:18:00,DONATION1889,,,POSTED,
TXNDFA251C4E1,BB006,O-,Platelets,ISSUE,1.0,2026-03-06 15:57:00,,,,POSTED,ISSUE5A74BD9AEE
TXN3F8F941241,BB005,A+,Plasma,DONATION,1.0,2026-03-06 16:48:00,DONATION0038,,,POSTED,
TXN9AAC41FEE0,BB009,O+,Platelets,ISSUE,2.0,2026-03-06 16:51:00,,,,POSTED,ISSUE6B40D8EA68
TXN9D55F77995,BB015,A+,Platelets,DONATION,2.0,2026-03-06 18:33:00,DONATION0916,,,POSTED,
TXN6761DE1087,BB015,A+,Plasma,DONATION,1.0,2026-03-06 18:48:00,DONATION1889,,,POSTED,
TXN3DF4117BA3,BB006,O+,Platelets,DONATION,1.0,2026-03-07 08:21:00,DONATION0585,,,POSTED,
TXN1094B1D688,BB006,O+,Plasma,DONATION,1.0,2026-03-07 11:31:00,DONATION0585,,,POSTED,
TXN2B29824C69,BB006,O+,RBC,DONATION,1.0,2026-03-07 13:25:00,DONATION0585,,,POSTED,
TXN9D74B630A7,BB006,O+,RBC,DONATION,1.0,2026-03-07 14:36:00,DONATION0585,,,POSTED,
TXN171D6E9ED2,BB006,O+,Plasma,DONATION,1.0,2026-03-07 17:02:00,DONATION0585,,,POSTED,
TXNC6F6168AD1,BB018,B+,RBC,DONATION,2.0,2026-03-08 08:44:00,DONATION0278,,,POSTED,
TXNAFEC8E66B8,BB018,B+,Platelets,DONATION,2.0,2026-03-08 11:54:00,DONATION0278,,,POSTED,
TXN9461CF1EC0,BB017,B+,Platelets,DONATION,1.0,2026-03-08 12:04:00,DONATION0350,,,POSTED,
TXN61E188C6F5,BB017,B+,RBC,DONATION,1.0,2026-03-08 12:29:00,DONATION0350,,,POSTED,
TXNFEBF09165D,BB018,B+,Plasma,DONATION,2.0,2026-03-08 13:13:00,DONATION0278,,,POSTED,
TXN9B0266512B,BB009,O+,Plasma,ISSUE,2.0,2026-03-08 13:51:00,,,,POSTED,ISSUE331F8D35AB
TXN056D6F142F,BB017,B+,Plasma,DONATION,1.0,2026-03-08 15:02:00,DONATION0350,,,POSTED,
TXN466741D383,BB012,A+,RBC,ISSUE,3.0,2026-03-08 16:49:00,,,,POSTED,ISSUEF725AFA5E8
TXN1B28F5CA93,BB014,A-,Plasma,ISSUE,1.0,2026-03-08 17:21:00,,,,POSTED,ISSUE4CBC2B8C8E
TXND263A8640D,BB011,A+,RBC,ISSUE,4.0,2026-03-09 08:51:00,,,,POSTED,ISSUEC96B1CD599
TXNFAA3C1321C,BB007,O+,Plasma,DONATION,1.0,2026-03-09 09:30:00,DONATION0936,,,POSTED,
TXN826E98AF05,BB001,O+,Plasma,DONATION,3.0,2026-03-09 09:48:00,DONATION1030,,,POSTED,
TXNF982E5DD8B,BB001,O+,RBC,DONATION,3.0,2026-03-09 13:45:00,DONATION1030,,,POSTED,
TXN51D929A9EB,BB015,A+,Platelets,DONATION,1.0,2026-03-09 14:28:00,DONATION0550,,,POSTED,
TXN6C63D2CF9C,BB001,O+,Platelets,DONATION,3.0,2026-03-09 15:37:00,DONATION1030,,,POSTED,
TXND0B1460BB7,BB005,A+,Plasma,ISSUE,5.0,2026-03-09 17:30:00,,,,POSTED,ISSUE9700D88957
TXN92EF2604B9,BB007,O+,RBC,DONATION,1.0,2026-03-09 17:39:00,DONATION0936,,,POSTED,
TXNC502690222,BB015,A+,Plasma,DONATION,1.0,2026-03-09 18:26:00,DONATION0550,,,POSTED,
TXN1A87EDA4C2,BB015,A+,RBC,DONATION,1.0,2026-03-09 18:46:00,DONATION0550,,,POSTED,
TXNC90C566A12,BB014,A+,Plasma,DONATION,1.0,2026-03-10 09:55:00,DONATION0031,,,POSTED,
TXN1F6A7A95B0,BB020,B+,Plasma,DONATION,2.0,2026-03-10 10:46:00,DONATION0371,,,POSTED,
TXNB3C019E198,BB015,O+,RBC,DONATION,1.0,2026-03-10 11:55:00,DONATION0265,,,POSTED,
TXNBCE05C87CA,BB020,B+,Platelets,DONATION,2.0,2026-03-10 14:23:00,DONATION0371,,,POSTED,
TXN16E3B42FEF,BB015,A+,RBC,ISSUE,4.0,2026-03-10 15:24:00,,,,POSTED,ISSUE922A0CA9FA
TXN0545940ECB,BB014,A+,RBC,DONATION,1.0,2026-03-10 16:58:00,DONATION0031,,,POSTED,
TXN4B0E304848,BB001,B+,Plasma,DONATION,1.0,2026-03-10 17:06:00,DONATION0917,,,POSTED,
TXN317305CA02,BB001,B+,RBC,DONATION,1.0,2026-03-10 17:25:00,DONATION0917,,,POSTED,
TXN964A1904D8,BB020,B+,RBC,DONATION,2.0,2026-03-10 17:51:00,DONATION0371,,,POSTED,
TXNC9A0E21F45,BB016,A+,RBC,ISSUE,2.0,2026-03-10 18:17:00,,,,POSTED,ISSUE1A1F9BD9BC
TXN49CF599795,BB015,O+,Plasma,DONATION,1.0,2026-03-10 18:46:00,DONATION0265,,,POSTED,
TXNA6D5B6F1D9,BB001,B+,Platelets,DONATION,1.0,2026-03-10 18:53:00,DONATION0917,,,POSTED,
TXN25F92B98A0,BB008,A+,Platelets,DONATION,2.0,2026-03-11 08:22:00,DONATION0291,,,POSTED,
TXN4ACC223F92,BB015,A-,Plasma,DONATION,1.0,2026-03-11 08:37:00,DONATION0925,,,POSTED,
TXNF50497FDBA,BB004,O+,Plasma,DONATION,2.0,2026-03-11 09:10:00,DONATION1656,,,POSTED,
TXN68111919F1,BB002,AB+,RBC,DONATION,1.0,2026-03-11 09:33:00,DONATION0537,,,POSTED,
TXNEDB51252C4,BB008,A+,RBC,DONATION,2.0,2026-03-11 10:07:00,DONATION0291,,,POSTED,
TXN61AA24FBB8,BB004,O+,Platelets,DONATION,2.0,2026-03-11 10:31:00,DONATION1656,,,POSTED,
TXN2068BF4C8A,BB004,O+,RBC,DONATION,2.0,2026-03-11 12:04:00,DONATION1656,,,POSTED,
TXN90D44DB650,BB007,O+,Plasma,ISSUE,2.0,2026-03-11 13:54:00,,,,POSTED,ISSUE00FC6B1CD2
TXN5F0800F004,BB015,A-,RBC,DONATION,1.0,2026-03-11 14:47:00,DONATION0925,,,POSTED,
TXN2D29A82E43,BB002,AB+,Plasma,DONATION,1.0,2026-03-11 15:33:00,DONATION0537,,,POSTED,
TXN440AE954A1,BB009,O+,RBC,ISSUE,2.0,2026-03-11 18:04:00,,,,POSTED,ISSUEEFE8846ABB
TXNCFC3029963,BB007,O+,RBC,ISSUE,3.0,2026-03-11 18:09:00,,,,POSTED,ISSUE94EF80C972
TXNEC5337F527,BB008,A+,Plasma,DONATION,2.0,2026-03-11 18:55:00,DONATION0291,,,POSTED,
TXN5DFC263A57,BB017,A+,Plasma,DONATION,1.0,2026-03-12 09:49:00,DONATION0976,,,POSTED,
TXNDC85CE5659,BB010,B+,RBC,DONATION,1.0,2026-03-12 10:04:00,DONATION0725,,,POSTED,
TXND80B04D57D,BB017,A+,RBC,DONATION,1.0,2026-03-12 15:09:00,DONATION0976,,,POSTED,
TXN8781815D36,BB010,B+,Plasma,DONATION,1.0,2026-03-12 16:36:00,DONATION0725,,,POSTED,
TXNCFA28CEE8C,BB001,B+,RBC,ISSUE,2.0,2026-03-12 17:09:00,,,,POSTED,ISSUE8E45BF0E0B
TXN31F13CB60F,BB010,B+,Platelets,DONATION,1.0,2026-03-12 18:10:00,DONATION0725,,,POSTED,
TXND2C61F2A77,BB015,A+,RBC,DONATION,1.0,2026-03-14 10:23:00,DONATION1823,,,POSTED,
TXN02D70BB250,BB015,A+,Platelets,DONATION,1.0,2026-03-14 12:01:00,DONATION1823,,,POSTED,
TXN3BB96D76B2,BB015,O+,RBC,ISSUE,4.0,2026-03-14 13:41:00,,,,POSTED,ISSUEB7AA4577DF
TXN7EFBDE14C4,BB015,A+,Plasma,ISSUE,2.0,2026-03-14 14:48:00,,,,POSTED,ISSUEADE1039B78
TXNC37FC413B8,BB015,A+,Plasma,DONATION,1.0,2026-03-14 15:45:00,DONATION1823,,,POSTED,
TXNCD482D4171,BB001,AB+,RBC,ISSUE,1.0,2026-03-14 16:22:00,,,,POSTED,ISSUE5631D718DE
TXNE0B61B4339,BB013,A+,Plasma,ISSUE,6.0,2026-03-14 17:40:00,,,,POSTED,ISSUEDC477A0A3F
TXN46765A39AA,BB001,B+,Platelets,ISSUE,1.0,2026-03-15 11:15:00,,,,POSTED,ISSUE58819F24AE
TXN03141B551E,BB015,A+,RBC,ISSUE,1.0,2026-03-15 11:51:00,,,,POSTED,ISSUE32ABCC411B
TXN54DAC4AA0F,BB006,O+,RBC,ISSUE,3.0,2026-03-15 11:54:00,,,,POSTED,ISSUEE0EE032F2A
TXNA9354035D3,BB002,O+,Platelets,DONATION,1.0,2026-03-15 13:05:00,DONATION0521,,,POSTED,
TXNF0CF6507FD,BB002,O+,Plasma,DONATION,1.0,2026-03-15 14:52:00,DONATION0521,,,POSTED,
TXN163D56202B,BB014,A+,Plasma,ISSUE,5.0,2026-03-15 15:39:00,,,,POSTED,ISSUE4B36F52B56
TXN84DBA70071,BB010,B+,Plasma,ISSUE,2.0,2026-03-15 18:41:00,,,,POSTED,ISSUEFA35F12BAA
TXN3075F2CCA6,BB002,O+,RBC,DONATION,1.0,2026-03-15 18:57:00,DONATION0521,,,POSTED,
TXN0521755040,BB004,B+,RBC,DONATION,1.0,2026-03-16 15:33:00,DONATION1898,,,POSTED,
TXND62BCF987B,BB004,B+,Plasma,DONATION,1.0,2026-03-16 18:41:00,DONATION1898,,,POSTED,
TXNA921789AD0,BB020,B+,Plasma,ISSUE,1.0,2026-03-17 17:33:00,,,,POSTED,ISSUEC83D79FD5E
TXNF39C7EAEB5,BB014,A+,RBC,ISSUE,2.0,2026-03-17 17:58:00,,,,POSTED,ISSUE0EF8E69BF6
TXN775C256085,BB001,B+,Plasma,ISSUE,1.0,2026-03-18 09:27:00,,,,POSTED,ISSUED62ED3D079
TXNBA28DDA60E,BB015,O+,RBC,DONATION,2.0,2026-03-18 10:33:00,DONATION0489,,,POSTED,
TXN17EE1F373C,BB018,A+,RBC,DONATION,2.0,2026-03-18 10:55:00,DONATION0137,,,POSTED,
TXNB4549E3AA2,BB015,O+,Plasma,DONATION,2.0,2026-03-18 11:35:00,DONATION0489,,,POSTED,
TXN4AE6ED987C,BB010,O+,RBC,DONATION,1.0,2026-03-18 12:31:00,DONATION1097,,,POSTED,
TXNC1E439CEAB,BB001,O+,RBC,ISSUE,4.0,2026-03-18 12:48:00,,,,POSTED,ISSUEBEF61CF4E3
TXNBA1D38E83C,BB018,A+,Platelets,DONATION,2.0,2026-03-18 14:20:00,DONATION0137,,,POSTED,
TXN56E0666381,BB018,A+,Plasma,DONATION,2.0,2026-03-18 15:11:00,DONATION0137,,,POSTED,
TXNF525F96A61,BB010,O+,Plasma,DONATION,1.0,2026-03-18 16:06:00,DONATION1097,,,POSTED,
TXN088E435F8E,BB010,O+,Platelets,DONATION,1.0,2026-03-18 17:05:00,DONATION1097,,,POSTED,
TXN59616AB5E5,BB015,O+,Platelets,DONATION,2.0,2026-03-18 18:30:00,DONATION0489,,,POSTED,
TXN8046675C18,BB015,O+,RBC,ISSUE,7.0,2026-03-19 09:08:00,,,,POSTED,ISSUE67C48EDD75
TXN2B30280106,BB015,A+,Platelets,ISSUE,1.0,2026-03-19 09:24:00,,,,POSTED,ISSUE2FF0462AD0
TXN9581EB0D2F,BB004,A+,Plasma,DONATION,1.0,2026-03-19 09:49:00,DONATION0754,,,POSTED,
TXN78D9D8BBC2,BB004,AB+,Plasma,EXPIRY,1.0,2026-03-19 09:50:00,,,,POSTED,
TXNED64063522,BB004,B+,RBC,ISSUE,1.0,2026-03-19 10:53:00,,,,POSTED,ISSUEF5A4C759D7
TXND4CF22EAFD,BB007,B+,RBC,DONATION,1.0,2026-03-19 11:31:00,DONATION0736,,,POSTED,
TXNBE15B1EE99,BB018,A+,Plasma,ISSUE,3.0,2026-03-19 11:48:00,,,,POSTED,ISSUEC5295E957D
TXNDE8FD957E9,BB004,A+,RBC,DONATION,1.0,2026-03-19 12:46:00,DONATION0754,,,POSTED,
TXN90771ABE01,BB007,B+,Plasma,DONATION,1.0,2026-03-19 14:07:00,DONATION0736,,,POSTED,
TXN2E7E2940ED,BB004,O+,RBC,ISSUE,1.0,2026-03-19 14:38:00,,,,POSTED,ISSUEE06A25A3ED
TXN131220F93D,BB015,A-,Plasma,ISSUE,1.0,2026-03-19 16:35:00,,,,POSTED,ISSUE6E365C7EDD
TXNEB2945238B,BB007,B+,Platelets,DONATION,1.0,2026-03-19 18:38:00,DONATION0736,,,POSTED,
TXNE7FFFF9336,BB013,O+,RBC,DONATION,1.0,2026-03-20 15:38:00,DONATION0464,,,POSTED,
TXN449D74C87A,BB013,O+,Platelets,DONATION,1.0,2026-03-20 16:00:00,DONATION0464,,,POSTED,
TXN0252A1C6D1,BB013,O+,Plasma,DONATION,1.0,2026-03-20 18:43:00,DONATION0464,,,POSTED,
TXN30E05AC58B,BB004,B+,Plasma,ISSUE,2.0,2026-03-21 08:44:00,,,,POSTED,ISSUE03AF6186A3
TXN925982BE2A,BB007,A+,Platelets,DONATION,2.0,2026-03-21 10:40:00,DONATION1603,,,POSTED,
TXN5701C9D36E,BB017,A+,RBC,ISSUE,1.0,2026-03-21 11:30:00,,,,POSTED,ISSUE4A9297726C
TXN12B0DE56FA,BB007,A+,RBC,DONATION,2.0,2026-03-21 12:26:00,DONATION1603,,,POSTED,
TXN3BC62A512A,BB007,B+,Plasma,DONATION,1.0,2026-03-21 12:42:00,DONATION1805,,,POSTED,
TXN6801E3EC0C,BB007,B+,RBC,DONATION,1.0,2026-03-21 12:50:00,DONATION1805,,,POSTED,
TXN1430AF7C9F,BB017,O+,Plasma,DONATION,2.0,2026-03-21 13:26:00,DONATION1287,,,POSTED,
TXN28774C0CA1,BB007,A+,Plasma,DONATION,2.0,2026-03-21 15:44:00,DONATION1603,,,POSTED,
TXND90DC48AD5,BB017,O+,RBC,DONATION,2.0,2026-03-21 17:18:00,DONATION1287,,,POSTED,
TXNE6638CD449,BB007,B+,RBC,ISSUE,2.0,2026-03-22 08:12:00,,,,POSTED,ISSUEFC028307EB
TXN71BB514779,BB010,B+,RBC,ISSUE,2.0,2026-03-22 09:14:00,,,,POSTED,ISSUE67C5558211
TXNEDC283C7F1,BB010,A+,RBC,DONATION,1.0,2026-03-22 12:57:00,DONATION1892,,,POSTED,
TXNA2958AAB3E,BB013,O+,Plasma,ISSUE,2.0,2026-03-22 15:09:00,,,,POSTED,ISSUEA2C077C010
TXNC4DC482EEA,BB010,A+,Platelets,DONATION,1.0,2026-03-22 18:06:00,DONATION1892,,,POSTED,
TXN2C527EAA5C,BB010,A+,Plasma,DONATION,1.0,2026-03-22 18:38:00,DONATION1892,,,POSTED,
TXNDAF6691EA0,BB013,A+,RBC,DONATION,1.0,2026-03-23 10:41:00,DONATION1919,,,POSTED,
TXN99686701DF,BB019,O+,Plasma,DONATION,2.0,2026-03-23 10:45:00,DONATION1472,,,POSTED,
TXNE5C3123487,BB013,A+,Plasma,DONATION,1.0,2026-03-23 11:27:00,DONATION1919,,,POSTED,
TXN9F8F601337,BB019,O+,RBC,DONATION,2.0,2026-03-23 14:25:00,DONATION1472,,,POSTED,
TXNE583E495C3,BB017,O+,RBC,ISSUE,2.0,2026-03-24 08:21:00,,,,POSTED,ISSUE1DED9EB638
TXN3261717CC7,BB006,O+,Plasma,DONATION,1.0,2026-03-24 10:23:00,DONATION0675,,,POSTED,
TXN8B19AADC7C,BB006,O+,RBC,DONATION,1.0,2026-03-24 12:07:00,DONATION0675,,,POSTED,
TXNB1CC32EB16,BB019,A+,Platelets,DONATION,1.0,2026-03-24 12:47:00,DONATION0907,,,POSTED,
TXNC8BD686E0C,BB019,A+,RBC,DONATION,1.0,2026-03-24 15:37:00,DONATION0907,,,POSTED,
TXN9BA5B103B2,BB019,A+,Plasma,DONATION,1.0,2026-03-24 16:22:00,DONATION0907,,,POSTED,
TXN8DC8D2076C,BB018,A+,RBC,ISSUE,7.0,2026-03-24 17:16:00,,,,POSTED,ISSUE56E94416EB
TXN55B5DFA5FF,BB015,O+,Plasma,ISSUE,2.0,2026-03-25 12:47:00,,,,POSTED,ISSUECE61C2C86D
TXNE2F1C633AF,BB017,AB+,RBC,DONATION,3.0,2026-03-25 14:36:00,DONATION0333,,,POSTED,
TXNEB17DB53E6,BB017,AB+,Plasma,DONATION,3.0,2026-03-25 14:45:00,DONATION0333,,,POSTED,
TXNF531DCC5E0,BB005,B-,Plasma,DONATION,1.0,2026-03-26 10:05:00,DONATION1911,,,POSTED,
TXNA9D467FB96,BB005,B-,RBC,DONATION,1.0,2026-03-26 10:13:00,DONATION1911,,,POSTED,
TXNDAD75298AB,BB007,A+,RBC,DONATION,1.0,2026-03-26 13:55:00,DONATION0622,,,POSTED,
TXNC3E5E248A2,BB007,A+,Plasma,DONATION,1.0,2026-03-26 14:00:00,DONATION0622,,,POSTED,
TXN5F87731B68,BB010,A+,Platelets,ISSUE,1.0,2026-03-26 14:11:00,,,,POSTED,ISSUED36660AEE6
TXNE08158843C,BB007,A+,Platelets,DONATION,1.0,2026-03-26 14:49:00,DONATION0622,,,POSTED,
TXN542999F9A3,BB003,B-,RBC,DONATION,2.0,2026-03-26 15:57:00,DONATION1137,,,POSTED,
TXN1AD64C7828,BB003,B-,Platelets,DONATION,2.0,2026-03-26 16:32:00,DONATION1137,,,POSTED,
TXNCB4A087CE1,BB003,B-,Plasma,DONATION,2.0,2026-03-26 17:38:00,DONATION1137,,,POSTED,
TXN5C20229894,BB010,O-,Plasma,DONATION,1.0,2026-03-27 08:33:00,DONATION1931,,,POSTED,
TXNA0597B2BAB,BB010,O+,Plasma,ISSUE,2.0,2026-03-27 10:11:00,,,,POSTED,ISSUE43AF8F86B5
TXN8DCB494F27,BB010,O+,RBC,ISSUE,1.0,2026-03-27 10:15:00,,,,POSTED,ISSUE890D9C3B6F
TXN59362A820B,BB005,O+,RBC,DONATION,2.0,2026-03-27 10:25:00,DONATION0476,,,POSTED,
TXNEC72BD9660,BB003,B-,RBC,ISSUE,1.0,2026-03-27 10:42:00,,,,POSTED,ISSUE788A6E918A
TXNCF2BC76DF3,BB010,O-,RBC,DONATION,1.0,2026-03-27 15:14:00,DONATION1931,,,POSTED,
TXNE5750B2B07,BB010,O-,Platelets,DONATION,1.0,2026-03-27 17:20:00,DONATION1931,,,POSTED,
TXN955CFE9BCE,BB005,O+,Plasma,DONATION,2.0,2026-03-27 17:47:00,DONATION0476,,,POSTED,
TXN4C65847E8E,BB005,O+,Platelets,DONATION,1.0,2026-03-28 09:06:00,DONATION0979,,,POSTED,
TXNB281E9BB86,BB012,O+,Platelets,DONATION,2.0,2026-03-28 10:03:00,DONATION1211,,,POSTED,
TXNF86C7C0CF5,BB016,O+,Platelets,DONATION,1.0,2026-03-28 10:53:00,DONATION0370,,,POSTED,
TXNCC08589535,BB005,O+,RBC,DONATION,1.0,2026-03-28 12:23:00,DONATION0979,,,POSTED,
TXNFBC3B37767,BB012,O+,RBC,DONATION,2.0,2026-03-28 12:35:00,DONATION1211,,,POSTED,
TXN57D74837A5,BB009,B+,Plasma,DONATION,1.0,2026-03-28 13:20:00,DONATION0206,,,POSTED,
TXN3574200FF3,BB009,B+,RBC,DONATION,1.0,2026-03-28 13:26:00,DONATION0206,,,POSTED,
TXNE3F3423812,BB015,A+,Plasma,DONATION,2.0,2026-03-28 16:23:00,DONATION0423,,,POSTED,
TXN30A81DBDC4,BB012,O+,Plasma,DONATION,2.0,2026-03-28 17:03:00,DONATION1211,,,POSTED,
TXN5DCE24147C,BB016,O+,RBC,DONATION,1.0,2026-03-28 17:08:00,DONATION0370,,,POSTED,
TXN4D39488D7A,BB015,A+,RBC,DONATION,2.0,2026-03-28 17:08:00,DONATION0423,,,POSTED,
TXN785F73F072,BB016,O+,Plasma,DONATION,1.0,2026-03-28 17:24:00,DONATION0370,,,POSTED,
TXN58E0C9CDA2,BB015,A+,Platelets,DONATION,2.0,2026-03-28 18:17:00,DONATION0423,,,POSTED,
TXN528C9DAD0C,BB005,O+,Plasma,DONATION,1.0,2026-03-28 18:20:00,DONATION0979,,,POSTED,
TXN480C174EC3,BB004,A+,Platelets,DONATION,2.0,2026-03-29 08:23:00,DONATION0478,,,POSTED,
TXN2F2D1992BE,BB019,A-,Plasma,DONATION,1.0,2026-03-29 10:35:00,DONATION0308,,,POSTED,
TXN1200E01E6F,BB009,A+,Plasma,DONATION,1.0,2026-03-29 10:40:00,DONATION1127,,,POSTED,
TXN06EFCCDAB8,BB001,O-,Platelets,DONATION,3.0,2026-03-29 10:48:00,DONATION1193,,,POSTED,
TXNAED548A2B2,BB005,O+,RBC,DONATION,2.0,2026-03-29 11:48:00,DONATION1181,,,POSTED,
TXND9925F3F22,BB005,O+,Plasma,DONATION,2.0,2026-03-29 13:49:00,DONATION1181,,,POSTED,
TXN693F57DA68,BB019,A-,RBC,DONATION,1.0,2026-03-29 13:51:00,DONATION0308,,,POSTED,
TXN6394F1E5F4,BB004,A+,RBC,DONATION,2.0,2026-03-29 15:45:00,DONATION0478,,,POSTED,
TXN5E8A2BFD16,BB001,O-,RBC,DONATION,3.0,2026-03-29 15:57:00,DONATION1193,,,POSTED,
TXNA4B878EFD1,BB005,O+,Platelets,DONATION,2.0,2026-03-29 15:57:00,DONATION1181,,,POSTED,
TXNA37EAC243F,BB019,A-,Platelets,DONATION,1.0,2026-03-29 16:35:00,DONATION0308,,,POSTED,
TXN73EAC1A5FB,BB009,A+,RBC,DONATION,1.0,2026-03-29 17:10:00,DONATION1127,,,POSTED,
TXNC152C24FAF,BB004,A+,Plasma,DONATION,2.0,2026-03-29 17:19:00,DONATION0478,,,POSTED,
TXN3C67625531,BB017,AB+,Plasma,ISSUE,2.0,2026-03-29 17:21:00,,,,POSTED,ISSUE782C631748
TXN561F9461F6,BB001,O-,Plasma,DONATION,3.0,2026-03-29 17:55:00,DONATION1193,,,POSTED,
TXN8C72E17452,BB019,O+,Plasma,ISSUE,1.0,2026-03-30 16:02:00,,,,POSTED,ISSUE38B6C03561
TXN994E5EBC9C,BB012,A+,Plasma,DONATION,1.0,2026-03-31 08:50:00,DONATION1997,,,POSTED,
TXN0F1FC4DAD3,BB015,A+,Plasma,ISSUE,6.0,2026-03-31 09:11:00,,,,POSTED,ISSUEA946F649AC
TXN41DE3D1B38,BB013,A+,RBC,ISSUE,1.0,2026-03-31 09:45:00,,,,POSTED,ISSUE0A14893E63
TXN1049860D3E,BB001,O-,Plasma,ISSUE,1.0,2026-03-31 10:49:00,,,,POSTED,ISSUE8F9A57527E
TXND456285B67,BB017,B+,RBC,DONATION,1.0,2026-03-31 11:09:00,DONATION1958,,,POSTED,
TXNEB295ED7B4,BB012,A+,RBC,DONATION,1.0,2026-03-31 12:31:00,DONATION1997,,,POSTED,
TXN522E5E4FB2,BB019,A+,Platelets,ISSUE,1.0,2026-03-31 14:41:00,,,,POSTED,ISSUEC1CDB932A0
TXNE17C4AB605,BB017,B+,Plasma,DONATION,1.0,2026-03-31 16:26:00,DONATION1958,,,POSTED,
TXNA97A30F15A,BB007,A+,Plasma,ISSUE,2.0,2026-03-31 17:13:00,,,,POSTED,ISSUE2D58A2834E
TXN584216C97A,BB018,O+,Plasma,DONATION,1.0,2026-03-31 17:20:00,DONATION0346,,,POSTED,
TXN893B7AC36D,BB012,A+,Platelets,DONATION,1.0,2026-03-31 17:26:00,DONATION1997,,,POSTED,
TXNA25B149A0C,BB018,O+,RBC,DONATION,1.0,2026-03-31 18:40:00,DONATION0346,,,POSTED,
TXN689590C415,BB003,B+,Platelets,DONATION,1.0,2026-04-01 15:54:00,DONATION0164,,,POSTED,
TXN375B14A16F,BB003,B+,RBC,DONATION,1.0,2026-04-01 17:39:00,DONATION0164,,,POSTED,
TXN8D9E02F825,BB003,B+,Plasma,DONATION,1.0,2026-04-01 18:24:00,DONATION0164,,,POSTED,
TXN8E081A8046,BB007,B+,RBC,DONATION,1.0,2026-04-02 08:40:00,DONATION1966,,,POSTED,
TXN303B1F6540,BB017,B+,Plasma,ISSUE,1.0,2026-04-02 11:13:00,,,,POSTED,ISSUE9BA1B22CDA
TXN00C6142E12,BB007,B+,Plasma,DONATION,1.0,2026-04-02 18:56:00,DONATION1966,,,POSTED,
TXN50C9EBC035,BB005,O+,Plasma,ISSUE,5.0,2026-04-03 09:11:00,,,,POSTED,ISSUE7A27E1351B
TXN7825B1C65F,BB013,O+,RBC,DONATION,1.0,2026-04-03 13:24:00,DONATION1738,,,POSTED,
TXN28225A9653,BB013,O+,Plasma,DONATION,1.0,2026-04-03 14:13:00,DONATION1738,,,POSTED,
TXN3B9546BB2F,BB003,B+,Platelets,ISSUE,3.0,2026-04-04 09:02:00,,,,POSTED,ISSUE9A31F998A0
TXN915AB62236,BB013,O+,RBC,ISSUE,1.0,2026-04-04 11:07:00,,,,POSTED,ISSUEEC7F00511A
TXN96468C859F,BB012,A+,RBC,DONATION,2.0,2026-04-04 12:37:00,DONATION1733,,,POSTED,
TXNB9DD83F61C,BB012,A+,Plasma,DONATION,2.0,2026-04-04 13:22:00,DONATION1733,,,POSTED,
TXN64B2638C3F,BB009,A+,Plasma,ISSUE,3.0,2026-04-04 15:57:00,,,,POSTED,ISSUE20E1A62BEF
TXNEA2F12E849,BB012,A+,Platelets,DONATION,2.0,2026-04-04 16:49:00,DONATION1733,,,POSTED,
TXNDB61BE14AF,BB016,O+,RBC,ISSUE,6.0,2026-04-05 08:16:00,,,,POSTED,ISSUE9FB598A7CE
TXN1FB3399731,BB008,O+,RBC,DONATION,2.0,2026-04-05 12:08:00,DONATION1106,,,POSTED,
TXNFB19ED69C2,BB015,B+,Platelets,DONATION,1.0,2026-04-05 12:32:00,DONATION1786,,,POSTED,
TXN96CC4E3B7B,BB015,B+,Plasma,DONATION,1.0,2026-04-05 13:50:00,DONATION1786,,,POSTED,
TXN592B517DD0,BB015,B+,RBC,DONATION,1.0,2026-04-05 14:13:00,DONATION1786,,,POSTED,
TXN937E63CF04,BB012,O+,Plasma,ISSUE,2.0,2026-04-05 14:18:00,,,,POSTED,ISSUE59343FA2D3
TXN8286A5F734,BB008,O+,Plasma,DONATION,2.0,2026-04-05 15:32:00,DONATION1106,,,POSTED,
TXNC78B53A51C,BB007,A+,Platelets,DONATION,1.0,2026-04-06 08:19:00,DONATION0271,,,POSTED,
TXN7304174150,BB007,A+,RBC,DONATION,1.0,2026-04-06 12:41:00,DONATION0271,,,POSTED,
TXN4897CF115B,BB014,B-,Plasma,DONATION,2.0,2026-04-06 12:57:00,DONATION0075,,,POSTED,
TXNA923892331,BB007,A+,Plasma,DONATION,1.0,2026-04-06 14:07:00,DONATION0271,,,POSTED,
TXN916D3C63AA,BB014,B-,RBC,DONATION,2.0,2026-04-06 16:31:00,DONATION0075,,,POSTED,
TXNFE1B44121D,BB010,B+,Plasma,DONATION,2.0,2026-04-06 16:47:00,DONATION0509,,,POSTED,
TXN181A42CC2D,BB003,O-,Plasma,DONATION,2.0,2026-04-06 17:02:00,DONATION1072,,,POSTED,
TXN6A1684DFE5,BB003,O-,RBC,DONATION,2.0,2026-04-06 17:04:00,DONATION1072,,,POSTED,
TXND63B4E5702,BB010,B+,RBC,DONATION,2.0,2026-04-06 17:14:00,DONATION0509,,,POSTED,
TXN173A9365DF,BB017,O+,Plasma,DONATION,2.0,2026-04-07 08:54:00,DONATION0984,,,POSTED,
TXN74FBE02F0C,BB015,B+,RBC,ISSUE,2.0,2026-04-07 10:10:00,,,,POSTED,ISSUE38243308B1
TXN5F5805BF80,BB017,O+,RBC,DONATION,2.0,2026-04-07 10:44:00,DONATION0984,,,POSTED,
TXNEAB5E67159,BB009,B+,RBC,ISSUE,3.0,2026-04-07 11:40:00,,,,POSTED,ISSUEA2882AAE83
TXN0B86FA559B,BB017,O+,Platelets,DONATION,2.0,2026-04-07 14:58:00,DONATION0984,,,POSTED,
TXN988FD9A9F7,BB015,B+,Platelets,ISSUE,2.0,2026-04-07 17:03:00,,,,POSTED,ISSUE6B438A5824
TXN6802B6CB90,BB012,A+,RBC,ISSUE,2.0,2026-04-07 17:30:00,,,,POSTED,ISSUE769157B01D
TXNA12111EC34,BB015,O-,Platelets,DONATION,1.0,2026-04-08 08:49:00,DONATION1453,,,POSTED,
TXN823B08281B,BB012,O+,RBC,DONATION,1.0,2026-04-08 09:38:00,DONATION1535,,,POSTED,
TXN5E07256B85,BB015,O-,Plasma,DONATION,1.0,2026-04-08 10:07:00,DONATION1453,,,POSTED,
TXN78E42F609B,BB012,O+,Plasma,DONATION,1.0,2026-04-08 10:58:00,DONATION1535,,,POSTED,
TXN4DD2F45DF5,BB015,O-,RBC,DONATION,1.0,2026-04-08 16:19:00,DONATION1453,,,POSTED,
TXN2FCCAB7AE6,BB014,B-,Plasma,ISSUE,2.0,2026-04-09 11:35:00,,,,POSTED,ISSUE5C33DA2C0D
TXNB44B20342A,BB012,A+,RBC,ISSUE,2.0,2026-04-09 11:46:00,,,,POSTED,ISSUE14A37F535F
TXNF79E1F3699,BB007,O+,Plasma,DONATION,1.0,2026-04-09 12:39:00,DONATION0967,,,POSTED,
TXNE4615A9ED7,BB007,O+,RBC,DONATION,1.0,2026-04-09 18:33:00,DONATION0967,,,POSTED,
TXNC017194D07,BB015,O-,RBC,ISSUE,1.0,2026-04-10 11:31:00,,,,POSTED,ISSUE296925CF63
TXNA866748449,BB010,B-,Plasma,DONATION,1.0,2026-04-11 09:09:00,DONATION0319,,,POSTED,
TXN8597B0FD71,BB020,O-,Plasma,DONATION,1.0,2026-04-11 10:28:00,DONATION1338,,,POSTED,
TXN678B33D4C5,BB020,O-,Platelets,DONATION,1.0,2026-04-11 11:12:00,DONATION1338,,,POSTED,
TXN6EE7BF240A,BB005,AB+,Plasma,DONATION,2.0,2026-04-11 11:20:00,DONATION0763,,,POSTED,
TXN6B7CE2A292,BB004,O+,Plasma,DONATION,2.0,2026-04-11 11:28:00,DONATION1130,,,POSTED,
TXN6D681B2049,BB004,O+,RBC,DONATION,2.0,2026-04-11 12:05:00,DONATION1130,,,POSTED,
TXN79A5FC706A,BB005,AB+,Platelets,DONATION,2.0,2026-04-11 13:17:00,DONATION0763,,,POSTED,
TXN515D4C5F1C,BB010,B+,Plasma,ISSUE,1.0,2026-04-11 13:20:00,,,,POSTED,ISSUE3C8362AD15
TXN8D9110012B,BB020,O-,RBC,DONATION,1.0,2026-04-11 15:39:00,DONATION1338,,,POSTED,
TXN0584BC1C41,BB017,O+,Platelets,ISSUE,2.0,2026-04-11 15:59:00,,,,POSTED,ISSUE6A18F9D809
TXN6EBED80113,BB010,B-,RBC,DONATION,1.0,2026-04-11 18:25:00,DONATION0319,,,POSTED,
TXN15D1AD9849,BB005,AB+,RBC,DONATION,2.0,2026-04-11 18:26:00,DONATION0763,,,POSTED,
TXN3B560BC53E,BB019,A-,Plasma,DONATION,2.0,2026-04-12 08:36:00,DONATION1519,,,POSTED,
TXNC375189B00,BB005,O+,Plasma,DONATION,1.0,2026-04-12 12:17:00,DONATION1549,,,POSTED,
TXNE1830FC060,BB005,O+,RBC,DONATION,1.0,2026-04-12 12:21:00,DONATION1549,,,POSTED,
TXNBEEBFA42AB,BB019,A-,RBC,DONATION,2.0,2026-04-12 13:02:00,DONATION1519,,,POSTED,
TXN1C2ED9C04D,BB019,A-,Platelets,DONATION,2.0,2026-04-12 13:07:00,DONATION1519,,,POSTED,
TXN0C9D9B08D7,BB007,B+,Plasma,ISSUE,2.0,2026-04-12 18:26:00,,,,POSTED,ISSUEC03208910B
TXN987CEA9031,BB005,A+,Plasma,DONATION,1.0,2026-04-13 08:47:00,DONATION0001,,,POSTED,
TXN77350F7419,BB005,A+,Platelets,DONATION,1.0,2026-04-13 11:08:00,DONATION0001,,,POSTED,
TXNC29DC81AD5,BB002,A+,Plasma,DONATION,1.0,2026-04-13 12:52:00,DONATION0091,,,POSTED,
TXNAC02410AC7,BB002,A+,RBC,DONATION,1.0,2026-04-13 15:22:00,DONATION0091,,,POSTED,
TXN67A8C947ED,BB020,O+,Plasma,DONATION,1.0,2026-04-13 16:24:00,DONATION0235,,,POSTED,
TXN8CC31D9D7E,BB005,A+,RBC,DONATION,1.0,2026-04-13 18:07:00,DONATION0001,,,POSTED,
TXN4DC278A1D4,BB020,O+,RBC,DONATION,1.0,2026-04-13 18:54:00,DONATION0235,,,POSTED,
TXN04FA86D79F,BB009,B+,Plasma,DONATION,1.0,2026-04-14 08:25:00,DONATION1963,,,POSTED,
TXN710CDB28ED,BB009,B+,RBC,DONATION,1.0,2026-04-14 10:27:00,DONATION1963,,,POSTED,
TXN8171F879C9,BB005,O+,Plasma,ISSUE,3.0,2026-04-14 12:14:00,,,,POSTED,ISSUE0B943B51D9
TXN86E57A24AC,BB010,A+,RBC,DONATION,1.0,2026-04-14 14:31:00,DONATION1753,,,POSTED,
TXN6D0C87F810,BB010,A+,Platelets,DONATION,1.0,2026-04-14 15:06:00,DONATION1753,,,POSTED,
TXN1AE2A8D37E,BB010,A+,Plasma,DONATION,1.0,2026-04-14 16:17:00,DONATION1753,,,POSTED,
TXN9EF13ADB66,BB019,A-,RBC,ISSUE,2.0,2026-04-15 08:02:00,,,,POSTED,ISSUE026222F8C2
TXN803334AA76,BB010,B+,Plasma,DONATION,1.0,2026-04-15 14:07:00,DONATION0962,,,POSTED,
TXNEA1F284B09,BB010,B+,RBC,DONATION,1.0,2026-04-15 14:28:00,DONATION0962,,,POSTED,
TXN3E6871B253,BB007,O+,RBC,ISSUE,2.0,2026-04-16 09:07:00,,,,POSTED,ISSUE66EA0E165B
TXNA9B405040C,BB006,A+,RBC,DONATION,1.0,2026-04-16 10:04:00,DONATION1748,,,POSTED,
TXNC79A0831F0,BB008,A+,RBC,DONATION,1.0,2026-04-16 11:32:00,DONATION0330,,,POSTED,
TXN2CB736867D,BB014,B-,Platelets,DONATION,3.0,2026-04-16 12:05:00,DONATION1314,,,POSTED,
TXNB44FE536A3,BB014,B-,RBC,DONATION,3.0,2026-04-16 12:23:00,DONATION1314,,,POSTED,
TXNC736CA86A6,BB005,A+,Platelets,ISSUE,3.0,2026-04-16 12:59:00,,,,POSTED,ISSUE448586FCA6
TXNFEC34A8C30,BB006,A+,Plasma,DONATION,1.0,2026-04-16 13:12:00,DONATION1748,,,POSTED,
TXNED7337AE29,BB004,O+,RBC,ISSUE,3.0,2026-04-16 16:21:00,,,,POSTED,ISSUE69F4ED0913
TXNE82DA5CDC6,BB008,A+,Plasma,DONATION,1.0,2026-04-16 16:53:00,DONATION0330,,,POSTED,
TXN71E89BBEE1,BB014,B-,Plasma,DONATION,3.0,2026-04-16 17:15:00,DONATION1314,,,POSTED,
TXN96CC1C50F6,BB006,A+,Platelets,DONATION,1.0,2026-04-16 17:54:00,DONATION1748,,,POSTED,
TXNB9F4038BEA,BB009,O+,Plasma,DONATION,1.0,2026-04-17 09:02:00,DONATION1313,,,POSTED,
TXNBA21B2785A,BB009,O+,Platelets,DONATION,1.0,2026-04-17 10:08:00,DONATION1313,,,POSTED,
TXN9A4C018182,BB005,AB+,Platelets,ISSUE,1.0,2026-04-17 10:48:00,,,,POSTED,ISSUEC7E939BA51
TXN7D99BB76AC,BB006,A+,Platelets,ISSUE,3.0,2026-04-17 12:25:00,,,,POSTED,ISSUE98E93EDB66
TXNCDC40730EA,BB007,AB+,Plasma,DONATION,1.0,2026-04-17 12:26:00,DONATION0218,,,POSTED,
TXNCB8D99BACF,BB007,AB+,RBC,DONATION,1.0,2026-04-17 12:32:00,DONATION0218,,,POSTED,
TXND47693C93F,BB009,B+,Plasma,ISSUE,2.0,2026-04-17 14:50:00,,,,POSTED,ISSUEE4E198EDF9
TXN105230CAE5,BB009,O+,RBC,DONATION,1.0,2026-04-17 17:09:00,DONATION1313,,,POSTED,
TXN3F1DA897DD,BB019,A-,Platelets,ISSUE,1.0,2026-04-17 17:24:00,,,,POSTED,ISSUEE6A3440531
TXN2E7ADE2F0C,BB017,B+,Plasma,DONATION,2.0,2026-04-18 09:40:00,DONATION0270,,,POSTED,
TXN395CDDC876,BB017,B+,RBC,DONATION,2.0,2026-04-18 11:41:00,DONATION0270,,,POSTED,
TXN5CBD45DA16,BB014,B-,Platelets,ISSUE,1.0,2026-04-18 16:11:00,,,,POSTED,ISSUE00E39ACAAB
TXN6F6999CD3A,BB002,A+,RBC,ISSUE,6.0,2026-04-19 09:50:00,,,,POSTED,ISSUEF18EC5DF9F
TXN9540D19DCD,BB006,A+,RBC,ISSUE,1.0,2026-04-19 12:52:00,,,,POSTED,ISSUEB6DF349B1F
TXNE136451692,BB005,A+,Plasma,ISSUE,4.0,2026-04-19 17:21:00,,,,POSTED,ISSUE06A2802A2D
TXN04F3985CC8,BB015,O+,Plasma,DONATION,1.0,2026-04-20 09:08:00,DONATION0629,,,POSTED,
TXNC4CB6A81E3,BB008,A+,Plasma,ISSUE,7.0,2026-04-20 10:55:00,,,,POSTED,ISSUE1683301896
TXND8F2793B68,BB011,AB+,Plasma,DONATION,2.0,2026-04-20 11:21:00,DONATION0926,,,POSTED,
TXN5C40DCB294,BB015,O+,RBC,DONATION,1.0,2026-04-20 11:29:00,DONATION0629,,,POSTED,
TXN587D24BF35,BB002,B-,Plasma,DONATION,1.0,2026-04-20 11:33:00,DONATION0242,,,POSTED,
TXND0E7B9691E,BB002,B-,RBC,DONATION,1.0,2026-04-20 14:09:00,DONATION0242,,,POSTED,
TXN47EFC9A3C3,BB015,O+,Platelets,DONATION,1.0,2026-04-20 14:21:00,DONATION0629,,,POSTED,
TXN6639262B37,BB010,B-,Plasma,ISSUE,2.0,2026-04-20 15:32:00,,,,POSTED,ISSUE5106C0CECC
TXN971528D528,BB011,AB+,RBC,DONATION,2.0,2026-04-20 17:52:00,DONATION0926,,,POSTED,
TXN1D410F420B,BB002,B-,Platelets,DONATION,1.0,2026-04-20 18:50:00,DONATION0242,,,POSTED,
TXN5B5034C6C6,BB014,A+,Plasma,DONATION,1.0,2026-04-21 10:28:00,DONATION0347,,,POSTED,
TXN43ADB3E5C1,BB017,A+,Plasma,DONATION,1.0,2026-04-21 10:47:00,DONATION0120,,,POSTED,
TXNEB54F3EA58,BB011,A-,Plasma,DONATION,1.0,2026-04-21 11:24:00,DONATION0249,,,POSTED,
TXNFB9A6D8AE7,BB011,A-,RBC,DONATION,1.0,2026-04-21 15:06:00,DONATION0249,,,POSTED,
TXN3CA696B60B,BB014,A+,Platelets,DONATION,1.0,2026-04-21 15:40:00,DONATION0347,,,POSTED,
TXN9E3D0B997B,BB006,A+,Plasma,DONATION,1.0,2026-04-21 16:03:00,DONATION0058,,,POSTED,
TXNC0100B3D4F,BB017,A+,RBC,DONATION,1.0,2026-04-21 16:28:00,DONATION0120,,,POSTED,
TXNB10B71D7AE,BB006,A+,RBC,DONATION,1.0,2026-04-21 17:47:00,DONATION0058,,,POSTED,
TXN85E1E4DB0A,BB014,A+,RBC,DONATION,1.0,2026-04-21 18:20:00,DONATION0347,,,POSTED,
TXNFBD1728EB0,BB014,B+,RBC,DONATION,1.0,2026-04-22 08:10:00,DONATION1543,,,POSTED,
TXNEDADA20E75,BB011,A+,Plasma,DONATION,3.0,2026-04-22 08:53:00,DONATION1756,,,POSTED,
TXND4DF42D1CD,BB009,O+,RBC,ISSUE,2.0,2026-04-22 09:03:00,,,,POSTED,ISSUE5913B30165
TXNDCE5979CBC,BB015,O+,RBC,DONATION,2.0,2026-04-22 09:19:00,DONATION1436,,,POSTED,
TXN6D9695D928,BB011,A+,RBC,DONATION,3.0,2026-04-22 09:47:00,DONATION1756,,,POSTED,
TXN0F126039F5,BB015,O+,Plasma,DONATION,2.0,2026-04-22 12:32:00,DONATION1436,,,POSTED,
TXNABDAB482FF,BB007,AB+,RBC,ISSUE,1.0,2026-04-22 14:18:00,,,,POSTED,ISSUEEDC4ADCA8B
TXN379094933E,BB002,B-,RBC,ISSUE,1.0,2026-04-22 15:24:00,,,,POSTED,ISSUE6F03FC0D08
TXNE4D8926FCA,BB014,B+,Plasma,DONATION,1.0,2026-04-22 15:25:00,DONATION1543,,,POSTED,
TXN7C288E1108,BB014,B+,Platelets,DONATION,1.0,2026-04-22 15:47:00,DONATION1543,,,POSTED,
TXNCFAE7BC818,BB017,A+,Plasma,ISSUE,4.0,2026-04-22 17:18:00,,,,POSTED,ISSUEBABAC6E4F5
TXN9BCF65F33D,BB011,A+,Platelets,DONATION,3.0,2026-04-22 18:01:00,DONATION1756,,,POSTED,
TXN5405261173,BB010,A+,RBC,DONATION,1.0,2026-04-23 08:36:00,DONATION0066,,,POSTED,
TXN92303E9852,BB010,A+,RBC,DONATION,1.0,2026-04-23 09:00:00,DONATION0066,,,POSTED,
TXNFA708955E3,BB005,A+,Plasma,DONATION,1.0,2026-04-23 09:06:00,DONATION1858,,,POSTED,
TXN18C3636815,BB007,B+,RBC,DONATION,1.0,2026-04-23 10:16:00,DONATION1799,,,POSTED,
TXND8FAC704B3,BB007,B+,Platelets,DONATION,1.0,2026-04-23 11:07:00,DONATION1799,,,POSTED,
TXN584855C09F,BB008,O+,RBC,DONATION,1.0,2026-04-23 11:07:00,DONATION1607,,,POSTED,
TXN671C7DB0A4,BB014,B+,Platelets,ISSUE,1.0,2026-04-23 12:57:00,,,,POSTED,ISSUE93D64247E1
TXNBFA0FEC6B8,BB010,A+,Plasma,DONATION,1.0,2026-04-23 15:39:00,DONATION0066,,,POSTED,
TXN7B8DD03489,BB008,O+,Plasma,DONATION,1.0,2026-04-23 16:06:00,DONATION1607,,,POSTED,
TXN9EFE315549,BB010,A+,Plasma,DONATION,1.0,2026-04-23 16:12:00,DONATION0066,,,POSTED,
TXN45A3602ACD,BB015,O+,RBC,ISSUE,3.0,2026-04-23 16:46:00,,,,POSTED,ISSUEA152550960
TXN8BEDC26798,BB005,A+,RBC,ISSUE,5.0,2026-04-23 16:48:00,,,,POSTED,ISSUE7959BC7495
TXND13DF99D8B,BB005,A+,RBC,DONATION,1.0,2026-04-23 17:16:00,DONATION1858,,,POSTED,
TXN7F13544AB0,BB007,B+,Plasma,DONATION,1.0,2026-04-23 18:38:00,DONATION1799,,,POSTED,
TXN67ED5882B3,BB009,B+,Platelets,DONATION,3.0,2026-04-24 08:18:00,DONATION0463,,,POSTED,
TXNB68EFEC095,BB019,A+,Platelets,DONATION,2.0,2026-04-24 08:50:00,DONATION0881,,,POSTED,
TXN7A7C677CB0,BB013,A+,RBC,DONATION,1.0,2026-04-24 09:30:00,DONATION1124,,,POSTED,
TXNADD21675AF,BB019,A+,Plasma,DONATION,1.0,2026-04-24 09:42:00,DONATION0870,,,POSTED,
TXNC4A20DB9C0,BB019,O+,Plasma,DONATION,1.0,2026-04-24 10:21:00,DONATION0362,,,POSTED,
TXN46E73FE5C0,BB013,B+,RBC,DONATION,1.0,2026-04-24 11:03:00,DONATION0748,,,POSTED,
TXN10A3C51FC1,BB013,B+,Plasma,DONATION,1.0,2026-04-24 11:05:00,DONATION0748,,,POSTED,
TXN1B3AF99FFF,BB009,B+,Plasma,DONATION,3.0,2026-04-24 11:37:00,DONATION0463,,,POSTED,
TXN70E1210643,BB019,A+,Plasma,DONATION,2.0,2026-04-24 12:33:00,DONATION0881,,,POSTED,
TXNC175009342,BB019,A+,RBC,DONATION,2.0,2026-04-24 13:54:00,DONATION0881,,,POSTED,
TXND851484804,BB011,A-,RBC,ISSUE,2.0,2026-04-24 14:13:00,,,,POSTED,ISSUE7AC52233F8
TXNEB1507055D,BB011,A+,Platelets,ISSUE,2.0,2026-04-24 15:10:00,,,,POSTED,ISSUEE896EFBB31
TXN22BF363DC0,BB009,B+,RBC,DONATION,3.0,2026-04-24 15:15:00,DONATION0463,,,POSTED,
TXN03EE161902,BB019,A+,Platelets,DONATION,1.0,2026-04-24 16:26:00,DONATION0870,,,POSTED,
TXNACD102A158,BB013,A+,Platelets,DONATION,1.0,2026-04-24 17:10:00,DONATION1124,,,POSTED,
TXNADE25610E0,BB019,O+,RBC,DONATION,1.0,2026-04-24 17:55:00,DONATION0362,,,POSTED,
TXN9B597F6C1D,BB019,A+,RBC,DONATION,1.0,2026-04-24 18:06:00,DONATION0870,,,POSTED,
TXN57CECE6644,BB019,O+,Platelets,DONATION,1.0,2026-04-24 18:09:00,DONATION0362,,,POSTED,
TXN3BD622C924,BB013,A+,Plasma,DONATION,1.0,2026-04-24 18:30:00,DONATION1124,,,POSTED,
TXN150418E324,BB020,B+,RBC,DONATION,1.0,2026-04-25 09:28:00,DONATION0247,,,POSTED,
TXN2F11630324,BB020,B+,Plasma,DONATION,1.0,2026-04-25 13:37:00,DONATION0247,,,POSTED,
TXN8915E185F9,BB020,B+,Platelets,DONATION,1.0,2026-04-25 14:44:00,DONATION0247,,,POSTED,
TXN16146C303A,BB013,B+,Plasma,ISSUE,3.0,2026-04-25 14:49:00,,,,POSTED,ISSUE5267D8DF46
TXN34D5ECF018,BB019,A+,Platelets,ISSUE,1.0,2026-04-25 16:30:00,,,,POSTED,ISSUE600CA29937
TXN803255A499,BB002,B-,Platelets,EXPIRY,1.0,2026-04-25 17:15:00,,,,POSTED,
TXNDBF852FEC0,BB009,O+,Plasma,DONATION,2.0,2026-04-26 08:12:00,DONATION1804,,,POSTED,
TXNF9F8177876,BB014,B-,Plasma,DONATION,1.0,2026-04-26 08:24:00,DONATION0816,,,POSTED,
TXN5399070751,BB008,O+,RBC,ISSUE,2.0,2026-04-26 09:31:00,,,,POSTED,ISSUEE59DF15D6E
TXNE9BEB9D164,BB009,O+,Platelets,DONATION,2.0,2026-04-26 10:01:00,DONATION1804,,,POSTED,
TXNA7212FD788,BB009,O+,Plasma,ISSUE,4.0,2026-04-26 14:31:00,,,,POSTED,ISSUEB322D96DD2
TXN83D82A60CD,BB009,O+,RBC,DONATION,2.0,2026-04-26 14:41:00,DONATION1804,,,POSTED,
TXNACC426B3C8,BB014,B-,RBC,DONATION,1.0,2026-04-26 16:50:00,DONATION0816,,,POSTED,
TXN4550CDED5F,BB014,O+,Plasma,DONATION,1.0,2026-04-27 08:23:00,DONATION0737,,,POSTED,
TXN194F9252BE,BB017,A+,RBC,ISSUE,4.0,2026-04-27 09:26:00,,,,POSTED,ISSUE1731CB5C7F
TXN8BB3FA7D0D,BB014,O+,RBC,DONATION,1.0,2026-04-27 09:33:00,DONATION0737,,,POSTED,
TXN1C352ECFF8,BB017,O+,Platelets,DONATION,1.0,2026-04-27 10:39:00,DONATION1604,,,POSTED,
TXN8AB97F8D76,BB017,O+,RBC,DONATION,1.0,2026-04-27 12:33:00,DONATION1604,,,POSTED,
TXNE6C36D9EC7,BB016,A+,Plasma,DONATION,1.0,2026-04-27 12:38:00,DONATION1623,,,POSTED,
TXNF5CC5A38AA,BB007,A+,RBC,DONATION,2.0,2026-04-27 13:04:00,DONATION0832,,,POSTED,
TXN762B4D4113,BB006,O+,RBC,DONATION,2.0,2026-04-27 13:04:00,DONATION0395,,,POSTED,
TXN9AE8E9BEC6,BB016,A+,RBC,DONATION,1.0,2026-04-27 13:14:00,DONATION1623,,,POSTED,
TXNB6ED696B50,BB007,A+,Plasma,DONATION,2.0,2026-04-27 13:45:00,DONATION0832,,,POSTED,
TXNA2F353FDAF,BB017,O+,Plasma,DONATION,1.0,2026-04-27 15:26:00,DONATION1604,,,POSTED,
TXN21D431449E,BB006,O+,Plasma,DONATION,2.0,2026-04-27 16:34:00,DONATION0395,,,POSTED,
TXNE8EA0BA2E8,BB016,A+,Platelets,DONATION,1.0,2026-04-27 18:39:00,DONATION1623,,,POSTED,
TXN531CB73E15,BB017,O+,RBC,DONATION,1.0,2026-04-28 10:21:00,DONATION0954,,,POSTED,
TXNBE525FFA1E,BB014,O+,Plasma,ISSUE,4.0,2026-04-28 13:14:00,,,,POSTED,ISSUE51147B7253
TXNA55A038F44,BB017,O+,Plasma,DONATION,1.0,2026-04-28 15:22:00,DONATION0954,,,POSTED,
TXNFBE9576649,BB019,A+,Plasma,ISSUE,1.0,2026-04-29 08:38:00,,,,POSTED,ISSUE3BAB66884F
TXN4A5FC23309,BB015,O+,Plasma,ISSUE,2.0,2026-04-29 12:22:00,,,,POSTED,ISSUE2DBA60D44C
TXNE695D9C018,BB002,B-,Plasma,ISSUE,1.0,2026-04-29 16:57:00,,,,POSTED,ISSUE69E78F357D
TXN8436025B86,BB019,A+,Plasma,ISSUE,4.0,2026-04-29 18:29:00,,,,POSTED,ISSUE30B48D45F7
TXN3C88574987,BB017,O+,Plasma,DONATION,1.0,2026-04-30 10:06:00,DONATION1155,,,POSTED,
TXN57FF7C12E3,BB003,B+,Platelets,DONATION,2.0,2026-04-30 10:43:00,DONATION0306,,,POSTED,
TXN71596C4C91,BB016,A+,Platelets,ISSUE,1.0,2026-04-30 11:42:00,,,,POSTED,ISSUEB5A8BA06F0
TXN9B863F974C,BB013,A+,RBC,ISSUE,3.0,2026-04-30 12:06:00,,,,POSTED,ISSUEA5A8A995F5
TXN3B53DB2335,BB003,B+,RBC,DONATION,2.0,2026-04-30 14:20:00,DONATION0306,,,POSTED,
TXN9017B4FA26,BB017,O+,Platelets,DONATION,1.0,2026-04-30 14:50:00,DONATION1155,,,POSTED,
TXNDC73C6B08F,BB017,O+,RBC,DONATION,1.0,2026-04-30 15:50:00,DONATION1155,,,POSTED,
TXNA0EDEED6C0,BB003,B+,Plasma,DONATION,2.0,2026-04-30 18:16:00,DONATION0306,,,POSTED,
TXN891BA4119E,BB014,B-,Plasma,ISSUE,1.0,2026-04-30 18:16:00,,,,POSTED,ISSUE2C3C62137C
TXN1B9A28FD7E,BB014,A+,Plasma,ISSUE,2.0,2026-04-30 18:28:00,,,,POSTED,ISSUEF747AA9C11
TXND430A86943,BB003,B+,Platelets,ISSUE,2.0,2026-05-01 10:57:00,,,,POSTED,ISSUE7FB94CB73D
TXND39D7BD18B,BB004,B-,Plasma,DONATION,1.0,2026-05-01 17:34:00,DONATION1044,,,POSTED,
TXN0EC9E1E1A7,BB004,B-,RBC,DONATION,1.0,2026-05-01 18:23:00,DONATION1044,,,POSTED,
TXNE534121729,BB010,A+,Plasma,ISSUE,1.0,2026-05-02 10:04:00,,,,POSTED,ISSUE4E7777E821
TXNF0D0392FDE,BB007,B+,Platelets,ISSUE,1.0,2026-05-02 13:37:00,,,,POSTED,ISSUEC31042C9D8
TXN170BEAC897,BB005,A+,RBC,ISSUE,1.0,2026-05-02 16:36:00,,,,POSTED,ISSUE25A837EF9F
TXNBA0CCE4884,BB002,A-,RBC,DONATION,1.0,2026-05-03 08:30:00,DONATION0760,,,POSTED,
TXNE8405D447E,BB013,B+,Plasma,DONATION,1.0,2026-05-03 09:43:00,DONATION0027,,,POSTED,
TXN48867C3B15,BB019,A+,RBC,ISSUE,2.0,2026-05-03 09:50:00,,,,POSTED,ISSUE80732CB346
TXN9218A8CFF9,BB007,A+,Plasma,ISSUE,4.0,2026-05-03 11:19:00,,,,POSTED,ISSUEBC7A58A48F
TXNC6080041D1,BB010,A+,Plasma,ISSUE,1.0,2026-05-03 12:36:00,,,,POSTED,ISSUEDF5F4FFDA2
TXN4FCE51C3A0,BB002,A-,Plasma,DONATION,1.0,2026-05-03 13:24:00,DONATION0760,,,POSTED,
TXNCD77834864,BB013,B+,RBC,DONATION,1.0,2026-05-03 18:46:00,DONATION0027,,,POSTED,
TXN3CE6648CAA,BB011,A-,RBC,DONATION,1.0,2026-05-04 15:54:00,DONATION1960,,,POSTED,
TXN9739A5BD8B,BB011,A-,Plasma,DONATION,1.0,2026-05-04 16:50:00,DONATION1960,,,POSTED,
TXN3FC2F38EA2,BB019,A+,Platelets,ISSUE,2.0,2026-05-04 17:08:00,,,,POSTED,ISSUECDB16E7FA7
TXN26B1BE0664,BB017,A+,Platelets,DONATION,1.0,2026-05-05 08:30:00,DONATION0654,,,POSTED,
TXN6FB346F96F,BB010,O+,RBC,DONATION,1.0,2026-05-05 12:18:00,DONATION1249,,,POSTED,
TXN333378ADD3,BB017,A+,Plasma,DONATION,1.0,2026-05-05 16:09:00,DONATION0654,,,POSTED,
TXN44EB03D5A8,BB017,A+,RBC,DONATION,1.0,2026-05-05 17:44:00,DONATION0654,,,POSTED,
TXN543F7AA44F,BB010,O+,Plasma,DONATION,1.0,2026-05-05 18:47:00,DONATION1249,,,POSTED,
TXNB662B8F580,BB019,A+,RBC,DONATION,1.0,2026-05-06 09:59:00,DONATION0010,,,POSTED,
TXN2E9B3976E4,BB018,O+,Plasma,DONATION,2.0,2026-05-06 10:33:00,DONATION1973,,,POSTED,
TXN7D04F1104B,BB018,O+,RBC,DONATION,2.0,2026-05-06 13:24:00,DONATION1973,,,POSTED,
TXN4AB2D26759,BB019,A+,Plasma,DONATION,1.0,2026-05-06 14:05:00,DONATION0010,,,POSTED,
TXN2D60B6F2C4,BB016,A+,RBC,ISSUE,1.0,2026-05-06 16:26:00,,,,POSTED,ISSUEB66605C384
TXN1C87DC69A2,BB017,A+,Plasma,ISSUE,1.0,2026-05-06 18:32:00,,,,POSTED,ISSUEACB6B6E039
TXN490111D768,BB007,O+,Platelets,DONATION,2.0,2026-05-07 09:30:00,DONATION1481,,,POSTED,
TXND461B3D073,BB007,A+,Plasma,DONATION,1.0,2026-05-07 09:47:00,DONATION1433,,,POSTED,
TXN0C83761884,BB002,A+,Plasma,DONATION,1.0,2026-05-07 11:17:00,DONATION1200,,,POSTED,
TXN60876F93A4,BB007,O+,Plasma,DONATION,2.0,2026-05-07 13:29:00,DONATION1481,,,POSTED,
TXN5CD2EE324E,BB007,O+,RBC,DONATION,2.0,2026-05-07 13:50:00,DONATION1481,,,POSTED,
TXNBED3340554,BB011,O-,RBC,DONATION,1.0,2026-05-07 14:02:00,DONATION0889,,,POSTED,
TXNE730B43FCD,BB009,B+,RBC,DONATION,1.0,2026-05-07 14:23:00,DONATION1107,,,POSTED,
TXN9D7CF6D621,BB011,O-,Plasma,DONATION,1.0,2026-05-07 14:56:00,DONATION0889,,,POSTED,
TXN7974FD719E,BB009,B+,Plasma,DONATION,1.0,2026-05-07 16:00:00,DONATION1107,,,POSTED,
TXNA91745E95F,BB002,A+,RBC,DONATION,1.0,2026-05-07 16:16:00,DONATION1200,,,POSTED,
TXND6EBE88E8E,BB017,O+,RBC,ISSUE,2.0,2026-05-07 17:21:00,,,,POSTED,ISSUE3C4F73F8DE
TXN52F43A869B,BB002,A+,Platelets,DONATION,1.0,2026-05-07 17:21:00,DONATION1200,,,POSTED,
TXNFA9CAD46B2,BB007,A+,RBC,DONATION,1.0,2026-05-07 18:50:00,DONATION1433,,,POSTED,
TXNF9FCB87847,BB019,A+,RBC,DONATION,2.0,2026-05-08 08:33:00,DONATION0589,,,POSTED,
TXN91B4068EF5,BB019,A+,Plasma,DONATION,2.0,2026-05-08 08:53:00,DONATION0589,,,POSTED,
TXN7A99588969,BB020,B-,Platelets,DONATION,1.0,2026-05-08 12:11:00,DONATION1565,,,POSTED,
TXNC01B78A98E,BB009,B+,Plasma,ISSUE,3.0,2026-05-08 12:24:00,,,,POSTED,ISSUE27F134603D
TXNCE9BAD80A9,BB004,O+,Plasma,DONATION,2.0,2026-05-08 12:46:00,DONATION0545,,,POSTED,
TXNC90440521D,BB004,O+,Platelets,DONATION,2.0,2026-05-08 12:52:00,DONATION0545,,,POSTED,
TXNAC4AFA0B5B,BB020,B-,Plasma,DONATION,1.0,2026-05-08 13:03:00,DONATION1565,,,POSTED,
TXN143DB70158,BB020,B-,RBC,DONATION,1.0,2026-05-08 14:24:00,DONATION1565,,,POSTED,
TXNA0B084B839,BB004,O+,RBC,DONATION,2.0,2026-05-08 15:43:00,DONATION0545,,,POSTED,
TXN5F7CBE4F73,BB018,A+,Plasma,DONATION,2.0,2026-05-08 17:34:00,DONATION1364,,,POSTED,
TXN6F6F193F96,BB018,A+,RBC,DONATION,2.0,2026-05-08 18:08:00,DONATION1364,,,POSTED,
TXN1EF78631F5,BB003,A+,RBC,DONATION,1.0,2026-05-09 08:59:00,DONATION1380,,,POSTED,
TXN7BC21301C8,BB006,A-,Platelets,DONATION,1.0,2026-05-09 10:07:00,DONATION0983,,,POSTED,
TXN5394DA4EB5,BB005,A+,Plasma,DONATION,1.0,2026-05-09 10:08:00,DONATION1900,,,POSTED,
TXN5F0476B9A5,BB007,O+,RBC,ISSUE,1.0,2026-05-09 10:49:00,,,,POSTED,ISSUE91612C684D
TXN063E660086,BB017,O+,RBC,DONATION,2.0,2026-05-09 11:51:00,DONATION0694,,,POSTED,
TXNB883E84B14,BB003,A+,Plasma,DONATION,1.0,2026-05-09 12:26:00,DONATION1380,,,POSTED,
TXN73D1EF0063,BB002,A+,Platelets,ISSUE,1.0,2026-05-09 13:14:00,,,,POSTED,ISSUEB128E9629F
TXN6F0DB85C9E,BB004,A+,Plasma,DONATION,1.0,2026-05-09 13:24:00,DONATION0300,,,POSTED,
TXN3EA7935E46,BB006,A-,RBC,DONATION,1.0,2026-05-09 14:44:00,DONATION0983,,,POSTED,
TXNC96767BFD2,BB005,A+,RBC,DONATION,1.0,2026-05-09 15:19:00,DONATION1900,,,POSTED,
TXN28314F80DD,BB006,A-,Plasma,DONATION,1.0,2026-05-09 15:51:00,DONATION0983,,,POSTED,
TXN5175AC03CC,BB004,A+,RBC,DONATION,1.0,2026-05-09 17:35:00,DONATION0300,,,POSTED,
TXNB90D83A25A,BB017,O+,Platelets,DONATION,2.0,2026-05-09 17:40:00,DONATION0694,,,POSTED,
TXN2D3EAAED53,BB017,O+,Plasma,DONATION,2.0,2026-05-09 17:44:00,DONATION0694,,,POSTED,
TXNF30F9573A4,BB003,A+,Platelets,DONATION,1.0,2026-05-09 18:12:00,DONATION1380,,,POSTED,
TXN88ED21753D,BB004,O+,Platelets,ISSUE,1.0,2026-05-09 18:16:00,,,,POSTED,ISSUE7FB2F610DC
TXN0557B486EE,BB014,A+,Platelets,DONATION,1.0,2026-05-10 09:03:00,DONATION0860,,,POSTED,
TXND7D3156EFD,BB013,B+,Plasma,DONATION,3.0,2026-05-10 09:55:00,DONATION0229,,,POSTED,
TXNEA2671FD2F,BB003,A+,Plasma,ISSUE,2.0,2026-05-10 10:29:00,,,,POSTED,ISSUEDCA688B2E6
TXN720B625868,BB012,A+,Platelets,DONATION,1.0,2026-05-10 10:53:00,DONATION0133,,,POSTED,
TXNA76F4BC7D8,BB012,A+,RBC,DONATION,1.0,2026-05-10 13:42:00,DONATION0133,,,POSTED,
TXN9938EFD405,BB004,O+,Platelets,DONATION,1.0,2026-05-10 14:22:00,DONATION1118,,,POSTED,
TXN97C7FF6D4B,BB004,O+,Plasma,DONATION,1.0,2026-05-10 14:58:00,DONATION1118,,,POSTED,
TXNB69C359CDC,BB002,A-,RBC,ISSUE,1.0,2026-05-10 15:46:00,,,,POSTED,ISSUE3254E34D2C
TXN7B1B52F2DF,BB004,O+,RBC,DONATION,1.0,2026-05-10 16:16:00,DONATION1118,,,POSTED,
TXNC9CD57C750,BB014,A+,RBC,DONATION,1.0,2026-05-10 16:16:00,DONATION0860,,,POSTED,
TXNDE5B75C808,BB013,B+,RBC,DONATION,3.0,2026-05-10 17:21:00,DONATION0229,,,POSTED,
TXN2DD050CB3D,BB014,A+,Plasma,DONATION,1.0,2026-05-10 18:18:00,DONATION0860,,,POSTED,
TXNC5EB91318B,BB012,A+,Plasma,DONATION,1.0,2026-05-10 18:51:00,DONATION0133,,,POSTED,
TXN99A0F4A4A9,BB007,O+,Plasma,ISSUE,1.0,2026-05-11 09:44:00,,,,POSTED,ISSUE1744FDFD0F
TXN8586BD31E4,BB005,A+,RBC,ISSUE,1.0,2026-05-11 10:46:00,,,,POSTED,ISSUE47FCC37B02
TXN88234C8AED,BB006,AB+,RBC,DONATION,1.0,2026-05-12 08:02:00,DONATION1585,,,POSTED,
TXN886CBC8021,BB017,B+,Plasma,DONATION,1.0,2026-05-12 08:15:00,DONATION0112,,,POSTED,
TXN949E350D4C,BB006,AB+,Platelets,DONATION,1.0,2026-05-12 08:25:00,DONATION1585,,,POSTED,
TXNA29E238F24,BB018,A+,RBC,DONATION,1.0,2026-05-12 09:16:00,DONATION1755,,,POSTED,
TXNA772F17BF7,BB017,B+,RBC,DONATION,1.0,2026-05-12 10:01:00,DONATION0112,,,POSTED,
TXN5349F124D1,BB018,A+,Platelets,DONATION,1.0,2026-05-12 10:01:00,DONATION1755,,,POSTED,
TXN382FEB4A36,BB020,A+,Plasma,DONATION,1.0,2026-05-12 10:03:00,DONATION1708,,,POSTED,
TXN0DDFB692F8,BB020,A+,RBC,DONATION,1.0,2026-05-12 10:22:00,DONATION1708,,,POSTED,
TXN87D5D0522D,BB005,A+,RBC,DONATION,2.0,2026-05-12 10:23:00,DONATION0321,,,POSTED,
TXN2A92D7CE6D,BB014,O+,Platelets,DONATION,1.0,2026-05-12 10:36:00,DONATION1126,,,POSTED,
TXN3728DA8D05,BB003,A-,RBC,DONATION,2.0,2026-05-12 12:00:00,DONATION1048,,,POSTED,
TXNA032841514,BB011,A+,RBC,DONATION,1.0,2026-05-12 12:05:00,DONATION0714,,,POSTED,
TXNCA43E47D5B,BB007,A+,Plasma,ISSUE,2.0,2026-05-12 12:05:00,,,,POSTED,ISSUE6DB328EF7A
TXN745618FD2F,BB011,O-,Platelets,DONATION,2.0,2026-05-12 12:39:00,DONATION1867,,,POSTED,
TXN9154BE2C6F,BB005,A+,Plasma,DONATION,2.0,2026-05-12 12:46:00,DONATION0321,,,POSTED,
TXN9ECA906435,BB011,O-,RBC,DONATION,2.0,2026-05-12 12:47:00,DONATION1867,,,POSTED,
TXN0554B25E7C,BB006,AB+,Plasma,DONATION,1.0,2026-05-12 13:03:00,DONATION1585,,,POSTED,
TXNFC104AC5EB,BB003,A-,Plasma,DONATION,2.0,2026-05-12 13:29:00,DONATION1048,,,POSTED,
TXN7931327497,BB011,A+,Platelets,DONATION,1.0,2026-05-12 13:42:00,DONATION0714,,,POSTED,
TXN27F786B4CC,BB011,O-,Plasma,DONATION,2.0,2026-05-12 13:59:00,DONATION1867,,,POSTED,
TXNB32620918D,BB014,O+,Plasma,DONATION,1.0,2026-05-12 14:01:00,DONATION1126,,,POSTED,
TXNFAB7589397,BB020,A+,Platelets,DONATION,1.0,2026-05-12 14:40:00,DONATION1708,,,POSTED,
TXNA405B67263,BB020,B-,Plasma,ISSUE,1.0,2026-05-12 14:46:00,,,,POSTED,ISSUEBBEB5AC39B
TXNE69766E9B8,BB018,A+,Plasma,DONATION,1.0,2026-05-12 15:31:00,DONATION1755,,,POSTED,
TXNB170F8F697,BB010,O+,Plasma,ISSUE,1.0,2026-05-12 17:03:00,,,,POSTED,ISSUEE9E120C6B6
TXN6745BE83B9,BB005,A+,Platelets,DONATION,2.0,2026-05-12 17:38:00,DONATION0321,,,POSTED,
TXNE1DFF361B3,BB011,A+,Plasma,DONATION,1.0,2026-05-12 18:23:00,DONATION0714,,,POSTED,
TXN177CB21590,BB012,A+,RBC,ISSUE,3.0,2026-05-12 18:25:00,,,,POSTED,ISSUECA6EF1EB87
TXNF2286A7D71,BB014,O+,RBC,DONATION,1.0,2026-05-12 18:53:00,DONATION1126,,,POSTED,
TXN4F819045BB,BB015,A+,RBC,DONATION,2.0,2026-05-13 12:45:00,DONATION1953,,,POSTED,
TXN9914F4B01D,BB015,O+,Platelets,DONATION,1.0,2026-05-13 12:56:00,DONATION0562,,,POSTED,
TXN15025DEA61,BB019,O+,Plasma,DONATION,1.0,2026-05-13 13:33:00,DONATION0993,,,POSTED,
TXN08DE43569A,BB017,O+,Plasma,ISSUE,6.0,2026-05-13 13:42:00,,,,POSTED,ISSUE2AB679CC86
TXN779E2111DA,BB015,A+,Plasma,DONATION,2.0,2026-05-13 15:48:00,DONATION1953,,,POSTED,
TXNDE4B8EDC5B,BB005,A+,Plasma,ISSUE,5.0,2026-05-13 16:57:00,,,,POSTED,ISSUEAE48027E53
TXN9AEA248768,BB015,O+,RBC,DONATION,1.0,2026-05-13 17:38:00,DONATION0562,,,POSTED,
TXN908607016A,BB002,A+,Plasma,ISSUE,3.0,2026-05-13 17:56:00,,,,POSTED,ISSUE652BC8A411
TXN1C317CD9BD,BB015,O+,Plasma,DONATION,1.0,2026-05-13 18:52:00,DONATION0562,,,POSTED,
TXN876F151035,BB019,O+,RBC,DONATION,1.0,2026-05-13 18:55:00,DONATION0993,,,POSTED,
TXN91B5A949AB,BB018,A+,Plasma,ISSUE,1.0,2026-05-14 10:29:00,,,,POSTED,ISSUE06E8D0F65D
TXN54484B8403,BB020,A+,RBC,ISSUE,2.0,2026-05-14 11:00:00,,,,POSTED,ISSUE2251774B51
TXNB19F8A89BB,BB010,A-,Plasma,DONATION,2.0,2026-05-14 11:08:00,DONATION0531,,,POSTED,
TXN065001A14E,BB006,A-,Platelets,EXPIRY,1.0,2026-05-14 15:16:00,,,,POSTED,
TXN1F07361F93,BB010,A-,Platelets,DONATION,2.0,2026-05-14 15:47:00,DONATION0531,,,POSTED,
TXN3DFDC643BD,BB014,A+,Plasma,ISSUE,1.0,2026-05-14 16:12:00,,,,POSTED,ISSUEE194B3E8D4
TXNAA95556F2D,BB010,A-,RBC,DONATION,2.0,2026-05-14 17:14:00,DONATION0531,,,POSTED,
TXN8018E65FE7,BB015,B-,RBC,DONATION,1.0,2026-05-15 13:50:00,DONATION0088,,,POSTED,
TXND89F921453,BB001,O+,Plasma,DONATION,2.0,2026-05-15 14:43:00,DONATION1031,,,POSTED,
TXNB6012E5923,BB015,B-,Plasma,DONATION,1.0,2026-05-15 14:51:00,DONATION0088,,,POSTED,
TXN99B5EC07C1,BB012,A+,Plasma,ISSUE,3.0,2026-05-15 15:13:00,,,,POSTED,ISSUE6783743631
TXNB12409D2B5,BB001,O+,RBC,DONATION,2.0,2026-05-15 17:42:00,DONATION1031,,,POSTED,
TXN6E8DC891B3,BB014,A+,RBC,DONATION,2.0,2026-05-16 08:19:00,DONATION1459,,,POSTED,
TXN555824B8C2,BB014,A+,Plasma,DONATION,2.0,2026-05-16 08:43:00,DONATION1459,,,POSTED,
TXND8A0B4F2A1,BB004,A+,RBC,DONATION,1.0,2026-05-16 17:23:00,DONATION1916,,,POSTED,
TXN6AA927320D,BB004,A+,Plasma,DONATION,1.0,2026-05-16 18:44:00,DONATION1916,,,POSTED,
TXN8863B49B56,BB013,B+,RBC,ISSUE,4.0,2026-05-17 08:00:00,,,,POSTED,ISSUE4CCB54C595
TXN3CEF06AB6F,BB010,A+,Plasma,DONATION,1.0,2026-05-17 09:30:00,DONATION1423,,,POSTED,
TXN5B106A6B59,BB019,A+,Plasma,DONATION,1.0,2026-05-17 10:54:00,DONATION1411,,,POSTED,
TXNE88713CAA4,BB015,B-,RBC,DONATION,1.0,2026-05-17 11:41:00,DONATION1292,,,POSTED,
TXN713176DF3B,BB011,A+,Platelets,ISSUE,1.0,2026-05-17 12:40:00,,,,POSTED,ISSUE4B5A0738DA
TXN644557DC26,BB009,A+,RBC,DONATION,1.0,2026-05-17 12:54:00,DONATION1149,,,POSTED,
TXNF2D3878B90,BB019,A+,RBC,DONATION,1.0,2026-05-17 13:02:00,DONATION1411,,,POSTED,
TXN0FDFD89BE8,BB017,B+,Plasma,ISSUE,4.0,2026-05-17 13:51:00,,,,POSTED,ISSUEC9DB7DBA08
TXNF821E24BDD,BB014,B+,RBC,DONATION,1.0,2026-05-17 14:27:00,DONATION0946,,,POSTED,
TXN741EB59605,BB014,B+,Plasma,DONATION,1.0,2026-05-17 15:24:00,DONATION0946,,,POSTED,
TXNFBEDD9BB4E,BB015,B-,Plasma,DONATION,1.0,2026-05-17 15:59:00,DONATION1292,,,POSTED,
TXN66B05831B9,BB014,B+,Platelets,DONATION,1.0,2026-05-17 16:12:00,DONATION0946,,,POSTED,
TXNF71E8DF53D,BB009,A+,Plasma,DONATION,1.0,2026-05-17 16:27:00,DONATION1149,,,POSTED,
TXN2EAB5E8328,BB015,B-,RBC,ISSUE,1.0,2026-05-17 17:06:00,,,,POSTED,ISSUE3D212AB6A8
TXN1E90212196,BB019,A+,Platelets,DONATION,1.0,2026-05-17 17:53:00,DONATION1411,,,POSTED,
TXN0140B0E019,BB010,A+,RBC,DONATION,1.0,2026-05-17 18:33:00,DONATION1423,,,POSTED,
TXN64D19359BA,BB019,O+,Plasma,ISSUE,3.0,2026-05-18 15:10:00,,,,POSTED,ISSUE52C66404F9
TXNCFCE231548,BB004,O+,Plasma,ISSUE,4.0,2026-05-18 16:02:00,,,,POSTED,ISSUE994CB8AD93
TXN42BB2EAF56,BB008,A+,RBC,DONATION,1.0,2026-05-18 16:19:00,DONATION1442,,,POSTED,
TXNFA425F8332,BB008,A+,Plasma,DONATION,1.0,2026-05-18 17:46:00,DONATION1442,,,POSTED,
TXNFFBCEB924E,BB020,B-,RBC,ISSUE,1.0,2026-05-18 18:17:00,,,,POSTED,ISSUEEABF99E30F
TXNBA9F157784,BB003,A-,Plasma,ISSUE,1.0,2026-05-19 08:01:00,,,,POSTED,ISSUE2B676DA337
TXN3CBE5D5A38,BB014,O+,RBC,ISSUE,3.0,2026-05-19 08:10:00,,,,POSTED,ISSUE2C3DF2EC0F
TXN7F69BA278A,BB016,A+,Platelets,DONATION,1.0,2026-05-19 08:26:00,DONATION0381,,,POSTED,
TXN32626D423B,BB014,A+,RBC,ISSUE,2.0,2026-05-19 10:14:00,,,,POSTED,ISSUE4A56D1F211
TXN7B37C3ACDB,BB011,A+,RBC,ISSUE,3.0,2026-05-19 10:58:00,,,,POSTED,ISSUEDE983345B1
TXN5A07ED8D6B,BB016,A+,RBC,DONATION,1.0,2026-05-19 11:52:00,DONATION0381,,,POSTED,
TXN781D0A774D,BB002,O+,Plasma,DONATION,2.0,2026-05-19 13:48:00,DONATION0118,,,POSTED,
TXN65483A27F7,BB016,A+,Plasma,DONATION,1.0,2026-05-19 15:56:00,DONATION0381,,,POSTED,
TXNFD65629FDB,BB010,A+,RBC,ISSUE,2.0,2026-05-19 16:19:00,,,,POSTED,ISSUE129AC8A08D
TXN494D907D5D,BB002,O+,RBC,DONATION,2.0,2026-05-19 16:38:00,DONATION0118,,,POSTED,
TXNCF2B0C961F,BB020,O+,Plasma,DONATION,1.0,2026-05-20 08:48:00,DONATION0688,,,POSTED,
TXNC0B9387F2A,BB020,O+,RBC,DONATION,1.0,2026-05-20 13:34:00,DONATION0688,,,POSTED,
TXN56FC763F83,BB006,AB+,RBC,ISSUE,1.0,2026-05-20 15:24:00,,,,POSTED,ISSUE4481579628
TXNEC56A73D31,BB010,O+,Plasma,DONATION,1.0,2026-05-21 08:40:00,DONATION1435,,,POSTED,
TXNB307417988,BB006,AB+,Platelets,ISSUE,1.0,2026-05-21 08:50:00,,,,POSTED,ISSUE6C2D4CBDA4
TXN409507CE61,BB003,O+,RBC,DONATION,1.0,2026-05-21 09:24:00,DONATION1644,,,POSTED,
TXN9E179465A7,BB020,A+,RBC,DONATION,1.0,2026-05-21 11:03:00,DONATION0574,,,POSTED,
TXN61CDCE5C5D,BB016,O+,Plasma,DONATION,1.0,2026-05-21 12:10:00,DONATION1864,,,POSTED,
TXN7F1C7BB9DC,BB010,O+,Platelets,DONATION,1.0,2026-05-21 12:16:00,DONATION1435,,,POSTED,
TXN5AD4CEF78D,BB020,A+,Plasma,DONATION,1.0,2026-05-21 12:24:00,DONATION0574,,,POSTED,
TXN90ADBF57BC,BB003,O+,Plasma,DONATION,1.0,2026-05-21 13:29:00,DONATION1644,,,POSTED,
TXN7D3D60D47E,BB014,A+,Plasma,ISSUE,1.0,2026-05-21 14:00:00,,,,POSTED,ISSUE44F3B17178
TXN6371D3349A,BB010,A+,RBC,DONATION,1.0,2026-05-21 14:05:00,DONATION0616,,,POSTED,
TXN6A02724DDE,BB016,O+,RBC,DONATION,1.0,2026-05-21 17:11:00,DONATION1864,,,POSTED,
TXN2AC65DC97B,BB010,A+,Plasma,DONATION,1.0,2026-05-21 17:18:00,DONATION0616,,,POSTED,
TXNE660FA2D8F,BB010,O+,RBC,DONATION,1.0,2026-05-21 18:13:00,DONATION1435,,,POSTED,
TXN6DE674CD4D,BB005,A+,Platelets,DONATION,1.0,2026-05-22 09:05:00,DONATION0795,,,POSTED,
TXND628CFC29E,BB016,O+,Platelets,DONATION,1.0,2026-05-22 10:50:00,DONATION0610,,,POSTED,
TXN49A53A3005,BB010,A-,Platelets,ISSUE,1.0,2026-05-22 11:15:00,,,,POSTED,ISSUE18CDC5CE52
TXN50484CA7C3,BB005,A+,RBC,DONATION,1.0,2026-05-22 11:28:00,DONATION0795,,,POSTED,
TXN8CC50ACAB0,BB009,A+,RBC,ISSUE,1.0,2026-05-22 11:36:00,,,,POSTED,ISSUE1805549D2B
TXN0A99E1970A,BB014,O+,Platelets,ISSUE,2.0,2026-05-22 12:21:00,,,,POSTED,ISSUE96A6F5AC3C
TXN28A6A99149,BB005,A+,Plasma,DONATION,1.0,2026-05-22 12:29:00,DONATION0795,,,POSTED,
TXNC8BE864279,BB010,A+,Plasma,ISSUE,2.0,2026-05-22 12:40:00,,,,POSTED,ISSUEE6DB641F7A
TXN825D370498,BB016,O+,RBC,DONATION,1.0,2026-05-22 14:43:00,DONATION0610,,,POSTED,
TXNBF417C0066,BB016,O+,Plasma,DONATION,1.0,2026-05-22 16:21:00,DONATION0610,,,POSTED,
TXNF38C2297A8,BB004,A+,Plasma,DONATION,2.0,2026-05-23 10:08:00,DONATION1232,,,POSTED,
TXNC5A413E223,BB008,A+,Plasma,ISSUE,2.0,2026-05-23 10:34:00,,,,POSTED,ISSUE777A5D466E
TXN79D88C9DC9,BB016,O+,RBC,ISSUE,1.0,2026-05-23 14:16:00,,,,POSTED,ISSUEFA28C9CD07
TXNE38512A278,BB004,A+,RBC,DONATION,2.0,2026-05-23 15:40:00,DONATION1232,,,POSTED,
TXN0A5D043425,BB020,O-,RBC,EXPIRY,1.0,2026-05-23 15:54:00,,,,POSTED,
TXN156282694C,BB014,B+,RBC,ISSUE,2.0,2026-05-24 12:42:00,,,,POSTED,ISSUEA8D08873C0
TXNFDADEC54C3,BB004,B+,Platelets,DONATION,2.0,2026-05-24 14:31:00,DONATION0167,,,POSTED,
TXN9D9E1D99EA,BB004,B+,RBC,DONATION,2.0,2026-05-24 16:00:00,DONATION0167,,,POSTED,
TXN25F6A2416F,BB004,B+,Plasma,DONATION,2.0,2026-05-24 16:12:00,DONATION0167,,,POSTED,
TXN972CB64AB3,BB016,A+,Plasma,ISSUE,3.0,2026-05-25 10:10:00,,,,POSTED,ISSUEF65761755C
TXN51D8454868,BB004,A+,Plasma,ISSUE,1.0,2026-05-25 10:47:00,,,,POSTED,ISSUED09E694B83
TXN2F75F4997E,BB002,AB-,RBC,DONATION,1.0,2026-05-26 10:40:00,DONATION1440,,,POSTED,
TXN397CBA846F,BB015,B+,RBC,DONATION,2.0,2026-05-26 11:22:00,DONATION0971,,,POSTED,
TXND3F793D8CC,BB007,O+,RBC,DONATION,2.0,2026-05-26 12:19:00,DONATION0413,,,POSTED,
TXN48A6645D82,BB010,O+,Plasma,ISSUE,1.0,2026-05-26 13:40:00,,,,POSTED,ISSUE4848F7A01C
TXNFFF238A12E,BB015,B+,Plasma,DONATION,2.0,2026-05-26 14:18:00,DONATION0971,,,POSTED,
TXN6B84DC352B,BB007,O+,Plasma,DONATION,2.0,2026-05-26 15:38:00,DONATION0413,,,POSTED,
TXN42200AA140,BB002,AB-,Plasma,DONATION,1.0,2026-05-26 15:57:00,DONATION1440,,,POSTED,
TXN919E05E614,BB015,B+,Platelets,DONATION,2.0,2026-05-26 16:31:00,DONATION0971,,,POSTED,
TXND5020314FA,BB005,O+,Plasma,DONATION,1.0,2026-05-26 16:33:00,DONATION1385,,,POSTED,
TXN12516CACBB,BB005,O+,RBC,DONATION,1.0,2026-05-26 17:38:00,DONATION1385,,,POSTED,
TXN6D84830F42,BB004,B+,Plasma,ISSUE,3.0,2026-05-26 18:22:00,,,,POSTED,ISSUEAE077F8B50
TXN05B974DB28,BB001,AB+,Plasma,DONATION,1.0,2026-05-27 09:49:00,DONATION0146,,,POSTED,
TXN337528E660,BB008,A+,RBC,ISSUE,1.0,2026-05-27 17:36:00,,,,POSTED,ISSUE062A694D1E
TXN9336B137CC,BB001,AB+,RBC,DONATION,1.0,2026-05-27 17:38:00,DONATION0146,,,POSTED,
TXN7F0595EF54,BB003,O+,Plasma,DONATION,1.0,2026-05-28 08:15:00,DONATION0388,,,POSTED,
TXN7BE3162946,BB016,O+,Plasma,DONATION,2.0,2026-05-28 09:05:00,DONATION0880,,,POSTED,
TXND6AB0F1482,BB003,B+,Plasma,DONATION,1.0,2026-05-28 10:12:00,DONATION1257,,,POSTED,
TXNF1B1B10FFD,BB003,O+,RBC,DONATION,1.0,2026-05-28 12:07:00,DONATION0388,,,POSTED,
TXN6002BCB873,BB016,O+,RBC,DONATION,2.0,2026-05-28 12:20:00,DONATION0880,,,POSTED,
TXNEDDE6EA4B6,BB010,O+,RBC,DONATION,2.0,2026-05-28 12:58:00,DONATION1237,,,POSTED,
TXN2B975BB196,BB010,O+,Plasma,DONATION,2.0,2026-05-28 13:30:00,DONATION1237,,,POSTED,
TXNE4496BB607,BB016,O+,Platelets,DONATION,2.0,2026-05-28 14:35:00,DONATION0880,,,POSTED,
TXND79B55852A,BB003,B+,RBC,DONATION,1.0,2026-05-28 16:30:00,DONATION1257,,,POSTED,
TXNBEFA4B04D5,BB003,O+,Platelets,DONATION,1.0,2026-05-28 17:29:00,DONATION0388,,,POSTED,
TXN27D969EB4F,BB016,A+,Platelets,ISSUE,1.0,2026-05-28 18:45:00,,,,POSTED,ISSUE0E82E55B5C
TXN5309221CD1,BB014,B+,Plasma,DONATION,1.0,2026-05-29 08:42:00,DONATION1233,,,POSTED,
TXNC4640C203D,BB017,O+,RBC,DONATION,1.0,2026-05-29 09:12:00,DONATION0804,,,POSTED,
TXNCB402E3EA1,BB007,O+,Plasma,DONATION,1.0,2026-05-29 09:59:00,DONATION0636,,,POSTED,
TXN676CB73B2F,BB014,B+,RBC,DONATION,1.0,2026-05-29 10:01:00,DONATION1233,,,POSTED,
TXN32BEE64C26,BB010,O+,RBC,DONATION,1.0,2026-05-29 10:31:00,DONATION0677,,,POSTED,
TXN3669772081,BB001,AB+,RBC,ISSUE,1.0,2026-05-29 10:50:00,,,,POSTED,ISSUE872F18218B
TXNA49D57FE48,BB018,A+,Plasma,DONATION,1.0,2026-05-29 11:08:00,DONATION0893,,,POSTED,
TXN4C258AA655,BB007,B+,Platelets,DONATION,1.0,2026-05-29 11:42:00,DONATION0645,,,POSTED,
TXNDA71A722E1,BB014,B+,Platelets,DONATION,1.0,2026-05-29 13:55:00,DONATION1233,,,POSTED,
TXN8DA7964AE3,BB005,A+,Plasma,ISSUE,4.0,2026-05-29 14:11:00,,,,POSTED,ISSUE442A2929F4
TXNE618E216DE,BB007,O+,RBC,DONATION,1.0,2026-05-29 14:23:00,DONATION0636,,,POSTED,
TXN1E78BAAEB0,BB018,A+,Platelets,DONATION,1.0,2026-05-29 15:49:00,DONATION0893,,,POSTED,
TXN11B2320111,BB016,O+,RBC,ISSUE,4.0,2026-05-29 16:04:00,,,,POSTED,ISSUE4665D2F4C4
TXN7D98E1D4B5,BB007,B+,RBC,DONATION,1.0,2026-05-29 16:38:00,DONATION0645,,,POSTED,
TXN3B2A6CE990,BB018,A+,RBC,DONATION,1.0,2026-05-29 18:06:00,DONATION0893,,,POSTED,
TXN309AAE8BD1,BB017,O+,Plasma,DONATION,1.0,2026-05-29 18:28:00,DONATION0804,,,POSTED,
TXNB4C55B407F,BB010,O+,Plasma,DONATION,1.0,2026-05-29 18:34:00,DONATION0677,,,POSTED,
TXNFA472D0D8B,BB007,B+,Plasma,DONATION,1.0,2026-05-29 18:58:00,DONATION0645,,,POSTED,
TXN0E892CE141,BB003,O+,Plasma,ISSUE,1.0,2026-05-30 09:10:00,,,,POSTED,ISSUEB2B2FBB8BE
TXNE0AC9A7D63,BB018,A+,RBC,DONATION,1.0,2026-05-30 09:52:00,DONATION1457,,,POSTED,
TXN08675442E5,BB020,O+,RBC,ISSUE,1.0,2026-05-30 10:09:00,,,,POSTED,ISSUE03323E4C01
TXN8CBFEE9056,BB004,O+,RBC,DONATION,2.0,2026-05-30 15:25:00,DONATION1332,,,POSTED,
TXN34A7A3BD03,BB018,A+,Plasma,DONATION,1.0,2026-05-30 16:43:00,DONATION1457,,,POSTED,
TXNB7C558F1EA,BB004,O+,Platelets,DONATION,2.0,2026-05-30 17:47:00,DONATION1332,,,POSTED,
TXNC0DB121AF3,BB004,O+,Plasma,DONATION,2.0,2026-05-30 18:36:00,DONATION1332,,,POSTED,
TXN5FBA309863,BB010,O+,Plasma,ISSUE,1.0,2026-05-30 18:37:00,,,,POSTED,ISSUE5FC49AE1D5
TXN92A9864611,BB019,A+,Plasma,DONATION,1.0,2026-05-31 08:41:00,DONATION0053,,,POSTED,
TXN4AD28957BA,BB015,B+,Platelets,DONATION,2.0,2026-05-31 09:01:00,DONATION0803,,,POSTED,
TXN987F18168C,BB008,A+,RBC,DONATION,1.0,2026-05-31 09:18:00,DONATION1143,,,POSTED,
TXNCE6A30F5CF,BB017,O+,Plasma,DONATION,1.0,2026-05-31 09:36:00,DONATION1422,,,POSTED,
TXNF4C8D24677,BB013,O+,RBC,DONATION,1.0,2026-05-31 10:42:00,DONATION0394,,,POSTED,
TXNE0ACAE52C3,BB016,O+,Plasma,ISSUE,2.0,2026-05-31 11:29:00,,,,POSTED,ISSUE90C9A81C20
TXNCD27C5D1AD,BB005,A+,RBC,ISSUE,4.0,2026-05-31 12:36:00,,,,POSTED,ISSUE49C90116BA
TXN82FCB7BA28,BB006,A+,Platelets,DONATION,1.0,2026-05-31 13:14:00,DONATION0931,,,POSTED,
TXN1F7948B3ED,BB006,A+,Plasma,DONATION,1.0,2026-05-31 13:41:00,DONATION0931,,,POSTED,
TXNABA292199D,BB019,A+,RBC,DONATION,1.0,2026-05-31 16:06:00,DONATION0053,,,POSTED,
TXNCBF213791B,BB017,O+,RBC,DONATION,1.0,2026-05-31 17:03:00,DONATION1422,,,POSTED,
TXN5EDE4396BD,BB015,B+,Plasma,DONATION,2.0,2026-05-31 17:37:00,DONATION0803,,,POSTED,
TXN99EA4C54F4,BB008,A+,Plasma,DONATION,1.0,2026-05-31 17:56:00,DONATION1143,,,POSTED,
TXNB539D89A0E,BB015,B+,RBC,DONATION,2.0,2026-05-31 18:05:00,DONATION0803,,,POSTED,
TXN5B412FF5CA,BB013,O+,Plasma,DONATION,1.0,2026-05-31 18:05:00,DONATION0394,,,POSTED,
TXN82AAED9318,BB006,A+,RBC,DONATION,1.0,2026-05-31 18:57:00,DONATION0931,,,POSTED,
TXND3DD8D874E,BB005,A+,Plasma,DONATION,2.0,2026-06-01 08:53:00,DONATION0513,,,POSTED,
TXN7B6241BEBD,BB020,O+,RBC,DONATION,2.0,2026-06-01 09:32:00,DONATION1710,,,POSTED,
TXNB8EC0422D8,BB005,A+,RBC,DONATION,2.0,2026-06-01 10:59:00,DONATION0513,,,POSTED,
TXN52EEE61705,BB020,O+,Plasma,DONATION,2.0,2026-06-01 11:49:00,DONATION1710,,,POSTED,
TXN332BEE9E49,BB017,O+,RBC,ISSUE,3.0,2026-06-01 11:50:00,,,,POSTED,ISSUE94030AE50A
TXN86B5CF2E85,BB017,O+,RBC,DONATION,1.0,2026-06-01 13:18:00,DONATION0634,,,POSTED,
TXN815A4C446F,BB005,A+,Platelets,DONATION,2.0,2026-06-01 15:11:00,DONATION0513,,,POSTED,
TXN8C5ADD49E2,BB015,B+,Plasma,ISSUE,2.0,2026-06-01 17:11:00,,,,POSTED,ISSUE056B00FA49
TXN203E99E34F,BB017,O+,Plasma,DONATION,1.0,2026-06-01 18:31:00,DONATION0634,,,POSTED,
TXN46F270A133,BB007,O+,RBC,ISSUE,3.0,2026-06-01 18:43:00,,,,POSTED,ISSUEE79F77F15F
TXN51DF576032,BB020,AB+,Plasma,DONATION,1.0,2026-06-02 08:18:00,DONATION0311,,,POSTED,
TXNA0D5A4C314,BB017,B+,Plasma,DONATION,3.0,2026-06-02 10:40:00,DONATION0258,,,POSTED,
TXNBCFEFC1379,BB008,O+,Plasma,DONATION,1.0,2026-06-02 11:40:00,DONATION1620,,,POSTED,
TXN5C6E6BA1A8,BB008,O+,Platelets,DONATION,1.0,2026-06-02 12:12:00,DONATION1620,,,POSTED,
TXN24F1FC5F24,BB020,AB+,RBC,DONATION,1.0,2026-06-02 14:55:00,DONATION0311,,,POSTED,
TXN6F7991CB26,BB008,O+,RBC,DONATION,1.0,2026-06-02 15:46:00,DONATION1620,,,POSTED,
TXN5220D0BD8C,BB019,A+,RBC,ISSUE,3.0,2026-06-02 16:55:00,,,,POSTED,ISSUEC0C7C2B8A3
TXN0E3532111E,BB017,B+,Platelets,DONATION,3.0,2026-06-02 18:41:00,DONATION0258,,,POSTED,
TXN3A8DA2D0A6,BB017,B+,RBC,DONATION,3.0,2026-06-02 18:43:00,DONATION0258,,,POSTED,
TXN190AE655D7,BB010,A+,Platelets,DONATION,1.0,2026-06-03 08:23:00,DONATION0861,,,POSTED,
TXN9A6848F246,BB016,O+,Platelets,ISSUE,3.0,2026-06-03 10:01:00,,,,POSTED,ISSUEF8F6C27E1B
TXN5387B40525,BB009,O+,Plasma,DONATION,1.0,2026-06-03 11:23:00,DONATION0906,,,POSTED,
TXN59089F05AC,BB001,A+,RBC,DONATION,1.0,2026-06-03 11:43:00,DONATION0111,,,POSTED,
TXN8687E1A564,BB020,O+,Plasma,ISSUE,2.0,2026-06-03 11:58:00,,,,POSTED,ISSUE46CED4FE8D
TXNE143305326,BB018,O+,RBC,DONATION,1.0,2026-06-03 12:13:00,DONATION0107,,,POSTED,
TXNFEF44B2968,BB001,A+,Plasma,DONATION,1.0,2026-06-03 12:14:00,DONATION0111,,,POSTED,
TXN5A3F815512,BB009,O+,RBC,DONATION,1.0,2026-06-03 14:14:00,DONATION0906,,,POSTED,
TXN6932C139B4,BB009,O+,Plasma,DONATION,1.0,2026-06-03 14:21:00,DONATION0906,,,POSTED,
TXN6087A707C3,BB010,A+,RBC,DONATION,1.0,2026-06-03 14:36:00,DONATION0861,,,POSTED,
TXNDB3AAD4FFF,BB018,O+,Plasma,DONATION,1.0,2026-06-03 14:50:00,DONATION0107,,,POSTED,
TXNCCC28D9505,BB009,O+,Platelets,DONATION,1.0,2026-06-03 15:11:00,DONATION0906,,,POSTED,
TXN9727A34008,BB007,B+,Plasma,ISSUE,3.0,2026-06-03 16:28:00,,,,POSTED,ISSUED2CF185134
TXNBCBF05C983,BB010,A+,Plasma,DONATION,1.0,2026-06-03 16:53:00,DONATION0861,,,POSTED,
TXNB7044A5A5D,BB004,B+,RBC,ISSUE,3.0,2026-06-03 17:42:00,,,,POSTED,ISSUE83B84A4E12
TXN6B0B0FFB38,BB009,O+,RBC,DONATION,1.0,2026-06-03 18:01:00,DONATION0906,,,POSTED,
TXN3673287D9F,BB009,O+,Plasma,ISSUE,2.0,2026-06-04 09:20:00,,,,POSTED,ISSUE2800A382D0
TXND770E1A409,BB007,O+,Platelets,DONATION,1.0,2026-06-04 10:18:00,DONATION1250,,,POSTED,
TXNAB3E2FD6B0,BB012,O+,Platelets,DONATION,1.0,2026-06-04 10:30:00,DONATION1509,,,POSTED,
TXN056EC36447,BB007,O+,Plasma,DONATION,1.0,2026-06-04 11:54:00,DONATION1250,,,POSTED,
TXN9665C7F67F,BB007,O+,RBC,DONATION,1.0,2026-06-04 12:26:00,DONATION1250,,,POSTED,
TXN6E37B07570,BB010,A+,Platelets,ISSUE,1.0,2026-06-04 13:05:00,,,,POSTED,ISSUE2308076CEF
TXN808CFE1E60,BB012,O+,RBC,DONATION,1.0,2026-06-04 14:24:00,DONATION1509,,,POSTED,
TXNA14D04CEA5,BB012,O+,Plasma,DONATION,1.0,2026-06-04 14:34:00,DONATION1509,,,POSTED,
TXNF728BD7E9A,BB003,O+,Platelets,ISSUE,1.0,2026-06-05 08:22:00,,,,POSTED,ISSUE94876C912A
TXN760D69C38B,BB011,O+,RBC,DONATION,1.0,2026-06-05 11:46:00,DONATION0778,,,POSTED,
TXN8778EFDEB8,BB018,O+,RBC,DONATION,1.0,2026-06-05 13:23:00,DONATION1417,,,POSTED,
TXN654268E14F,BB018,O+,Plasma,DONATION,1.0,2026-06-05 14:52:00,DONATION1417,,,POSTED,
TXNEC75E4A207,BB018,O+,Platelets,DONATION,1.0,2026-06-05 14:53:00,DONATION1417,,,POSTED,
TXN6DA36ADD4B,BB015,A+,RBC,DONATION,1.0,2026-06-05 15:01:00,DONATION1570,,,POSTED,
TXNAE74313737,BB015,A+,Plasma,DONATION,1.0,2026-06-05 15:09:00,DONATION1570,,,POSTED,
TXN605A46A6C1,BB018,O+,Plasma,ISSUE,2.0,2026-06-05 16:09:00,,,,POSTED,ISSUED2CAFAF990
TXNE669239896,BB011,O+,Plasma,DONATION,1.0,2026-06-05 16:48:00,DONATION0778,,,POSTED,
TXN8632BD14D8,BB009,A+,RBC,DONATION,2.0,2026-06-06 08:57:00,DONATION0819,,,POSTED,
TXN7C786DEFEE,BB006,A+,Platelets,ISSUE,1.0,2026-06-06 10:59:00,,,,POSTED,ISSUE67BE95E395
TXN7C33B5BF6F,BB010,A+,RBC,ISSUE,2.0,2026-06-06 11:14:00,,,,POSTED,ISSUE28A5F96B04
TXNABB0A9B743,BB009,A+,Plasma,DONATION,2.0,2026-06-06 12:03:00,DONATION0819,,,POSTED,
TXNE20E4F5A8F,BB017,B+,RBC,ISSUE,5.0,2026-06-06 12:45:00,,,,POSTED,ISSUEB5C03D9C95
TXNB3AAC16A37,BB012,A+,RBC,DONATION,2.0,2026-06-06 15:07:00,DONATION1575,,,POSTED,
TXN16F542B705,BB015,A+,RBC,ISSUE,2.0,2026-06-06 17:28:00,,,,POSTED,ISSUEC6DDD9466F
TXNC688C8AF31,BB013,O+,RBC,ISSUE,2.0,2026-06-06 17:32:00,,,,POSTED,ISSUEC3B3820BB3
TXNA152D72157,BB012,A+,Plasma,DONATION,2.0,2026-06-06 17:34:00,DONATION1575,,,POSTED,
TXNDFBB7527E6,BB005,B+,RBC,DONATION,1.0,2026-06-07 08:33:00,DONATION1017,,,POSTED,
TXN5A9B6C3941,BB005,B+,Plasma,DONATION,1.0,2026-06-07 08:35:00,DONATION1017,,,POSTED,
TXNC428C6477E,BB003,B+,Plasma,ISSUE,2.0,2026-06-07 09:06:00,,,,POSTED,ISSUEFD154EBBC5
TXN84505240D7,BB003,B+,Platelets,DONATION,2.0,2026-06-07 09:09:00,DONATION0747,,,POSTED,
TXN1CA6554B7E,BB003,B+,Plasma,DONATION,2.0,2026-06-07 10:11:00,DONATION0747,,,POSTED,
TXN7D8BE47E1C,BB003,B+,RBC,DONATION,2.0,2026-06-07 10:18:00,DONATION0747,,,POSTED,
TXN935FECBAB8,BB015,B+,Plasma,ISSUE,2.0,2026-06-07 10:49:00,,,,POSTED,ISSUE1B0933D67A
TXNB6B8476218,BB001,A+,Plasma,ISSUE,1.0,2026-06-07 11:45:00,,,,POSTED,ISSUEB0B4883DE0
TXNB4ACC7B9FF,BB004,O+,Platelets,ISSUE,2.0,2026-06-07 13:39:00,,,,POSTED,ISSUEDBE5462BBC
TXN9124C99874,BB010,O+,Plasma,ISSUE,2.0,2026-06-07 14:30:00,,,,POSTED,ISSUECEBB71FEC9
TXN6AB4F5B2F1,BB003,B+,Platelets,DONATION,2.0,2026-06-07 14:46:00,DONATION0747,,,POSTED,
TXN0CAA2614E9,BB020,AB+,RBC,ISSUE,1.0,2026-06-07 14:47:00,,,,POSTED,ISSUEE75F36280F
TXN2D3900BE84,BB007,A+,RBC,DONATION,2.0,2026-06-07 15:06:00,DONATION1779,,,POSTED,
TXNE75A60A4D5,BB018,A+,RBC,ISSUE,2.0,2026-06-07 16:36:00,,,,POSTED,ISSUE844C6082A5
TXN008D7AF15F,BB007,A+,Platelets,DONATION,2.0,2026-06-07 16:51:00,DONATION1779,,,POSTED,
TXNB8CCCA13C2,BB008,A+,Platelets,DONATION,1.0,2026-06-07 17:24:00,DONATION0986,,,POSTED,
TXN2785C1E98F,BB008,A+,RBC,DONATION,1.0,2026-06-07 17:30:00,DONATION0986,,,POSTED,
TXN14779E08ED,BB008,A+,Plasma,DONATION,1.0,2026-06-07 17:43:00,DONATION0986,,,POSTED,
TXN6C30C1FDA4,BB003,B+,Plasma,DONATION,2.0,2026-06-07 18:04:00,DONATION0747,,,POSTED,
TXN46F46E4D43,BB007,A+,Plasma,DONATION,2.0,2026-06-07 18:13:00,DONATION1779,,,POSTED,
TXN75302A29B0,BB006,A+,Plasma,ISSUE,2.0,2026-06-07 18:33:00,,,,POSTED,ISSUEEACDF7E5BD
TXN119A76AED7,BB003,B+,RBC,DONATION,2.0,2026-06-07 18:43:00,DONATION0747,,,POSTED,
TXNEEF0348C25,BB005,B+,RBC,ISSUE,2.0,2026-06-08 09:19:00,,,,POSTED,ISSUE3CBD28A182
TXN2E7F757FA6,BB014,B+,RBC,ISSUE,2.0,2026-06-08 09:28:00,,,,POSTED,ISSUE88A69DA7F3
TXN530105EE6D,BB009,O-,RBC,DONATION,1.0,2026-06-09 08:26:00,DONATION1403,,,POSTED,
TXNAC897FC8FE,BB019,AB+,RBC,DONATION,1.0,2026-06-09 09:29:00,DONATION1903,,,POSTED,
TXN34320C3818,BB009,O-,Plasma,DONATION,1.0,2026-06-09 12:19:00,DONATION1403,,,POSTED,
TXN162917BDCF,BB004,O+,Plasma,ISSUE,1.0,2026-06-09 13:06:00,,,,POSTED,ISSUE977BB4549A
TXNCD0F433C75,BB011,O+,Plasma,ISSUE,3.0,2026-06-09 14:38:00,,,,POSTED,ISSUECB6C1329FB
TXNEB3337A74A,BB019,AB+,Plasma,DONATION,1.0,2026-06-09 18:46:00,DONATION1903,,,POSTED,
TXN2570EA5827,BB003,AB+,Plasma,DONATION,1.0,2026-06-10 08:07:00,DONATION0057,,,POSTED,
TXN2A9B6A7DC8,BB004,B+,Plasma,DONATION,1.0,2026-06-10 08:10:00,DONATION0055,,,POSTED,
TXN24CD34903E,BB012,O+,Platelets,DONATION,1.0,2026-06-10 08:15:00,DONATION0759,,,POSTED,
TXNF5D6CCB9E1,BB012,O+,RBC,DONATION,1.0,2026-06-10 09:14:00,DONATION0759,,,POSTED,
TXNF28B40D586,BB011,A+,Plasma,DONATION,1.0,2026-06-10 09:25:00,DONATION1266,,,POSTED,
TXN5717ADDF23,BB003,AB+,Platelets,DONATION,1.0,2026-06-10 11:03:00,DONATION0057,,,POSTED,
TXNA31160F99D,BB008,A+,Plasma,ISSUE,1.0,2026-06-10 12:16:00,,,,POSTED,ISSUE709AD1D7C2
TXN5570B16BB1,BB011,A+,RBC,DONATION,1.0,2026-06-10 12:37:00,DONATION1266,,,POSTED,
TXN600D0412DD,BB004,B+,Platelets,DONATION,1.0,2026-06-10 14:16:00,DONATION0055,,,POSTED,
TXN71DF61D2B8,BB004,B+,RBC,DONATION,1.0,2026-06-10 14:57:00,DONATION0055,,,POSTED,
TXNA79F3823D6,BB003,AB+,Plasma,DONATION,1.0,2026-06-10 15:09:00,DONATION0057,,,POSTED,
TXN5B4CD46B65,BB012,O+,Plasma,DONATION,1.0,2026-06-10 16:00:00,DONATION0759,,,POSTED,
TXN7D0AC4C82C,BB003,AB+,RBC,DONATION,1.0,2026-06-10 16:42:00,DONATION0057,,,POSTED,
TXN3EE2EEB19B,BB003,AB+,RBC,DONATION,1.0,2026-06-10 16:57:00,DONATION0057,,,POSTED,
TXN3D11E5AFD2,BB004,O+,RBC,DONATION,1.0,2026-06-11 08:14:00,DONATION0914,,,POSTED,
TXND6378031F0,BB018,O+,Platelets,DONATION,1.0,2026-06-11 08:35:00,DONATION1358,,,POSTED,
TXN34AD38642F,BB018,O+,RBC,DONATION,1.0,2026-06-11 08:40:00,DONATION1358,,,POSTED,
TXN8084F9A5B5,BB005,O+,Plasma,DONATION,2.0,2026-06-11 09:24:00,DONATION0097,,,POSTED,
TXNB6847AEAE7,BB016,A+,Platelets,DONATION,2.0,2026-06-11 10:47:00,DONATION0087,,,POSTED,
TXN8093D9578D,BB016,A+,RBC,DONATION,2.0,2026-06-11 10:51:00,DONATION0087,,,POSTED,
TXN4FE37FE8BB,BB016,A+,Plasma,DONATION,2.0,2026-06-11 10:56:00,DONATION0087,,,POSTED,
TXNADDA1E0E6D,BB017,O+,RBC,ISSUE,2.0,2026-06-11 11:35:00,,,,POSTED,ISSUE961201A30F
TXN55FBC4B3EB,BB004,O+,Plasma,DONATION,1.0,2026-06-11 12:38:00,DONATION0914,,,POSTED,
TXNDA8F8884D4,BB018,O+,Plasma,DONATION,1.0,2026-06-11 12:56:00,DONATION1358,,,POSTED,
TXN5A8DD47AFD,BB006,O+,RBC,DONATION,1.0,2026-06-11 13:58:00,DONATION1028,,,POSTED,
TXNA0771D3EE4,BB003,AB+,Plasma,ISSUE,1.0,2026-06-11 15:37:00,,,,POSTED,ISSUE4388023CC1
TXN6C7B0AF90F,BB011,AB+,Plasma,EXPIRY,1.0,2026-06-11 16:43:00,,,,POSTED,
TXNDF6BA6A378,BB005,O+,RBC,DONATION,2.0,2026-06-11 17:32:00,DONATION0097,,,POSTED,
TXN52D053402D,BB006,O+,Plasma,DONATION,1.0,2026-06-11 18:08:00,DONATION1028,,,POSTED,
TXNAD1B393CF9,BB008,A+,Platelets,DONATION,1.0,2026-06-12 09:02:00,DONATION0011,,,POSTED,
TXNEC262622AE,BB017,O+,RBC,DONATION,1.0,2026-06-12 09:32:00,DONATION0355,,,POSTED,
TXNBD0A7B4F68,BB003,AB+,Plasma,ISSUE,1.0,2026-06-12 10:26:00,,,,POSTED,ISSUEDD693091B5
TXN6371A25899,BB008,A+,Plasma,ISSUE,2.0,2026-06-12 10:38:00,,,,POSTED,ISSUE055CFD164C
TXN19EC17686D,BB015,A+,Plasma,ISSUE,2.0,2026-06-12 12:24:00,,,,POSTED,ISSUE716EA868B6
TXNF56CAD2C88,BB007,A+,RBC,ISSUE,2.0,2026-06-12 13:29:00,,,,POSTED,ISSUEABEB0D89ED
TXN9A580A697B,BB008,A+,Plasma,DONATION,1.0,2026-06-12 13:36:00,DONATION0011,,,POSTED,
TXN29415900BE,BB017,O+,Platelets,DONATION,1.0,2026-06-12 15:28:00,DONATION0355,,,POSTED,
TXN7B8F723773,BB003,B+,Platelets,ISSUE,1.0,2026-06-12 18:10:00,,,,POSTED,ISSUE98133B0851
TXN1870D3A5CA,BB017,O+,Plasma,DONATION,1.0,2026-06-12 18:11:00,DONATION0355,,,POSTED,
TXN941B69F724,BB008,A+,RBC,DONATION,1.0,2026-06-12 18:39:00,DONATION0011,,,POSTED,
TXN500D197836,BB006,O+,RBC,DONATION,1.0,2026-06-13 09:42:00,DONATION1123,,,POSTED,
TXN638932F39A,BB004,A-,Plasma,DONATION,1.0,2026-06-13 11:08:00,DONATION0023,,,POSTED,
TXN75593B383E,BB006,O+,Plasma,DONATION,1.0,2026-06-13 11:26:00,DONATION1123,,,POSTED,
TXNB06721A44C,BB012,O+,Plasma,ISSUE,3.0,2026-06-13 13:02:00,,,,POSTED,ISSUE3171B6CED2
TXNDA4F9F3C67,BB004,A-,RBC,DONATION,1.0,2026-06-13 14:23:00,DONATION0023,,,POSTED,
TXN5D6299E99D,BB015,A+,RBC,DONATION,2.0,2026-06-14 11:20:00,DONATION0635,,,POSTED,
TXN74E30F0A41,BB013,O+,RBC,DONATION,2.0,2026-06-14 13:37:00,DONATION1117,,,POSTED,
TXN5B6D42D39B,BB015,A+,Plasma,DONATION,2.0,2026-06-14 14:17:00,DONATION0635,,,POSTED,
TXN3BE392BF1A,BB006,O+,Plasma,ISSUE,2.0,2026-06-14 17:55:00,,,,POSTED,ISSUE67CA33AD27
TXN5A1DCF6661,BB013,O+,Plasma,DONATION,2.0,2026-06-14 18:57:00,DONATION1117,,,POSTED,
TXNA7F5A3653D,BB008,A+,RBC,DONATION,2.0,2026-06-15 08:05:00,DONATION0077,,,POSTED,
TXND669D8C400,BB018,O+,Platelets,ISSUE,1.0,2026-06-15 10:19:00,,,,POSTED,ISSUE1CF588F91B
TXN8CC1DBA962,BB018,A+,RBC,DONATION,1.0,2026-06-15 10:52:00,DONATION1722,,,POSTED,
TXN3DC85C6443,BB016,A+,RBC,DONATION,2.0,2026-06-15 13:57:00,DONATION1827,,,POSTED,
TXN8260B3A23C,BB012,O+,Platelets,ISSUE,1.0,2026-06-15 14:45:00,,,,POSTED,ISSUE825EA98D20
TXN399F13E9B9,BB020,O+,RBC,DONATION,1.0,2026-06-15 15:47:00,DONATION1925,,,POSTED,
TXNBA5874A8C5,BB018,A+,Plasma,DONATION,1.0,2026-06-15 15:56:00,DONATION1722,,,POSTED,
TXN781B09C5C6,BB004,O+,Plasma,ISSUE,3.0,2026-06-15 17:26:00,,,,POSTED,ISSUECFE271F332
TXNAE7543307C,BB020,O+,Plasma,DONATION,1.0,2026-06-15 17:38:00,DONATION1925,,,POSTED,
TXN003FE3BE99,BB016,A+,Plasma,DONATION,2.0,2026-06-15 18:07:00,DONATION1827,,,POSTED,
TXN89B493F302,BB008,A+,Plasma,DONATION,2.0,2026-06-15 18:27:00,DONATION0077,,,POSTED,
TXN4647C350F9,BB009,O+,RBC,DONATION,1.0,2026-06-16 08:21:00,DONATION1860,,,POSTED,
TXN70B56736B2,BB008,A+,RBC,DONATION,2.0,2026-06-16 08:21:00,DONATION0828,,,POSTED,
TXN7B825C6B5E,BB008,B+,Plasma,DONATION,1.0,2026-06-16 09:45:00,DONATION0378,,,POSTED,
TXNF886025920,BB008,A+,Platelets,DONATION,1.0,2026-06-16 10:04:00,DONATION0626,,,POSTED,
TXN287C78CE86,BB008,A+,RBC,DONATION,1.0,2026-06-16 10:08:00,DONATION0626,,,POSTED,
TXN4CEB9074D7,BB009,O+,Plasma,DONATION,1.0,2026-06-16 11:30:00,DONATION1860,,,POSTED,
TXN06EBA82FD4,BB008,A+,Plasma,DONATION,1.0,2026-06-16 12:19:00,DONATION0626,,,POSTED,
TXN4E789B53CF,BB006,O+,Plasma,ISSUE,1.0,2026-06-16 13:58:00,,,,POSTED,ISSUE16CABE8414
TXNBB35EA28B7,BB013,A-,Plasma,EXPIRY,1.0,2026-06-16 14:29:00,,,,POSTED,
TXN7CE4D4996F,BB008,B+,RBC,DONATION,1.0,2026-06-16 16:59:00,DONATION0378,,,POSTED,
TXNDA97E73457,BB008,A+,Plasma,DONATION,2.0,2026-06-16 17:12:00,DONATION0828,,,POSTED,
TXN8111C2740F,BB001,B-,Plasma,DONATION,1.0,2026-06-17 09:09:00,DONATION1148,,,POSTED,
TXN4EAEE5F364,BB008,A+,RBC,ISSUE,1.0,2026-06-17 10:03:00,,,,POSTED,ISSUE365ECA1DB1
TXN974397CF1E,BB007,A+,RBC,DONATION,2.0,2026-06-17 10:55:00,DONATION1657,,,POSTED,
TXN702331B8C8,BB014,B+,Plasma,DONATION,2.0,2026-06-17 11:09:00,DONATION1122,,,POSTED,
TXNA55760DB0E,BB007,A+,Plasma,DONATION,2.0,2026-06-17 11:33:00,DONATION1657,,,POSTED,
TXN9BDA8B6EAF,BB015,A+,RBC,DONATION,2.0,2026-06-17 11:59:00,DONATION1619,,,POSTED,
TXN4A03E45B6A,BB015,A+,Plasma,ISSUE,3.0,2026-06-17 12:36:00,,,,POSTED,ISSUEEB9DF70AFB
TXND502CE2D82,BB010,O+,Platelets,DONATION,1.0,2026-06-17 13:07:00,DONATION0209,,,POSTED,
TXN26B6004FB5,BB015,A+,Platelets,DONATION,2.0,2026-06-17 13:08:00,DONATION1619,,,POSTED,
TXN6AE5F636BF,BB014,B+,Platelets,DONATION,2.0,2026-06-17 13:38:00,DONATION1122,,,POSTED,
TXN0F949964F4,BB001,B-,RBC,DONATION,1.0,2026-06-17 14:23:00,DONATION1148,,,POSTED,
TXN77600072BB,BB010,O+,Plasma,DONATION,1.0,2026-06-17 15:05:00,DONATION0209,,,POSTED,
TXNF9A9FA7041,BB010,O+,RBC,DONATION,1.0,2026-06-17 16:02:00,DONATION0209,,,POSTED,
TXN760DF6B96F,BB001,B-,Platelets,DONATION,1.0,2026-06-17 17:16:00,DONATION1148,,,POSTED,
TXN1578362F27,BB015,A+,Plasma,DONATION,2.0,2026-06-17 17:29:00,DONATION1619,,,POSTED,
TXN9DE2C024B4,BB014,B+,RBC,DONATION,2.0,2026-06-17 18:17:00,DONATION1122,,,POSTED,
TXN8AC39A9334,BB012,O+,RBC,ISSUE,1.0,2026-06-18 08:53:00,,,,POSTED,ISSUE56F6A027EC
TXNF1EC4D1ACB,BB008,O+,RBC,DONATION,2.0,2026-06-18 09:07:00,DONATION0391,,,POSTED,
TXN3D70862815,BB009,O-,RBC,ISSUE,1.0,2026-06-18 11:23:00,,,,POSTED,ISSUEE5A5420EB9
TXNC50E32C5E2,BB009,O+,RBC,DONATION,1.0,2026-06-18 11:53:00,DONATION1662,,,POSTED,
TXN1CD7538C72,BB008,O+,Plasma,DONATION,2.0,2026-06-18 15:38:00,DONATION0391,,,POSTED,
TXNF0DA8ED168,BB004,B+,Plasma,DONATION,2.0,2026-06-18 16:13:00,DONATION1420,,,POSTED,
TXN3650E15108,BB004,B+,RBC,DONATION,2.0,2026-06-18 16:26:00,DONATION1420,,,POSTED,
TXN9475C9A9D1,BB009,O+,Plasma,DONATION,1.0,2026-06-18 16:41:00,DONATION1662,,,POSTED,
TXN9FD6D984F1,BB009,O+,Platelets,DONATION,1.0,2026-06-18 17:21:00,DONATION1662,,,POSTED,
TXN79272929D3,BB006,O+,RBC,ISSUE,2.0,2026-06-18 18:15:00,,,,POSTED,ISSUE6359C6034F
TXNB5A670FC7C,BB017,O+,RBC,ISSUE,7.0,2026-06-19 14:51:00,,,,POSTED,ISSUE79A947FE35
TXNF4096F01D0,BB020,B+,RBC,DONATION,1.0,2026-06-20 08:20:00,DONATION0406,,,POSTED,
TXN5DEBA3265F,BB001,O+,Plasma,DONATION,1.0,2026-06-20 10:16:00,DONATION1843,,,POSTED,
TXN15796C4AC8,BB004,B+,RBC,ISSUE,2.0,2026-06-20 11:17:00,,,,POSTED,ISSUE70546CE10C
TXN16019A836A,BB020,B+,Plasma,DONATION,1.0,2026-06-20 12:32:00,DONATION0406,,,POSTED,
TXNC1E1A53386,BB008,A+,RBC,ISSUE,9.0,2026-06-20 14:04:00,,,,POSTED,ISSUE44024FD3FD
TXN15D297F277,BB008,A+,Plasma,DONATION,2.0,2026-06-20 15:26:00,DONATION0812,,,POSTED,
TXNC16AD037F9,BB001,O+,RBC,DONATION,1.0,2026-06-20 15:55:00,DONATION1843,,,POSTED,
TXNEA3F525C38,BB020,B+,Platelets,DONATION,1.0,2026-06-20 16:30:00,DONATION0406,,,POSTED,
TXN19DD4DFE95,BB001,O+,Platelets,DONATION,1.0,2026-06-20 17:52:00,DONATION1843,,,POSTED,
TXNCFD55398B1,BB008,A+,RBC,DONATION,2.0,2026-06-20 18:18:00,DONATION0812,,,POSTED,
TXN20CAF9CC8E,BB014,B+,RBC,ISSUE,2.0,2026-06-21 10:02:00,,,,POSTED,ISSUECD922A53EA
TXNCBB514D954,BB010,O+,Platelets,DONATION,2.0,2026-06-21 11:18:00,DONATION0193,,,POSTED,
TXNCF8C24AE2F,BB009,A-,Plasma,DONATION,1.0,2026-06-21 14:40:00,DONATION0903,,,POSTED,
TXN10557C72DD,BB017,O+,Platelets,ISSUE,3.0,2026-06-21 14:45:00,,,,POSTED,ISSUE1AA10CE4B9
TXN0BB973329D,BB009,A-,RBC,DONATION,1.0,2026-06-21 15:32:00,DONATION0903,,,POSTED,
TXNE4D1806085,BB010,O+,RBC,DONATION,2.0,2026-06-21 15:44:00,DONATION0193,,,POSTED,
TXN1166E53A7A,BB010,O+,Plasma,DONATION,2.0,2026-06-21 17:30:00,DONATION0193,,,POSTED,
TXNABBDC512F2,BB009,O+,RBC,DONATION,1.0,2026-06-22 12:10:00,DONATION1707,,,POSTED,
TXN71CDD05E64,BB017,B-,Plasma,DONATION,1.0,2026-06-22 13:28:00,DONATION0631,,,POSTED,
TXN179891BD1A,BB009,O+,RBC,ISSUE,1.0,2026-06-22 13:59:00,,,,POSTED,ISSUEBCDB08B24E
TXN737CEC5140,BB010,O+,Platelets,ISSUE,3.0,2026-06-22 14:46:00,,,,POSTED,ISSUE3800B27CF6
TXNEF46CCA76A,BB009,O+,Platelets,DONATION,1.0,2026-06-22 15:56:00,DONATION1707,,,POSTED,
TXNE3BDC7F462,BB009,O+,Plasma,DONATION,1.0,2026-06-22 17:03:00,DONATION1707,,,POSTED,
TXNA46983FC18,BB017,B-,RBC,DONATION,1.0,2026-06-22 17:24:00,DONATION0631,,,POSTED,
TXNEE2797DF5F,BB017,B-,Platelets,DONATION,1.0,2026-06-22 18:38:00,DONATION0631,,,POSTED,
TXNA705ECCCB9,BB018,A+,Plasma,ISSUE,1.0,2026-06-22 18:54:00,,,,POSTED,ISSUEE6A2CC0C63
TXNFEDD685552,BB011,B-,RBC,DONATION,2.0,2026-06-23 09:53:00,DONATION1256,,,POSTED,
TXN0DFDDEF526,BB013,B-,RBC,DONATION,1.0,2026-06-23 09:58:00,DONATION0538,,,POSTED,
TXN4EE049AFD1,BB011,B-,Plasma,DONATION,2.0,2026-06-23 10:03:00,DONATION1256,,,POSTED,
TXNA4E4E9B0FF,BB011,B-,Platelets,DONATION,2.0,2026-06-23 14:04:00,DONATION1256,,,POSTED,
TXN2966DE5F7C,BB013,B-,Platelets,DONATION,1.0,2026-06-23 16:57:00,DONATION0538,,,POSTED,
TXND6E2BCE483,BB013,B-,Plasma,DONATION,1.0,2026-06-23 17:07:00,DONATION0538,,,POSTED,
TXN698B2D3CF8,BB004,A-,Plasma,DONATION,1.0,2026-06-23 17:15:00,DONATION0392,,,POSTED,
TXN385C5EE1D1,BB004,A-,RBC,DONATION,1.0,2026-06-23 18:32:00,DONATION0392,,,POSTED,
TXN632F1A53F6,BB006,O+,Platelets,DONATION,1.0,2026-06-24 11:26:00,DONATION0303,,,POSTED,
TXN09FF7DF626,BB006,O+,Plasma,DONATION,1.0,2026-06-24 11:27:00,DONATION0303,,,POSTED,
TXN6BBA9AC8F9,BB008,A+,Plasma,ISSUE,8.0,2026-06-24 15:04:00,,,,POSTED,ISSUE9C5C6F1185
TXN04780DE8B0,BB006,O+,RBC,DONATION,1.0,2026-06-24 16:46:00,DONATION0303,,,POSTED,
TXN4B8650773D,BB008,A+,RBC,ISSUE,2.0,2026-06-24 17:11:00,,,,POSTED,ISSUE5811755FE6
TXN6E385987AC,BB013,B+,RBC,DONATION,1.0,2026-06-24 17:34:00,DONATION1640,,,POSTED,
TXN6150151AA8,BB013,B+,Plasma,DONATION,1.0,2026-06-24 17:50:00,DONATION1640,,,POSTED,
TXN5B13C53A69,BB013,B+,Platelets,DONATION,1.0,2026-06-24 18:05:00,DONATION1640,,,POSTED,
TXNFB1DE13B94,BB015,A+,RBC,DONATION,1.0,2026-06-25 08:13:00,DONATION0718,,,POSTED,
TXN27727331C8,BB012,AB+,Plasma,DONATION,1.0,2026-06-25 09:45:00,DONATION1784,,,POSTED,
TXNCCC0C328C7,BB015,A+,Platelets,DONATION,1.0,2026-06-25 11:33:00,DONATION0718,,,POSTED,
TXNAB2F930E46,BB012,AB+,RBC,DONATION,1.0,2026-06-25 11:39:00,DONATION1784,,,POSTED,
TXNF4C85A88D7,BB004,O+,Plasma,DONATION,1.0,2026-06-25 14:22:00,DONATION0850,,,POSTED,
TXN6F0446A764,BB015,A+,Plasma,DONATION,1.0,2026-06-25 15:04:00,DONATION0718,,,POSTED,
TXNC4A268E402,BB004,O+,RBC,DONATION,1.0,2026-06-25 15:56:00,DONATION0850,,,POSTED,
TXN8DC677450D,BB010,O+,Plasma,ISSUE,5.0,2026-06-25 16:09:00,,,,POSTED,ISSUEDE6319228F
TXN28C6939FC4,BB008,A+,Platelets,ISSUE,3.0,2026-06-25 17:52:00,,,,POSTED,ISSUEC4A4B1DAEB
TXNC0579DC80D,BB017,O+,RBC,DONATION,1.0,2026-06-26 09:22:00,DONATION1483,,,POSTED,
TXNCA12D41490,BB013,B+,Plasma,ISSUE,2.0,2026-06-26 10:46:00,,,,POSTED,ISSUEEBC366622D
TXNB2DBF56C1B,BB001,O+,Plasma,ISSUE,3.0,2026-06-26 13:34:00,,,,POSTED,ISSUE0594B9ED1F
TXN2F69979011,BB009,O+,Platelets,DONATION,1.0,2026-06-26 13:50:00,DONATION0650,,,POSTED,
TXN95BDA20FD6,BB017,O+,Plasma,DONATION,1.0,2026-06-26 15:29:00,DONATION1483,,,POSTED,
TXN2733B4A980,BB009,O+,RBC,DONATION,1.0,2026-06-26 17:41:00,DONATION0650,,,POSTED,
TXN22F85BAA58,BB009,O+,Plasma,DONATION,1.0,2026-06-26 18:41:00,DONATION0650,,,POSTED,
TXN8A43C9C6B9,BB010,O+,RBC,ISSUE,4.0,2026-06-27 11:28:00,,,,POSTED,ISSUE4BFFACC1BD
TXNEAFFE4C419,BB007,B+,RBC,DONATION,1.0,2026-06-27 12:33:00,DONATION1868,,,POSTED,
TXNDCCDF5EAB9,BB007,B+,Plasma,DONATION,1.0,2026-06-27 13:27:00,DONATION1868,,,POSTED,
TXN271106CE69,BB004,O+,Platelets,DONATION,1.0,2026-06-27 15:46:00,DONATION1455,,,POSTED,
TXN635EC26E71,BB004,O+,RBC,DONATION,1.0,2026-06-27 15:57:00,DONATION1455,,,POSTED,
TXN1C038BD62B,BB004,O+,Plasma,DONATION,1.0,2026-06-27 16:09:00,DONATION1455,,,POSTED,
TXN935601B6CE,BB004,B+,RBC,ISSUE,1.0,2026-06-27 17:53:00,,,,POSTED,ISSUEBD7FFDFBEF
TXNF49FD85AAE,BB013,B-,Platelets,EXPIRY,1.0,2026-06-28 12:17:00,,,,POSTED,
TXN2EF1EC11A8,BB014,O-,Plasma,DONATION,2.0,2026-06-28 12:54:00,DONATION1797,,,POSTED,
TXN5C29E18C74,BB009,O+,RBC,ISSUE,2.0,2026-06-28 13:31:00,,,,POSTED,ISSUE532250ACAC
TXN3A422D87C6,BB008,A+,Plasma,ISSUE,3.0,2026-06-28 13:38:00,,,,POSTED,ISSUE0B8DD308A8
TXN8191F133EA,BB014,O-,Platelets,DONATION,2.0,2026-06-28 13:55:00,DONATION1797,,,POSTED,
TXN2DAE6A9D1A,BB014,O-,RBC,DONATION,2.0,2026-06-28 18:48:00,DONATION1797,,,POSTED,
TXN880C23AF87,BB004,A-,Plasma,ISSUE,1.0,2026-06-29 08:20:00,,,,POSTED,ISSUE82A2E64E46
TXN909253B85F,BB012,AB+,RBC,ISSUE,1.0,2026-06-29 09:58:00,,,,POSTED,ISSUE9D7BDC89B8
TXN913DD91A1A,BB009,O+,Platelets,ISSUE,1.0,2026-06-29 12:16:00,,,,POSTED,ISSUEC9D42922E5
TXNE88D89C8BF,BB019,O+,RBC,DONATION,2.0,2026-06-29 17:37:00,DONATION0222,,,POSTED,
TXN649DAEE92F,BB019,O+,Plasma,DONATION,2.0,2026-06-29 18:31:00,DONATION0222,,,POSTED,
TXN427BF87CE2,BB009,A-,Plasma,ISSUE,2.0,2026-06-29 18:45:00,,,,POSTED,ISSUE05F6491AF4
TXN0217433B23,BB014,O-,Plasma,ISSUE,3.0,2026-06-30 08:01:00,,,,POSTED,ISSUE04F173471C
TXNFF64FCEC53,BB003,B+,RBC,DONATION,1.0,2026-06-30 08:18:00,DONATION0497,,,POSTED,
TXNE6B73D2E45,BB015,O+,RBC,DONATION,1.0,2026-06-30 08:25:00,DONATION0768,,,POSTED,
TXN71AACF08A9,BB003,B+,Plasma,DONATION,1.0,2026-06-30 09:22:00,DONATION0497,,,POSTED,
TXN0479C18C95,BB015,O+,Plasma,DONATION,1.0,2026-06-30 09:56:00,DONATION0768,,,POSTED,
TXN07727BB14A,BB015,O+,Platelets,DONATION,1.0,2026-06-30 12:49:00,DONATION0768,,,POSTED,
TXN298B6567F5,BB013,O+,RBC,DONATION,1.0,2026-06-30 16:16:00,DONATION1761,,,POSTED,
TXN64558F6641,BB013,O+,Plasma,DONATION,1.0,2026-06-30 16:21:00,DONATION1761,,,POSTED,
TXN4C1A4CD1AD,BB017,B-,Plasma,ISSUE,1.0,2026-07-01 09:12:00,,,,POSTED,ISSUEC74B017551
TXNC30DD4BC98,BB013,O+,RBC,ISSUE,1.0,2026-07-01 09:34:00,,,,POSTED,ISSUEE9EB3723B5
TXN79A38E5CDC,BB004,B-,Platelets,DONATION,1.0,2026-07-01 09:43:00,DONATION0878,,,POSTED,
TXN27BC3BED6E,BB004,B-,RBC,DONATION,1.0,2026-07-01 10:13:00,DONATION0878,,,POSTED,
TXN6033457C47,BB019,O+,RBC,DONATION,1.0,2026-07-01 10:44:00,DONATION1970,,,POSTED,
TXN04E536BA02,BB005,A+,Plasma,DONATION,1.0,2026-07-01 10:58:00,DONATION0829,,,POSTED,
TXN709AB732F2,BB004,B-,Plasma,DONATION,1.0,2026-07-01 11:08:00,DONATION0878,,,POSTED,
TXNB83508AF7A,BB005,A+,RBC,DONATION,1.0,2026-07-01 13:45:00,DONATION0829,,,POSTED,
TXN742A2A2912,BB019,O+,Plasma,DONATION,1.0,2026-07-01 14:28:00,DONATION1970,,,POSTED,
TXN343B8C855C,BB014,O-,Platelets,ISSUE,2.0,2026-07-01 18:14:00,,,,POSTED,ISSUEC4C9B33ED0
TXNEE1FD20462,BB015,B+,Plasma,DONATION,1.0,2026-07-02 08:25:00,DONATION0281,,,POSTED,
TXND1E33DE8EC,BB015,B+,Platelets,DONATION,1.0,2026-07-02 09:54:00,DONATION0281,,,POSTED,
TXN013628BEB6,BB015,A+,Platelets,ISSUE,4.0,2026-07-02 13:32:00,,,,POSTED,ISSUEC935716752
TXN5A7FC5B2DC,BB019,O+,RBC,ISSUE,3.0,2026-07-02 15:36:00,,,,POSTED,ISSUEFB09F6DD08
TXN11E9C339BE,BB013,B-,Platelets,ISSUE,1.0,2026-07-02 17:50:00,,,,POSTED,ISSUE7A95D32F86
TXN20A3CA3EF7,BB015,B+,RBC,DONATION,1.0,2026-07-02 18:22:00,DONATION0281,,,POSTED,
TXN8AEFA644FF,BB002,O+,Plasma,DONATION,1.0,2026-07-03 08:10:00,DONATION1128,,,POSTED,
TXN4B4AABEBC1,BB015,O+,Plasma,ISSUE,2.0,2026-07-03 09:40:00,,,,POSTED,ISSUE39F485B946
TXNE7416649E6,BB016,O+,RBC,DONATION,1.0,2026-07-03 10:19:00,DONATION1495,,,POSTED,
TXNDC09910CA4,BB002,O+,Platelets,DONATION,1.0,2026-07-03 10:33:00,DONATION1128,,,POSTED,
TXNF8E12BDCD0,BB016,O+,Plasma,DONATION,1.0,2026-07-03 14:04:00,DONATION1495,,,POSTED,
TXN88C1389E05,BB004,B-,RBC,ISSUE,1.0,2026-07-03 14:08:00,,,,POSTED,ISSUE64049687F2
TXN4FF8978714,BB002,O+,RBC,DONATION,1.0,2026-07-03 17:09:00,DONATION1128,,,POSTED,
TXN57C22BC4EB,BB006,O+,Plasma,ISSUE,5.0,2026-07-03 17:24:00,,,,POSTED,ISSUEB2BC1EAF9E
TXN806CE1556A,BB016,O+,Plasma,DONATION,2.0,2026-07-04 08:09:00,DONATION0784,,,POSTED,
TXNF84E681D5A,BB015,B+,RBC,ISSUE,1.0,2026-07-04 08:21:00,,,,POSTED,ISSUEA6E98A0EE7
TXNC498CBD21E,BB001,O+,RBC,DONATION,1.0,2026-07-04 09:25:00,DONATION1330,,,POSTED,
TXNDEC7E8E47F,BB019,A+,RBC,DONATION,1.0,2026-07-04 09:53:00,DONATION0851,,,POSTED,
TXN451F160188,BB008,O+,Plasma,DONATION,1.0,2026-07-04 09:54:00,DONATION1002,,,POSTED,
TXN74E9B0B236,BB013,B+,Platelets,ISSUE,1.0,2026-07-04 11:26:00,,,,POSTED,ISSUEAD2A609F30
TXN59B19D7D60,BB011,O+,RBC,DONATION,1.0,2026-07-04 12:40:00,DONATION0702,,,POSTED,
TXN799BA6259A,BB008,O+,Platelets,DONATION,1.0,2026-07-04 13:07:00,DONATION1002,,,POSTED,
TXNFDEE7C3DAC,BB011,O+,Plasma,DONATION,1.0,2026-07-04 14:24:00,DONATION0702,,,POSTED,
TXN07E5947B9E,BB016,O+,RBC,DONATION,2.0,2026-07-04 14:31:00,DONATION0784,,,POSTED,
TXND395F5F3D0,BB019,A+,Plasma,DONATION,1.0,2026-07-04 15:50:00,DONATION0851,,,POSTED,
TXN5174648EEC,BB001,O+,Plasma,DONATION,1.0,2026-07-04 16:27:00,DONATION1330,,,POSTED,
TXNA922F31451,BB008,O+,RBC,DONATION,1.0,2026-07-04 17:28:00,DONATION1002,,,POSTED,
TXN9E7E0576FD,BB004,O+,RBC,ISSUE,1.0,2026-07-04 17:38:00,,,,POSTED,ISSUE9B8A463849
TXN1A214388FC,BB011,O+,Platelets,DONATION,1.0,2026-07-04 18:50:00,DONATION0702,,,POSTED,
TXN4F59C3F106,BB007,A+,RBC,DONATION,1.0,2026-07-05 10:50:00,DONATION1132,,,POSTED,
TXNAAA92D0A99,BB017,B-,Plasma,DONATION,1.0,2026-07-05 13:25:00,DONATION1384,,,POSTED,
TXN489D2423A6,BB017,B-,RBC,DONATION,1.0,2026-07-05 14:46:00,DONATION1384,,,POSTED,
TXN28B906641C,BB009,O+,Plasma,ISSUE,2.0,2026-07-05 15:38:00,,,,POSTED,ISSUE6E7E62ECD0
TXNCE22CA04D2,BB007,A+,Plasma,DONATION,1.0,2026-07-05 17:52:00,DONATION1132,,,POSTED,
TXNFBA530F66C,BB017,O+,Plasma,ISSUE,2.0,2026-07-06 09:09:00,,,,POSTED,ISSUE4C3B89A9A4
TXN2AF5AF76C3,BB002,AB-,Platelets,DONATION,1.0,2026-07-06 09:35:00,DONATION1369,,,POSTED,
TXNE10C2CA2E8,BB018,O+,Platelets,DONATION,3.0,2026-07-06 10:27:00,DONATION0619,,,POSTED,
TXNBC950D6D29,BB002,AB-,RBC,DONATION,1.0,2026-07-06 10:41:00,DONATION1369,,,POSTED,
TXN3C4D9C0605,BB018,O+,Plasma,DONATION,3.0,2026-07-06 12:06:00,DONATION0619,,,POSTED,
TXN7AD4391CAD,BB001,O+,RBC,DONATION,1.0,2026-07-06 13:35:00,DONATION0472,,,POSTED,
TXNC9F2D38C2A,BB001,O+,Plasma,DONATION,1.0,2026-07-06 13:48:00,DONATION0472,,,POSTED,
TXND276FF6969,BB018,O+,RBC,DONATION,3.0,2026-07-06 13:48:00,DONATION0619,,,POSTED,
TXNF5E6B1CA02,BB001,O+,Platelets,DONATION,1.0,2026-07-06 17:32:00,DONATION0472,,,POSTED,
TXNEF949826F8,BB002,AB-,Plasma,DONATION,1.0,2026-07-06 17:58:00,DONATION1369,,,POSTED,
TXN45D59E97EE,BB015,O+,RBC,ISSUE,2.0,2026-07-07 08:19:00,,,,POSTED,ISSUE213EFA5A9A
TXN63E7251C7D,BB018,O+,Plasma,ISSUE,5.0,2026-07-07 10:04:00,,,,POSTED,ISSUE6A080A51E4
TXN0BB2BE4D2C,BB009,B+,RBC,DONATION,1.0,2026-07-07 13:51:00,DONATION0755,,,POSTED,
TXN35505F36FD,BB009,B+,Plasma,DONATION,1.0,2026-07-07 14:17:00,DONATION0755,,,POSTED,
TXNB16FEA0ED8,BB007,B+,RBC,ISSUE,1.0,2026-07-07 15:27:00,,,,POSTED,ISSUE202B70D825
TXN4D179FA7AE,BB008,O+,Plasma,DONATION,1.0,2026-07-08 16:34:00,DONATION1029,,,POSTED,
TXN3B8575AC93,BB008,O+,RBC,DONATION,1.0,2026-07-08 18:11:00,DONATION1029,,,POSTED,
TXNE8504422A5,BB004,A+,RBC,DONATION,1.0,2026-07-09 09:06:00,DONATION1296,,,POSTED,
TXN0A12E1FFED,BB019,A+,RBC,DONATION,1.0,2026-07-09 10:30:00,DONATION1159,,,POSTED,
TXN3EAD9D0B52,BB004,A+,Platelets,DONATION,1.0,2026-07-09 11:33:00,DONATION1296,,,POSTED,
TXN0B0E58475F,BB004,A+,Plasma,DONATION,1.0,2026-07-09 11:34:00,DONATION1296,,,POSTED,
TXN8CE74DFA7C,BB019,A+,Platelets,DONATION,1.0,2026-07-09 12:14:00,DONATION1159,,,POSTED,
TXN0C9FF7DD31,BB019,A+,Plasma,DONATION,1.0,2026-07-09 17:27:00,DONATION1159,,,POSTED,
TXNAD882AAD49,BB019,A+,RBC,ISSUE,5.0,2026-07-10 11:46:00,,,,POSTED,ISSUE50B5DD2F81
TXN9ED81BCCB2,BB003,O-,Plasma,DONATION,2.0,2026-07-10 13:30:00,DONATION0170,,,POSTED,
TXN5F20F3D22F,BB005,A+,Platelets,DONATION,1.0,2026-07-10 13:36:00,DONATION0332,,,POSTED,
TXND3EBB2DCDF,BB005,A+,RBC,DONATION,1.0,2026-07-10 14:01:00,DONATION0332,,,POSTED,
TXNADCCD98BCD,BB005,A+,Plasma,DONATION,1.0,2026-07-10 15:58:00,DONATION0332,,,POSTED,
TXN7387BB2B0F,BB003,O-,RBC,DONATION,2.0,2026-07-10 18:37:00,DONATION0170,,,POSTED,
TXN0F4593F16A,BB012,A+,Platelets,DONATION,1.0,2026-07-11 08:11:00,DONATION1396,,,POSTED,
TXN4B220AB4DE,BB006,O+,Plasma,DONATION,1.0,2026-07-11 09:15:00,DONATION0272,,,POSTED,
TXND9DC1F738F,BB018,A+,Platelets,DONATION,1.0,2026-07-11 09:16:00,DONATION0444,,,POSTED,
TXNBDFC142FB7,BB017,B-,Plasma,ISSUE,1.0,2026-07-11 09:29:00,,,,POSTED,ISSUE242D550D68
TXN3AF26CAC14,BB018,A+,RBC,DONATION,1.0,2026-07-11 11:22:00,DONATION0444,,,POSTED,
TXN7429F59D83,BB018,AB+,RBC,DONATION,2.0,2026-07-11 12:22:00,DONATION1606,,,POSTED,
TXNC955C614C2,BB018,AB+,Plasma,DONATION,2.0,2026-07-11 14:00:00,DONATION1606,,,POSTED,
TXNBAC1D7ADBE,BB012,A+,Plasma,DONATION,1.0,2026-07-11 14:26:00,DONATION1396,,,POSTED,
TXN3A8BFBB0BF,BB008,O+,Plasma,ISSUE,4.0,2026-07-11 14:36:00,,,,POSTED,ISSUE884BFD1C72
TXNB04D81CEBE,BB011,O+,Plasma,DONATION,1.0,2026-07-11 14:53:00,DONATION1845,,,POSTED,
TXN23D266EE7C,BB011,O+,RBC,DONATION,1.0,2026-07-11 14:56:00,DONATION1845,,,POSTED,
TXN7B67260F4F,BB006,O+,RBC,DONATION,1.0,2026-07-11 15:07:00,DONATION0272,,,POSTED,
TXN3A25210F24,BB012,A+,RBC,DONATION,1.0,2026-07-11 16:08:00,DONATION1396,,,POSTED,
TXN09C370B2A8,BB018,A+,Plasma,DONATION,1.0,2026-07-11 16:57:00,DONATION0444,,,POSTED,
TXNE88ACEB1DD,BB015,O+,RBC,DONATION,1.0,2026-07-12 08:00:00,DONATION1041,,,POSTED,
TXN9F91F0E861,BB011,O+,Platelets,ISSUE,2.0,2026-07-12 09:22:00,,,,POSTED,ISSUE1E5312807D
TXN2F97C8A68E,BB018,O+,RBC,ISSUE,4.0,2026-07-12 11:28:00,,,,POSTED,ISSUE1FAD8220B0
TXNF53DFF77EB,BB015,O+,Plasma,DONATION,1.0,2026-07-12 12:12:00,DONATION1041,,,POSTED,
TXN49C624FE8E,BB001,A+,Plasma,DONATION,1.0,2026-07-12 12:19:00,DONATION0891,,,POSTED,
TXNBF09115D63,BB001,A+,RBC,DONATION,1.0,2026-07-12 13:52:00,DONATION0891,,,POSTED,
TXNBBE04DF418,BB001,A+,Platelets,DONATION,1.0,2026-07-12 15:54:00,DONATION0891,,,POSTED,
TXN574A78CFF0,BB019,A+,Platelets,ISSUE,1.0,2026-07-12 18:18:00,,,,POSTED,ISSUE0F52C63A9F
TXNEA97269AA8,BB002,O-,RBC,DONATION,1.0,2026-07-13 10:33:00,DONATION1715,,,POSTED,
TXN2256A415C1,BB013,A+,RBC,DONATION,1.0,2026-07-13 11:41:00,DONATION0020,,,POSTED,
TXNC342B1EDDB,BB002,O-,Plasma,DONATION,1.0,2026-07-13 12:23:00,DONATION1715,,,POSTED,
TXN1CB4BB6CB7,BB020,O+,RBC,DONATION,1.0,2026-07-13 12:50:00,DONATION0865,,,POSTED,
TXN53F01205E9,BB020,O+,Plasma,DONATION,1.0,2026-07-13 14:30:00,DONATION0865,,,POSTED,
TXN5F9527B617,BB013,A+,Plasma,DONATION,1.0,2026-07-13 15:25:00,DONATION0020,,,POSTED,
TXN75011FEBB2,BB011,O+,RBC,ISSUE,3.0,2026-07-13 17:19:00,,,,POSTED,ISSUE89217D1807
TXN6FF80893F9,BB020,O+,Platelets,DONATION,1.0,2026-07-13 18:16:00,DONATION0865,,,POSTED,
TXNB9C5403AEC,BB006,O+,Plasma,ISSUE,1.0,2026-07-13 18:49:00,,,,POSTED,ISSUEC19D51EE20
TXNF718A9D211,BB015,O+,Plasma,DONATION,1.0,2026-07-14 08:09:00,DONATION0830,,,POSTED,
TXN5B6E8BF800,BB001,O+,RBC,DONATION,2.0,2026-07-14 09:22:00,DONATION1073,,,POSTED,
TXN987608C93E,BB011,O+,Plasma,DONATION,1.0,2026-07-14 11:58:00,DONATION1043,,,POSTED,
TXN2630DAB0EA,BB015,O+,RBC,DONATION,1.0,2026-07-14 13:03:00,DONATION0830,,,POSTED,
TXND2697BDF39,BB011,O+,RBC,DONATION,1.0,2026-07-14 15:53:00,DONATION1043,,,POSTED,
TXN9D4688204D,BB001,O+,Plasma,DONATION,2.0,2026-07-14 16:06:00,DONATION1073,,,POSTED,
TXN4FAC477F7D,BB004,O-,RBC,DONATION,1.0,2026-07-14 17:16:00,DONATION0256,,,POSTED,
TXN726F4DF6D2,BB001,O+,Platelets,DONATION,2.0,2026-07-14 18:19:00,DONATION1073,,,POSTED,
TXNB52D0B38D6,BB004,O-,Plasma,DONATION,1.0,2026-07-14 18:48:00,DONATION0256,,,POSTED,
TXN846DF89B6D,BB009,B-,Plasma,DONATION,1.0,2026-07-15 08:05:00,DONATION1881,,,POSTED,
TXN4D43D1AFD9,BB009,AB+,Platelets,DONATION,1.0,2026-07-15 08:32:00,DONATION0896,,,POSTED,
TXND2363AF243,BB007,A+,Plasma,ISSUE,2.0,2026-07-15 11:17:00,,,,POSTED,ISSUE85AC3420D1
TXN147E961A75,BB015,O-,Plasma,DONATION,1.0,2026-07-15 11:33:00,DONATION0783,,,POSTED,
TXN7CB2B5C4F5,BB012,O+,RBC,DONATION,3.0,2026-07-15 11:36:00,DONATION0823,,,POSTED,
TXN031CC23651,BB015,O-,RBC,DONATION,1.0,2026-07-15 12:06:00,DONATION0783,,,POSTED,
TXN3AF111769A,BB009,B-,RBC,DONATION,1.0,2026-07-15 13:09:00,DONATION1881,,,POSTED,
TXN3E0C098328,BB012,O+,Plasma,DONATION,3.0,2026-07-15 14:22:00,DONATION0823,,,POSTED,
TXN60FDE8529B,BB009,AB+,RBC,DONATION,1.0,2026-07-15 15:48:00,DONATION0896,,,POSTED,
TXN668FF6238A,BB009,AB+,Plasma,DONATION,1.0,2026-07-15 16:55:00,DONATION0896,,,POSTED,
TXNF1C0F1E81C,BB009,B-,Platelets,DONATION,1.0,2026-07-15 18:30:00,DONATION1881,,,POSTED,
TXND988590ECC,BB018,AB+,Plasma,ISSUE,1.0,2026-07-16 08:58:00,,,,POSTED,ISSUE2D0846446E
TXN809C2472F6,BB005,A+,RBC,ISSUE,4.0,2026-07-16 09:30:00,,,,POSTED,ISSUEA74AB081E2
TXN3C1111821F,BB010,A+,RBC,DONATION,1.0,2026-07-16 09:41:00,DONATION1699,,,POSTED,
TXN228DC72F89,BB010,A+,Platelets,DONATION,1.0,2026-07-16 10:31:00,DONATION1699,,,POSTED,
TXN8934775777,BB001,O+,Platelets,ISSUE,2.0,2026-07-16 15:09:00,,,,POSTED,ISSUE67FCC3C755
TXN7D94782CBC,BB010,A+,Plasma,DONATION,1.0,2026-07-16 18:57:00,DONATION1699,,,POSTED,
TXNADB4CE3779,BB009,AB+,RBC,ISSUE,1.0,2026-07-17 09:05:00,,,,POSTED,ISSUE8D311FF5BF
TXNE62362B73E,BB010,A+,RBC,ISSUE,1.0,2026-07-17 09:12:00,,,,POSTED,ISSUE628D3603C9
TXNC4E335B5FA,BB007,O+,Plasma,DONATION,2.0,2026-07-17 09:52:00,DONATION0844,,,POSTED,
TXN7DA7029B9D,BB010,A+,RBC,DONATION,2.0,2026-07-17 10:06:00,DONATION1021,,,POSTED,
TXNDA4A18B028,BB004,O+,Plasma,DONATION,1.0,2026-07-17 11:48:00,DONATION1054,,,POSTED,
TXNCDF1A452B6,BB009,B+,RBC,DONATION,2.0,2026-07-17 12:00:00,DONATION1311,,,POSTED,
TXND6F024BFBB,BB009,B+,Plasma,DONATION,2.0,2026-07-17 12:14:00,DONATION1311,,,POSTED,
TXN3151D2406B,BB009,B+,Platelets,DONATION,2.0,2026-07-17 13:01:00,DONATION1311,,,POSTED,
TXNBE2AF8C191,BB004,O+,RBC,DONATION,1.0,2026-07-17 13:18:00,DONATION1054,,,POSTED,
TXNCA43718FFD,BB012,O+,Plasma,ISSUE,3.0,2026-07-17 14:00:00,,,,POSTED,ISSUE8ABEB18C6D
TXN84E9F09774,BB010,A+,Plasma,DONATION,2.0,2026-07-17 14:42:00,DONATION1021,,,POSTED,
TXN4D88770576,BB001,A+,Platelets,ISSUE,1.0,2026-07-17 17:12:00,,,,POSTED,ISSUE358971E393
TXN01C822B5DD,BB007,O+,RBC,DONATION,2.0,2026-07-17 18:56:00,DONATION0844,,,POSTED,
TXN3F6F4E2EA8,BB013,B-,RBC,DONATION,2.0,2026-07-18 10:11:00,DONATION1046,,,POSTED,
TXN5D98A43F37,BB011,O+,RBC,ISSUE,1.0,2026-07-18 10:45:00,,,,POSTED,ISSUEC0216049A5
TXN55FD41E9B0,BB013,B-,Platelets,DONATION,2.0,2026-07-18 14:17:00,DONATION1046,,,POSTED,
TXN9C1645BF39,BB013,B-,Plasma,DONATION,2.0,2026-07-18 16:07:00,DONATION1046,,,POSTED,
TXNB1A117A228,BB017,AB+,RBC,DONATION,1.0,2026-07-19 09:33:00,DONATION0230,,,POSTED,
TXNDE4C3829A1,BB004,A+,RBC,DONATION,1.0,2026-07-19 09:55:00,DONATION1322,,,POSTED,
TXNE295286E94,BB004,A+,Plasma,DONATION,1.0,2026-07-19 11:47:00,DONATION1322,,,POSTED,
TXNF6D4B31F73,BB005,A+,Platelets,ISSUE,2.0,2026-07-19 11:54:00,,,,POSTED,ISSUEAE0D643B6F
TXNC81501814A,BB009,O-,Plasma,DONATION,1.0,2026-07-19 12:27:00,DONATION1639,,,POSTED,
TXN090FE5C6A2,BB019,O-,Plasma,DONATION,2.0,2026-07-19 13:45:00,DONATION0697,,,POSTED,
TXNF6832EF642,BB012,A+,Platelets,ISSUE,2.0,2026-07-19 14:01:00,,,,POSTED,ISSUE1E10C5175F
TXN8DA6F9ACC8,BB017,AB+,Plasma,DONATION,1.0,2026-07-19 15:00:00,DONATION0230,,,POSTED,
TXN87FCABF51F,BB009,O-,RBC,DONATION,1.0,2026-07-19 16:02:00,DONATION1639,,,POSTED,
TXNEBE49452FE,BB019,O-,RBC,DONATION,2.0,2026-07-19 16:10:00,DONATION0697,,,POSTED,
TXN218A3986B4,BB019,O-,Platelets,DONATION,2.0,2026-07-19 17:17:00,DONATION0697,,,POSTED,
TXN7378AA0DB9,BB016,O+,Platelets,DONATION,1.0,2026-07-20 09:14:00,DONATION0720,,,POSTED,
TXN48FFF5C062,BB016,O+,RBC,DONATION,1.0,2026-07-20 09:55:00,DONATION0720,,,POSTED,
TXN38C724DB1A,BB016,O+,Plasma,DONATION,1.0,2026-07-20 14:44:00,DONATION0720,,,POSTED,
TXN9AEF2D33D4,BB009,O-,RBC,ISSUE,1.0,2026-07-20 16:18:00,,,,POSTED,ISSUE3A1444D637
TXNAC24BB0A99,BB015,O+,Plasma,ISSUE,2.0,2026-07-21 08:43:00,,,,POSTED,ISSUECE95962A69
TXNEB08ABF6A2,BB004,O+,Plasma,DONATION,1.0,2026-07-21 12:18:00,DONATION1709,,,POSTED,
TXN7878F264C5,BB004,O+,RBC,DONATION,1.0,2026-07-21 13:03:00,DONATION1709,,,POSTED,
TXNDA7507ECBC,BB013,B-,RBC,ISSUE,1.0,2026-07-21 16:24:00,,,,POSTED,ISSUE6B1ED3098C
TXN105C227FC7,BB018,A+,RBC,DONATION,3.0,2026-07-22 08:46:00,DONATION0296,,,POSTED,
TXN5809E027F8,BB003,O+,RBC,DONATION,2.0,2026-07-22 10:52:00,DONATION0673,,,POSTED,
TXNF2693D04B4,BB013,A+,RBC,ISSUE,7.0,2026-07-22 15:26:00,,,,POSTED,ISSUE09E2C57A5A
TXNECD0D95E8F,BB018,A+,Platelets,DONATION,3.0,2026-07-22 18:01:00,DONATION0296,,,POSTED,
TXN4056089980,BB019,O-,Platelets,ISSUE,1.0,2026-07-22 18:28:00,,,,POSTED,ISSUE8ECF0D09E5
TXN0AB3E2F3E4,BB018,A+,Plasma,DONATION,3.0,2026-07-22 18:33:00,DONATION0296,,,POSTED,
TXN42642753BE,BB003,O+,Plasma,DONATION,2.0,2026-07-22 18:45:00,DONATION0673,,,POSTED,
TXNC058683F76,BB015,B-,Plasma,DONATION,1.0,2026-07-23 10:46:00,DONATION0553,,,POSTED,
TXNFE038AC6D1,BB015,B-,RBC,DONATION,1.0,2026-07-23 14:33:00,DONATION0553,,,POSTED,
TXN0FE0CCF3EA,BB003,B+,Platelets,DONATION,1.0,2026-07-23 14:58:00,DONATION0698,,,POSTED,
TXN32BE0F68DE,BB003,B+,RBC,DONATION,1.0,2026-07-23 16:57:00,DONATION0698,,,POSTED,
TXN0DCFCFFA66,BB003,B+,Plasma,DONATION,1.0,2026-07-23 18:52:00,DONATION0698,,,POSTED,
TXN509F9A32E1,BB003,O+,Plasma,DONATION,1.0,2026-07-24 08:11:00,DONATION1068,,,POSTED,
TXN233F1BC4A7,BB020,O+,Platelets,DONATION,1.0,2026-07-24 08:18:00,DONATION1308,,,POSTED,
TXNEDC5280C73,BB003,O+,RBC,DONATION,1.0,2026-07-24 09:04:00,DONATION1068,,,POSTED,
TXN23B4335DCE,BB006,O+,Platelets,DONATION,2.0,2026-07-24 10:16:00,DONATION0262,,,POSTED,
TXN2360FB71C0,BB016,O+,RBC,ISSUE,2.0,2026-07-24 12:53:00,,,,POSTED,ISSUEFC52E88E1D
TXN689C0C5EF1,BB020,O+,RBC,DONATION,1.0,2026-07-24 13:28:00,DONATION1308,,,POSTED,
TXN5A910AC608,BB006,O+,RBC,DONATION,2.0,2026-07-24 13:33:00,DONATION0262,,,POSTED,
TXN548625723E,BB020,O+,Plasma,DONATION,1.0,2026-07-24 15:25:00,DONATION1308,,,POSTED,
TXNC2F07DF275,BB006,O+,Plasma,DONATION,2.0,2026-07-24 16:58:00,DONATION0262,,,POSTED,
TXND69F5AA8A8,BB018,A+,Plasma,ISSUE,2.0,2026-07-25 08:38:00,,,,POSTED,ISSUEE56D32F89E
TXN31D56DB95E,BB018,O-,Plasma,DONATION,2.0,2026-07-25 09:02:00,DONATION1588,,,POSTED,
TXN24C6A1A33D,BB018,O-,RBC,DONATION,2.0,2026-07-25 11:59:00,DONATION1588,,,POSTED,
TXN062D8866AC,BB010,A+,Platelets,ISSUE,1.0,2026-07-25 12:12:00,,,,POSTED,ISSUEFCF1EF12F6
TXNA2CCC58E89,BB010,A+,Plasma,ISSUE,2.0,2026-07-25 12:16:00,,,,POSTED,ISSUEEEF23B84EE
TXN96699E25BA,BB001,A+,RBC,DONATION,1.0,2026-07-25 12:36:00,DONATION0187,,,POSTED,
TXN80CE15C636,BB020,O+,Plasma,ISSUE,1.0,2026-07-25 12:56:00,,,,POSTED,ISSUE6EF9D44917
TXN7279AE5C4A,BB006,O+,Platelets,ISSUE,2.0,2026-07-25 16:38:00,,,,POSTED,ISSUE69A5A04976
TXNB81FE2026E,BB001,A+,Plasma,DONATION,1.0,2026-07-25 17:03:00,DONATION0187,,,POSTED,
TXND076B5342B,BB017,A-,Platelets,DONATION,1.0,2026-07-26 08:43:00,DONATION1326,,,POSTED,
TXNF6B39BC028,BB017,A-,RBC,DONATION,1.0,2026-07-26 10:20:00,DONATION1326,,,POSTED,
TXN12AACDE421,BB020,AB+,Plasma,DONATION,2.0,2026-07-26 12:36:00,DONATION2000,,,POSTED,
TXNC983D10F55,BB020,AB+,Platelets,DONATION,2.0,2026-07-26 13:50:00,DONATION2000,,,POSTED,
TXN6A215EB064,BB009,B+,RBC,ISSUE,1.0,2026-07-26 14:41:00,,,,POSTED,ISSUEDFE773217B
TXNC373BFBA2F,BB020,AB+,RBC,DONATION,2.0,2026-07-26 15:36:00,DONATION2000,,,POSTED,
TXND854EC2538,BB001,A+,RBC,ISSUE,3.0,2026-07-26 16:30:00,,,,POSTED,ISSUEF633EEDAA2
TXN8EE61E0606,BB017,A-,Plasma,DONATION,1.0,2026-07-26 16:44:00,DONATION1326,,,POSTED,
TXND5C7E16F7E,BB009,A+,RBC,DONATION,2.0,2026-07-27 11:37:00,DONATION1681,,,POSTED,
TXNF5C656646B,BB014,O+,RBC,DONATION,1.0,2026-07-27 11:38:00,DONATION1559,,,POSTED,
TXN7233DE41A8,BB010,B+,Plasma,DONATION,1.0,2026-07-27 12:36:00,DONATION1153,,,POSTED,
TXNCCEECA6EFD,BB018,A+,RBC,DONATION,2.0,2026-07-27 13:57:00,DONATION1572,,,POSTED,
TXNBD9DBF79C5,BB018,A+,Plasma,DONATION,2.0,2026-07-27 14:36:00,DONATION1572,,,POSTED,
TXN51318B0CA5,BB010,B+,Platelets,DONATION,1.0,2026-07-27 14:47:00,DONATION1153,,,POSTED,
TXNBE005FB049,BB010,B+,RBC,DONATION,1.0,2026-07-27 15:16:00,DONATION1153,,,POSTED,
TXN3D6C35A11E,BB018,A+,Platelets,DONATION,2.0,2026-07-27 15:30:00,DONATION1572,,,POSTED,
TXNB633AEBC17,BB003,O+,RBC,ISSUE,3.0,2026-07-27 15:39:00,,,,POSTED,ISSUEB0B982154F
TXNCA01D6D459,BB009,A+,Plasma,DONATION,2.0,2026-07-27 16:14:00,DONATION1681,,,POSTED,
TXN5481F297B4,BB020,O+,Plasma,DONATION,1.0,2026-07-27 17:30:00,DONATION0481,,,POSTED,
TXN2CA012D674,BB020,O+,RBC,DONATION,1.0,2026-07-27 18:01:00,DONATION0481,,,POSTED,
TXN1C2CBB7FF5,BB014,O+,Plasma,DONATION,1.0,2026-07-27 18:07:00,DONATION1559,,,POSTED,
TXNE18EE35D92,BB020,O+,Platelets,DONATION,1.0,2026-07-27 18:50:00,DONATION0481,,,POSTED,
TXN9F71BBDC49,BB008,A+,Plasma,DONATION,2.0,2026-07-28 08:13:00,DONATION0327,,,POSTED,
TXNAB81627E82,BB008,A+,Platelets,DONATION,2.0,2026-07-28 11:49:00,DONATION0327,,,POSTED,
TXN9BEDB9F4C6,BB009,O-,Plasma,ISSUE,1.0,2026-07-28 12:26:00,,,,POSTED,ISSUEA4D2713C87
TXND8C5CB7EF9,BB017,AB+,RBC,ISSUE,2.0,2026-07-28 14:37:00,,,,POSTED,ISSUE79A5202BE9
TXN664ED33490,BB008,A+,RBC,DONATION,2.0,2026-07-28 17:03:00,DONATION0327,,,POSTED,
TXN84FEFB5BCF,BB015,O+,Plasma,DONATION,1.0,2026-07-29 09:19:00,DONATION1920,,,POSTED,
TXN21A5C1C208,BB018,A+,RBC,TRANSFER_OUT,4.0,2026-07-29 10:05:00,,TRFC84F7B51BD,BB012,POSTED,
TXN0D76086177,BB012,A+,RBC,TRANSFER_IN,4.0,2026-07-29 10:37:00,,TRFC84F7B51BD,,POSTED,
TXN682F32E405,BB017,B+,Plasma,DONATION,1.0,2026-07-29 12:46:00,DONATION1529,,,POSTED,
TXNE76AC9E7F5,BB019,A+,Plasma,TRANSFER_OUT,2.0,2026-07-29 13:36:00,,TRFE5668A1968,BB012,POSTED,
TXN4CB2AC7023,BB020,AB+,Plasma,ISSUE,1.0,2026-07-29 15:20:00,,,,POSTED,ISSUE4B961F8769
TXN067E68A518,BB012,A+,Plasma,TRANSFER_IN,2.0,2026-07-29 15:44:00,,TRFE5668A1968,,POSTED,
TXNC58A238283,BB015,O+,RBC,DONATION,1.0,2026-07-29 16:12:00,DONATION1920,,,POSTED,
TXN95A1FE8E2D,BB005,B-,Plasma,DONATION,2.0,2026-07-29 16:53:00,DONATION0477,,,POSTED,
TXN44492FA98E,BB005,B-,RBC,DONATION,2.0,2026-07-29 17:21:00,DONATION0477,,,POSTED,
TXND73BCF3F79,BB017,B+,RBC,DONATION,1.0,2026-07-29 17:47:00,DONATION1529,,,POSTED,
TXN2895DD5824,BB008,O+,Platelets,DONATION,1.0,2026-07-30 09:40:00,DONATION0709,,,POSTED,
TXN4001D27C04,BB003,O+,RBC,ISSUE,2.0,2026-07-30 10:04:00,,,,POSTED,ISSUEE11FD793C6
TXNBE42B617B3,BB004,B+,RBC,DONATION,1.0,2026-07-30 10:49:00,DONATION0899,,,POSTED,
TXNBA326205C8,BB018,O+,Platelets,DONATION,1.0,2026-07-30 11:35:00,DONATION1669,,,POSTED,
TXNF8C76AA410,BB008,A+,Platelets,ISSUE,2.0,2026-07-30 12:09:00,,,,POSTED,ISSUE75A312ED4F
TXNB0B51FE498,BB003,O+,Plasma,ISSUE,2.0,2026-07-30 13:11:00,,,,POSTED,ISSUE22B5CAE55D
TXNDA457BA22B,BB008,O+,RBC,DONATION,1.0,2026-07-30 13:57:00,DONATION0709,,,POSTED,
TXN1D4A1EF11F,BB005,A+,RBC,TRANSFER_IN,3.0,2026-07-30 14:32:00,,TRFAE99C94A18,,POSTED,
TXN74381DEEFE,BB018,O+,Plasma,DONATION,1.0,2026-07-30 15:16:00,DONATION1669,,,POSTED,
TXN6ED3F39CEB,BB004,B+,Plasma,DONATION,1.0,2026-07-30 16:56:00,DONATION0899,,,POSTED,
TXNE3AB20B734,BB020,A+,RBC,TRANSFER_OUT,3.0,2026-07-30 16:58:00,,TRFAE99C94A18,BB005,POSTED,
TXNFDA105E420,BB015,O+,RBC,ISSUE,1.0,2026-07-30 16:58:00,,,,POSTED,ISSUE6C1D486A25
TXN1080DBF59C,BB018,O+,RBC,DONATION,1.0,2026-07-30 17:08:00,DONATION1669,,,POSTED,
TXNDE7A740F23,BB008,O+,Plasma,DONATION,1.0,2026-07-30 18:48:00,DONATION0709,,,POSTED,
TXN4B86043805,BB017,A+,Plasma,DONATION,2.0,2026-07-31 08:18:00,DONATION1686,,,POSTED,
TXN6AED173BF6,BB005,A+,Plasma,TRANSFER_OUT,2.0,2026-07-31 09:33:00,,TRFBEF6C265E1,BB003,POSTED,
TXNB568ABE3ED,BB010,B+,Platelets,ISSUE,1.0,2026-07-31 10:53:00,,,,POSTED,ISSUE3DFC4CCB47
TXN95BC8D05F8,BB017,A+,Platelets,DONATION,2.0,2026-07-31 12:28:00,DONATION1686,,,POSTED,
TXN8482076401,BB017,A+,RBC,DONATION,2.0,2026-07-31 14:23:00,DONATION1686,,,POSTED,
TXNE1D4B8D243,BB009,A+,Plasma,ISSUE,1.0,2026-07-31 17:00:00,,,,POSTED,ISSUE0E59AC8D55
TXNFBE65DD393,BB003,A+,Plasma,TRANSFER_IN,2.0,2026-07-31 17:58:00,,TRFBEF6C265E1,,POSTED,
TXNC816CE41C9,BB020,O+,RBC,DONATION,3.0,2026-08-01 08:00:00,DONATION1239,,,POSTED,
TXN43F1C57004,BB001,A+,Plasma,ISSUE,2.0,2026-08-01 09:59:00,,,,POSTED,ISSUEBCFC46310D
TXND7C941632D,BB009,A+,Platelets,DONATION,2.0,2026-08-01 10:31:00,DONATION1268,,,POSTED,
TXNEA75CAD652,BB007,B+,Platelets,DONATION,1.0,2026-08-01 11:36:00,DONATION0224,,,POSTED,
TXN4CFC3C39A0,BB017,B+,RBC,ISSUE,1.0,2026-08-01 12:16:00,,,,POSTED,ISSUE457BB4631C
TXNE3B2F1217F,BB009,A+,Plasma,DONATION,2.0,2026-08-01 13:49:00,DONATION1268,,,POSTED,
TXN286BDB2114,BB007,B+,Plasma,DONATION,1.0,2026-08-01 13:55:00,DONATION0224,,,POSTED,
TXN35A5DE3607,BB007,B+,RBC,DONATION,1.0,2026-08-01 15:59:00,DONATION0224,,,POSTED,
TXN081023C56F,BB020,O+,Plasma,DONATION,3.0,2026-08-01 16:52:00,DONATION1239,,,POSTED,
TXN63DF747338,BB009,A+,RBC,DONATION,2.0,2026-08-01 17:09:00,DONATION1268,,,POSTED,
TXNADF0ACA910,BB005,B-,RBC,ISSUE,1.0,2026-08-02 08:03:00,,,,POSTED,ISSUEBB12F63BE1
TXND4A34879DC,BB003,B+,Platelets,ISSUE,1.0,2026-08-02 09:53:00,,,,POSTED,ISSUED6D1F38D5B
TXNA8F341AA45,BB017,A-,RBC,ISSUE,1.0,2026-08-02 10:28:00,,,,POSTED,ISSUED73058EBE3
TXND2A96D3811,BB015,O+,Plasma,ISSUE,1.0,2026-08-02 11:15:00,,,,POSTED,ISSUE725530E29A
TXN5DD83C1964,BB018,A+,Platelets,ISSUE,3.0,2026-08-02 11:22:00,,,,POSTED,ISSUEE7C6FB7F29
TXNA537E512F3,BB017,A+,Plasma,DONATION,1.0,2026-08-02 12:57:00,DONATION0606,,,POSTED,
TXN7BD0C4D16D,BB006,A+,RBC,TRANSFER_OUT,2.0,2026-08-02 13:48:00,,TRF5AD137BB5E,BB016,POSTED,
TXN8CA0B56F28,BB009,A+,Plasma,ISSUE,3.0,2026-08-02 16:18:00,,,,POSTED,ISSUEC7E60A6A26
TXNC9859FF48E,BB016,A+,RBC,TRANSFER_IN,2.0,2026-08-02 17:35:00,,TRF5AD137BB5E,,POSTED,
TXN9531D0978F,BB018,A+,RBC,ISSUE,1.0,2026-08-02 18:51:00,,,,POSTED,ISSUE029AC005BA
TXN5E11469C9E,BB017,A+,RBC,DONATION,1.0,2026-08-02 18:59:00,DONATION0606,,,POSTED,
TXN270BADF487,BB006,B+,RBC,DONATION,1.0,2026-08-03 08:14:00,DONATION1254,,,POSTED,
TXN292E202A8E,BB013,A+,RBC,DONATION,2.0,2026-08-03 08:47:00,DONATION1724,,,POSTED,
TXN14A6F64E57,BB006,B+,Plasma,DONATION,1.0,2026-08-03 09:09:00,DONATION1254,,,POSTED,
TXN3472186B0E,BB013,A+,Plasma,DONATION,2.0,2026-08-03 09:14:00,DONATION1724,,,POSTED,
TXN4B77BAC12D,BB020,O+,RBC,DONATION,1.0,2026-08-03 09:26:00,DONATION1719,,,POSTED,
TXNE403757236,BB013,A+,Platelets,DONATION,2.0,2026-08-03 10:44:00,DONATION1724,,,POSTED,
TXN87B22E737E,BB020,O+,RBC,DONATION,1.0,2026-08-03 10:51:00,DONATION1959,,,POSTED,
TXN3131381620,BB020,O+,Platelets,DONATION,1.0,2026-08-03 10:59:00,DONATION1719,,,POSTED,
TXNF258543A80,BB020,O+,Plasma,DONATION,1.0,2026-08-03 11:10:00,DONATION0016,,,POSTED,
TXN77DEB38FB5,BB006,B+,Platelets,DONATION,1.0,2026-08-03 11:21:00,DONATION1254,,,POSTED,
TXN499623A81A,BB001,O+,RBC,DONATION,1.0,2026-08-03 11:45:00,DONATION1474,,,POSTED,
TXNED597EC1E1,BB013,O+,RBC,DONATION,1.0,2026-08-03 12:18:00,DONATION0952,,,POSTED,
TXN9DD8A7C7FE,BB020,O+,Platelets,DONATION,1.0,2026-08-03 12:59:00,DONATION0016,,,POSTED,
TXN4525A71DAC,BB002,A+,RBC,TRANSFER_IN,8.0,2026-08-03 13:15:00,,TRF1091F0D524,,POSTED,
TXN42DC6A465B,BB020,O+,Plasma,DONATION,1.0,2026-08-03 14:26:00,DONATION1959,,,POSTED,
TXNE3FCEEEC2F,BB013,O+,Plasma,DONATION,1.0,2026-08-03 15:46:00,DONATION0952,,,POSTED,
TXNCE1332DF28,BB020,O+,Plasma,DONATION,1.0,2026-08-03 15:58:00,DONATION1719,,,POSTED,
TXN265E9EAA0F,BB020,O+,RBC,DONATION,1.0,2026-08-03 16:46:00,DONATION0016,,,POSTED,
TXN64053F251F,BB011,A+,RBC,TRANSFER_OUT,8.0,2026-08-03 18:02:00,,TRF1091F0D524,BB002,POSTED,
TXN231E48F3E1,BB001,O+,Plasma,DONATION,1.0,2026-08-03 18:51:00,DONATION1474,,,POSTED,
TXN29E9E92E53,BB002,B-,RBC,DONATION,1.0,2026-08-04 13:29:00,DONATION1441,,,POSTED,
TXN31B4D22492,BB005,B-,Platelets,DONATION,1.0,2026-08-04 13:54:00,DONATION0233,,,POSTED,
TXN69971FB3B9,BB005,B-,Plasma,DONATION,1.0,2026-08-04 14:41:00,DONATION0233,,,POSTED,
TXN16978FCAC7,BB011,A+,RBC,TRANSFER_IN,1.0,2026-08-04 14:48:00,,TRFAFF78B4FA0,,POSTED,
TXN1E5374B913,BB002,B-,Plasma,DONATION,1.0,2026-08-04 14:59:00,DONATION1441,,,POSTED,
TXN298FBAE72C,BB002,A+,RBC,TRANSFER_OUT,1.0,2026-08-04 15:29:00,,TRFAFF78B4FA0,BB011,POSTED,
TXN7AF2EEA2FE,BB005,B-,RBC,DONATION,1.0,2026-08-04 17:44:00,DONATION0233,,,POSTED,
TXN36BB4441C0,BB008,O+,RBC,ISSUE,6.0,2026-08-04 18:30:00,,,,POSTED,ISSUE9EE0D9A8D1
TXNA76DAC2DC9,BB007,B+,Plasma,ISSUE,4.0,2026-08-05 12:47:00,,,,POSTED,ISSUE8061160381
TXNFC1262CAFC,BB015,A+,RBC,DONATION,1.0,2026-08-05 13:19:00,DONATION0363,,,POSTED,
TXNA10BEB8E76,BB001,A+,Plasma,TRANSFER_IN,3.0,2026-08-05 14:06:00,,TRFDE4B9F403B,,POSTED,
TXN074EAE0B4A,BB020,O+,Plasma,ISSUE,1.0,2026-08-05 14:28:00,,,,POSTED,ISSUE902F82CAA7
TXN9298D298D4,BB002,A+,Plasma,TRANSFER_OUT,3.0,2026-08-05 17:06:00,,TRFDE4B9F403B,BB001,POSTED,
TXNDB0EBEF79F,BB015,A+,Plasma,DONATION,1.0,2026-08-05 18:44:00,DONATION0363,,,POSTED,
TXN586ED1D411,BB017,O+,RBC,DONATION,1.0,2026-08-06 10:03:00,DONATION1195,,,POSTED,
TXNEEFBE44E00,BB013,A+,Plasma,TRANSFER_OUT,9.0,2026-08-06 11:30:00,,TRFAAFCED1500,BB002,POSTED,
TXN8516A30E5D,BB017,O+,Platelets,DONATION,1.0,2026-08-06 16:02:00,DONATION1195,,,POSTED,
TXNC4543EB4BC,BB002,A+,Plasma,TRANSFER_IN,9.0,2026-08-06 16:48:00,,TRFAAFCED1500,,POSTED,
TXN6CDED75481,BB017,O+,Plasma,DONATION,1.0,2026-08-06 16:51:00,DONATION1195,,,POSTED,
TXNC63A2332CB,BB004,A+,RBC,TRANSFER_IN,5.0,2026-08-07 08:14:00,,TRF5CBAAADE2A,,POSTED,
TXN6152349793,BB009,A+,RBC,TRANSFER_OUT,5.0,2026-08-07 10:25:00,,TRF5CBAAADE2A,BB004,POSTED,
TXNF0EB42499E,BB010,O+,Plasma,DONATION,1.0,2026-08-07 10:35:00,DONATION1693,,,POSTED,
TXNDFD109D260,BB013,A+,Platelets,DONATION,2.0,2026-08-07 11:25:00,DONATION0326,,,POSTED,
TXN3A4D90A150,BB020,O+,RBC,ISSUE,1.0,2026-08-07 12:13:00,,,,POSTED,ISSUE48B791674E
TXNA866FE47E7,BB010,O+,RBC,DONATION,1.0,2026-08-07 12:26:00,DONATION1693,,,POSTED,
TXN7205CDBA12,BB004,A+,RBC,TRANSFER_IN,4.0,2026-08-07 13:55:00,,TRFB77C6E0332,,POSTED,
TXN51C8298CDE,BB013,A+,Plasma,DONATION,2.0,2026-08-07 16:42:00,DONATION0326,,,POSTED,
TXND968EADAB3,BB013,A+,RBC,DONATION,2.0,2026-08-07 17:31:00,DONATION0326,,,POSTED,
TXNFA09DA0525,BB005,A+,RBC,TRANSFER_OUT,4.0,2026-08-07 17:44:00,,TRFB77C6E0332,BB004,POSTED,
TXNF257912DF3,BB010,O+,Platelets,DONATION,1.0,2026-08-07 17:48:00,DONATION1693,,,POSTED,
TXNADB4851259,BB017,A+,Plasma,ISSUE,3.0,2026-08-08 09:41:00,,,,POSTED,ISSUE1BC2B93436
TXNADF699EF2B,BB020,O+,Platelets,ISSUE,2.0,2026-08-08 13:19:00,,,,POSTED,ISSUE11FEBD120A
TXN18D72BFC56,BB005,B-,Plasma,ISSUE,1.0,2026-08-08 14:40:00,,,,POSTED,ISSUE086ED350F5
TXN428D0020AC,BB008,O+,Plasma,DONATION,1.0,2026-08-08 16:01:00,DONATION0911,,,POSTED,
TXN61C9260537,BB008,O+,RBC,DONATION,1.0,2026-08-08 18:26:00,DONATION0911,,,POSTED,
TXN83DAF88A47,BB013,A+,RBC,ISSUE,3.0,2026-08-09 08:38:00,,,,POSTED,ISSUE594B8DF32D
TXN23E41A42E6,BB008,O+,Platelets,ISSUE,1.0,2026-08-09 09:37:00,,,,POSTED,ISSUE1BBE5DF591
TXN3D361D76FB,BB006,B+,Platelets,ISSUE,1.0,2026-08-09 10:54:00,,,,POSTED,ISSUEA06AF266A8
TXN54BCC08733,BB001,O+,RBC,ISSUE,2.0,2026-08-09 10:58:00,,,,POSTED,ISSUE6DDA37A3AB
TXNFCDF42A52F,BB007,B+,RBC,ISSUE,4.0,2026-08-09 14:50:00,,,,POSTED,ISSUEFF3F697697
TXNAA4AC3A4A6,BB005,B-,Plasma,ISSUE,1.0,2026-08-09 17:04:00,,,,POSTED,ISSUE73EAD7DCAB
TXNE9B090FF2C,BB005,A+,RBC,TRANSFER_IN,3.0,2026-08-10 12:08:00,,TRFA6A225439B,,POSTED,
TXN245E44CE17,BB013,A+,RBC,ISSUE,1.0,2026-08-10 12:10:00,,,,POSTED,ISSUE6BC442288C
TXN5C19056360,BB008,A+,Plasma,TRANSFER_IN,4.0,2026-08-10 13:35:00,,TRFDEAA093149,,POSTED,
TXNE03604AD76,BB019,A+,RBC,TRANSFER_OUT,3.0,2026-08-10 14:20:00,,TRFA6A225439B,BB005,POSTED,
TXNE80A5EEB07,BB017,O+,Platelets,ISSUE,2.0,2026-08-10 15:01:00,,,,POSTED,ISSUEDEEB7C0BE1
TXNF7D520CFF4,BB015,A+,Plasma,TRANSFER_OUT,4.0,2026-08-10 16:23:00,,TRFDEAA093149,BB008,POSTED,
TXN6018260978,BB010,A+,RBC,TRANSFER_OUT,3.0,2026-08-11 08:56:00,,TRF03C21C3D30,BB014,POSTED,
TXN63F6C01658,BB001,A+,RBC,TRANSFER_OUT,4.0,2026-08-11 09:16:00,,TRFB89951016F,BB007,POSTED,
TXNC3A733D19D,BB004,A+,RBC,TRANSFER_OUT,9.0,2026-08-11 09:41:00,,TRF1CA837AECB,BB013,POSTED,
TXN291594EA02,BB004,A+,RBC,TRANSFER_IN,4.0,2026-08-11 10:14:00,,TRF5A581805AC,,POSTED,
TXNFC80CF5003,BB014,A+,RBC,TRANSFER_IN,3.0,2026-08-11 10:29:00,,TRF03C21C3D30,,POSTED,
TXN85DC0B9636,BB009,A+,RBC,ISSUE,4.0,2026-08-11 11:29:00,,,,POSTED,ISSUEFC0A2A9CF6
TXN04A92B0755,BB012,A+,RBC,TRANSFER_OUT,5.0,2026-08-11 11:45:00,,TRF24B66A9E7B,BB015,POSTED,
TXNA37E63C61F,BB007,A+,RBC,TRANSFER_IN,4.0,2026-08-11 15:29:00,,TRFB89951016F,,POSTED,
TXNAF3EB1F024,BB015,A+,RBC,TRANSFER_IN,5.0,2026-08-11 16:00:00,,TRF24B66A9E7B,,POSTED,
TXN864D31D58C,BB017,O+,RBC,ISSUE,3.0,2026-08-11 17:45:00,,,,POSTED,ISSUED2CDADFB71
TXN4FA08EC1EC,BB013,A+,RBC,TRANSFER_IN,9.0,2026-08-11 17:46:00,,TRF1CA837AECB,,POSTED,
TXN7233E4AC28,BB003,A+,RBC,TRANSFER_OUT,4.0,2026-08-11 18:36:00,,TRF5A581805AC,BB004,POSTED,
TXN60D01CEBE1,BB010,A+,RBC,TRANSFER_IN,3.0,2026-08-12 08:18:00,,TRF1A19D20C0B,,POSTED,
TXND93814D8A9,BB017,A+,RBC,TRANSFER_OUT,2.0,2026-08-12 08:58:00,,TRF5C25860B50,BB005,POSTED,
TXN8C914887E6,BB016,A+,RBC,TRANSFER_OUT,2.0,2026-08-12 09:05:00,,TRF12A77CA7CD,BB011,POSTED,
TXN1B1EB9AEC7,BB018,AB-,Platelets,ADJUSTMENT,3.0,2026-08-12 10:45:00,,,,POSTED,
TXNECBBA39CAB,BB014,O-,Platelets,ADJUSTMENT,1.0,2026-08-12 12:56:00,,,,POSTED,
TXNAB04376EB9,BB002,O-,RBC,ADJUSTMENT,2.0,2026-08-12 13:24:00,,,,POSTED,
TXNFE956932B0,BB011,A+,RBC,TRANSFER_IN,2.0,2026-08-12 14:25:00,,TRF12A77CA7CD,,POSTED,
TXNC0512C5D0A,BB005,A+,RBC,TRANSFER_IN,2.0,2026-08-12 15:07:00,,TRF5C25860B50,,POSTED,
TXN14AE252596,BB007,A+,RBC,TRANSFER_OUT,3.0,2026-08-12 17:59:00,,TRF1A19D20C0B,BB010,POSTED,
TXN553B2B8DB6,BB010,O+,RBC,ISSUE,2.0,2026-08-13 08:27:00,,,,POSTED,ISSUE9E2DBAF3D9
TXN4760D6FC92,BB011,A+,RBC,TRANSFER_IN,4.0,2026-08-13 08:36:00,,TRF5ED664BDA5,,POSTED,
TXN070A212E9C,BB014,A+,RBC,TRANSFER_OUT,4.0,2026-08-13 09:00:00,,TRF5ED664BDA5,BB011,POSTED,
TXN84A8B73330,BB007,A-,RBC,ADJUSTMENT,2.0,2026-08-13 09:54:00,,,,POSTED,
TXND0F1E8545C,BB018,A+,RBC,TRANSFER_IN,2.0,2026-08-13 12:11:00,,TRFFC5942C58A,,POSTED,
TXN8EE3524E9E,BB008,A+,Plasma,TRANSFER_OUT,2.0,2026-08-13 14:35:00,,TRF9308131D8E,BB001,POSTED,
TXNC3E70D770A,BB008,A+,RBC,TRANSFER_OUT,2.0,2026-08-13 15:34:00,,TRFFC5942C58A,BB018,POSTED,
TXN70B0B07729,BB001,A+,Plasma,TRANSFER_IN,2.0,2026-08-13 16:02:00,,TRF9308131D8E,,POSTED,
TXN190408CAEB,BB017,AB-,Plasma,ADJUSTMENT,2.0,2026-08-13 16:12:00,,,,POSTED,
TXN0F4A07E150,BB006,B+,RBC,ISSUE,1.0,2026-08-13 17:03:00,,,,POSTED,ISSUED90BA87C52
TXN82D3983524,BB012,B+,Platelets,ADJUSTMENT,-2.0,2026-08-13 17:29:00,,,,POSTED,
TXN91076746B8,BB012,AB+,RBC,ADJUSTMENT,3.0,2026-08-14 12:42:00,,,,POSTED,
TXN6C16DB3E99,BB013,O-,Plasma,ADJUSTMENT,1.0,2026-08-14 14:06:00,,,,POSTED,
TXN00809FA763,BB016,AB+,Platelets,ADJUSTMENT,-1.0,2026-08-14 14:26:00,,,,POSTED,
TXN8E30296137,BB013,O+,Plasma,ADJUSTMENT,1.0,2026-08-15 08:51:00,,,,POSTED,
TXNAA19BF599B,BB006,B-,RBC,ADJUSTMENT,-2.0,2026-08-15 11:47:00,,,,POSTED,
TXN64F6B89269,BB010,AB+,Plasma,ADJUSTMENT,-1.0,2026-08-15 11:56:00,,,,POSTED,
TXNC91233D2CE,BB015,A+,RBC,TRANSFER_OUT,4.0,2026-08-16 11:10:00,,TRF0A39BFC718,BB003,POSTED,
TXN74926341DF,BB011,O-,Plasma,ADJUSTMENT,1.0,2026-08-16 17:59:00,,,,POSTED,
TXNA8BC0EEA44,BB003,A+,RBC,TRANSFER_IN,4.0,2026-08-16 18:22:00,,TRF0A39BFC718,,POSTED,
TXN6D5DE6F6E3,BB018,B-,Platelets,ADJUSTMENT,3.0,2026-08-17 08:18:00,,,,POSTED,
TXNE88A3F5E25,BB003,AB+,Platelets,ADJUSTMENT,1.0,2026-08-17 10:00:00,,,,POSTED,
TXND40BF6240C,BB019,O-,Platelets,ADJUSTMENT,1.0,2026-08-17 13:42:00,,,,POSTED,
